# Blender 4.5.3 LTS
# www.blender.org
mtllib SpaceShip.mtl
o SpaceShip_SpaceCollectors
v 0.000000 1.942549 -2.878938
v -1.098767 1.773335 -2.778187
v -0.647513 1.922436 -2.851952
v 0.000000 0.571842 5.072486
v -0.267386 0.571842 4.925437
v -0.463126 0.571842 4.523692
v 0.000000 1.297859 1.894290
v -0.554070 1.229461 1.446516
v -0.959333 1.032363 0.649079
v -1.097588 1.362771 0.100284
v -1.228807 1.362771 -0.448510
v -1.250196 1.347902 -2.776781
v 0.000000 1.869331 -0.997304
v -1.045206 1.869331 -0.454841
v -0.709452 1.869331 -0.850255
v 0.000000 0.499113 5.072486
v -0.267386 0.499113 4.925437
v -0.463126 0.499113 4.523692
v -1.228807 0.763498 -0.448510
v -1.270311 0.772956 -2.775122
v -1.097588 0.763498 0.100284
v -0.950539 0.499113 0.649079
v 0.000000 -0.716155 -2.870121
v -0.887373 -0.693981 -2.357347
v -0.507704 -0.714942 -2.737074
v 0.000000 0.426384 5.072486
v -0.267386 0.426384 4.925437
v -0.463126 0.426384 4.523692
v 0.000000 -0.299633 1.894290
v -0.553977 -0.231156 1.446918
v -0.926040 -0.022171 0.776930
v -1.097284 0.163896 0.101552
v -1.228807 0.164226 -0.448510
v -1.250196 0.198010 -2.773463
v 0.000000 -0.674262 -0.843845
v -1.118255 -0.265181 0.163425
v -0.886648 -0.696423 -1.361871
v -0.491698 -0.688698 -0.971221
v 0.000000 2.081375 -4.969396
v -0.504330 1.981058 -4.969396
v -0.826746 1.590244 -5.034929
v -1.217560 1.267828 -4.969396
v -1.317877 0.763498 -4.969396
v 0.000000 -0.554379 -4.969396
v -0.504330 -0.454061 -4.969396
v -0.826746 -0.063248 -5.034929
v -1.217560 0.259169 -4.969396
v 0.000000 2.273240 -4.337490
v -0.557862 2.162289 -4.335670
v -1.030795 1.846328 -4.330488
v -1.346799 1.373459 -4.322731
v -1.457764 0.815672 -4.313581
v 0.000000 -0.641897 -4.289673
v -0.557862 -0.530946 -4.291493
v -1.030795 -0.214985 -4.296677
v -1.346799 0.257884 -4.304433
v 0.000000 1.927882 -5.028091
v -0.446880 1.841182 -5.031567
v -0.931880 1.695378 -4.969396
v -1.074032 1.209486 -5.026609
v -1.158285 0.763498 -5.017659
v 0.000000 -0.400885 -5.028091
v -0.446879 -0.314185 -5.031567
v -0.931880 -0.168381 -4.969396
v -1.074032 0.317510 -5.026609
v 0.000000 1.905940 -1.711655
v -0.678482 1.895884 -1.711655
v -1.096918 1.785743 -1.711655
v -1.239501 1.355336 -1.711655
v -1.249559 0.768227 -1.711655
v -1.018935 -0.685692 -1.866929
v -1.239501 0.181118 -1.711655
v 0.000000 -0.483984 -0.662807
v -0.594649 -0.519677 -0.699627
v -1.207908 -0.404518 -0.490344
v 0.000000 -0.641897 -2.870270
v -0.647513 -0.641897 -2.843944
v -1.098767 -0.442227 -2.772058
v -1.163787 -0.404518 -1.711655
v 0.000000 -0.874492 -2.952758
v -0.549489 -0.874492 -0.919014
v 0.000000 -0.874492 -0.770695
v -0.542049 -0.874492 -2.808735
v -1.091285 -0.874492 -1.866022
v -0.947262 -0.874492 -1.319931
v -0.942966 -0.874492 -2.410963
v -0.581092 -0.346731 -0.035257
v -0.567535 -0.288943 0.705831
v 0.000000 -0.334595 0.998738
v 0.000000 -0.369556 0.103186
v 0.000000 1.809357 -2.893633
v -1.005144 1.677521 -2.781420
v -0.617449 1.792210 -2.861604
v 0.000000 1.166940 1.865719
v -0.483264 1.118636 1.420822
v -0.828653 1.020945 0.621718
v -0.967798 1.352505 0.068584
v -1.097738 1.340037 -0.464637
v -1.120040 1.316365 -2.781362
v 0.000000 1.735438 -1.002663
v -0.933371 1.796048 -0.463714
v -0.695562 1.736053 -0.849947
v -1.095828 0.763500 -0.465024
v -1.136499 0.773040 -2.782214
v -0.967550 0.763629 0.067944
v -0.819081 0.499799 0.623111
v 0.000000 -0.284054 -2.636039
v -0.655575 -0.284054 -2.265754
v -0.379635 -0.284054 -2.536080
v 0.000000 -0.167536 1.871789
v -0.499900 -0.109879 1.428932
v -0.811780 0.041676 0.748221
v -0.966950 0.161294 0.070529
v -1.095586 0.167072 -0.462654
v -1.118418 0.222260 -2.775094
v 0.000000 -0.284054 -1.093800
v -1.018166 -0.184166 0.126348
v -0.663975 -0.284054 -1.471976
v -0.410940 -0.284054 -1.208510
v 0.000000 1.979655 -4.882167
v -0.464896 1.886483 -4.883044
v -1.121822 1.229494 -4.883834
v -1.214435 0.764451 -4.884221
v 0.000000 -0.445647 -4.891080
v -0.463100 -0.353266 -4.891315
v -1.119972 0.300150 -4.887218
v 0.000000 2.139413 -4.330685
v -0.514718 2.035821 -4.325655
v -0.937968 1.750822 -4.315736
v -1.221302 1.328061 -4.310661
v -1.323990 0.815041 -4.305836
v 0.000000 -0.508371 -4.278411
v -0.512528 -0.405695 -4.276899
v -0.932847 -0.124842 -4.281299
v -1.219807 0.299561 -4.294830
v -0.858248 1.622842 -4.884114
v -0.855701 -0.091438 -4.890449
v 0.000000 1.772015 -1.716147
v -0.662647 1.762831 -1.713192
v -1.006339 1.686994 -1.711380
v -1.107559 1.331986 -1.713051
v -1.115571 0.768229 -1.713466
v -0.767761 -0.284054 -1.861565
v -1.105882 0.191209 -1.711298
v 0.000000 -0.284054 -0.851056
v -0.590427 -0.278756 -0.822411
v -1.111781 -0.314098 -0.513580
v 0.000000 -0.281411 -2.854105
v -0.610491 -0.286698 -2.827533
v -0.996373 -0.284054 -2.761608
v -1.047422 -0.284054 -1.709945
v 0.000000 -0.967520 -2.856312
v -0.500804 -0.967114 -1.002721
v 0.000000 -0.967085 -0.867559
v -0.494092 -0.967492 -2.725025
v -0.994625 -0.967297 -1.865599
v -0.863254 -0.967189 -1.367951
v -0.859557 -0.967407 -2.362324
v -0.569831 -0.214192 -0.051463
v -0.531945 -0.160717 0.690105
v 0.000000 -0.200817 0.991025
v 0.000000 -0.235774 0.095541
v 1.098767 1.773335 -2.778187
v 0.647513 1.922436 -2.851952
v 0.267386 0.571842 4.925437
v 0.463126 0.571842 4.523692
v 0.554070 1.229461 1.446516
v 0.959333 1.032363 0.649079
v 1.097588 1.362771 0.100284
v 1.228807 1.362771 -0.448510
v 1.250196 1.347902 -2.776781
v 1.045206 1.869331 -0.454841
v 0.709452 1.869331 -0.850255
v 0.267386 0.499113 4.925437
v 0.463126 0.499113 4.523692
v 1.228807 0.763498 -0.448510
v 1.270311 0.772956 -2.775122
v 1.097588 0.763498 0.100284
v 0.950539 0.499113 0.649079
v 0.887373 -0.693981 -2.357347
v 0.507704 -0.714942 -2.737074
v 0.267386 0.426384 4.925437
v 0.463126 0.426384 4.523692
v 0.553977 -0.231156 1.446918
v 0.926040 -0.022171 0.776930
v 1.097284 0.163896 0.101552
v 1.228807 0.164226 -0.448510
v 1.250196 0.198010 -2.773463
v 1.118255 -0.265181 0.163425
v 0.886648 -0.696423 -1.361871
v 0.491698 -0.688698 -0.971221
v 0.504330 1.981058 -4.969396
v 0.826746 1.590244 -5.034929
v 1.217560 1.267828 -4.969396
v 1.317877 0.763498 -4.969396
v 0.504330 -0.454061 -4.969396
v 0.826746 -0.063248 -5.034929
v 1.217560 0.259169 -4.969396
v 0.557862 2.162289 -4.335670
v 1.030795 1.846328 -4.330488
v 1.346799 1.373459 -4.322731
v 1.457764 0.815672 -4.313581
v 0.557862 -0.530946 -4.291493
v 1.030795 -0.214985 -4.296677
v 1.346799 0.257884 -4.304433
v 0.446880 1.841182 -5.031567
v 0.931880 1.695378 -4.969396
v 1.074032 1.209486 -5.026609
v 1.158285 0.763498 -5.017659
v 0.446879 -0.314185 -5.031567
v 0.931880 -0.168381 -4.969396
v 1.074032 0.317510 -5.026609
v 0.678482 1.895884 -1.711655
v 1.096918 1.785743 -1.711655
v 1.239501 1.355336 -1.711655
v 1.249559 0.768227 -1.711655
v 1.018935 -0.685692 -1.866929
v 1.239501 0.181118 -1.711655
v 0.594649 -0.519677 -0.699627
v 1.207908 -0.404518 -0.490344
v 0.647513 -0.641897 -2.843944
v 1.098767 -0.442227 -2.772058
v 1.163787 -0.404518 -1.711655
v 0.549489 -0.874492 -0.919014
v 0.542049 -0.874492 -2.808735
v 1.091285 -0.874492 -1.866022
v 0.947262 -0.874492 -1.319931
v 0.942966 -0.874492 -2.410963
v 0.581092 -0.346731 -0.035257
v 0.567535 -0.288943 0.705831
v 1.005144 1.677521 -2.781420
v 0.617449 1.792210 -2.861604
v 0.483264 1.118636 1.420822
v 0.828653 1.020945 0.621718
v 0.967798 1.352505 0.068584
v 1.097738 1.340037 -0.464637
v 1.120040 1.316365 -2.781362
v 0.933371 1.796048 -0.463714
v 0.695562 1.736053 -0.849947
v 1.095828 0.763500 -0.465024
v 1.136499 0.773040 -2.782214
v 0.967550 0.763629 0.067944
v 0.819081 0.499799 0.623111
v 0.655575 -0.284054 -2.265754
v 0.379635 -0.284054 -2.536080
v 0.499900 -0.109879 1.428932
v 0.811780 0.041676 0.748221
v 0.966950 0.161294 0.070529
v 1.095586 0.167072 -0.462654
v 1.118418 0.222260 -2.775094
v 1.018166 -0.184166 0.126348
v 0.663975 -0.284054 -1.471976
v 0.410940 -0.284054 -1.208510
v 0.464896 1.886483 -4.883044
v 1.121822 1.229494 -4.883834
v 1.214435 0.764451 -4.884221
v 0.463100 -0.353266 -4.891315
v 1.119972 0.300150 -4.887218
v 0.514718 2.035821 -4.325655
v 0.937968 1.750822 -4.315736
v 1.221302 1.328061 -4.310661
v 1.323990 0.815041 -4.305836
v 0.512528 -0.405695 -4.276899
v 0.932847 -0.124842 -4.281299
v 1.219807 0.299561 -4.294830
v 0.858248 1.622842 -4.884114
v 0.855701 -0.091438 -4.890449
v 0.662647 1.762831 -1.713192
v 1.006339 1.686994 -1.711380
v 1.107559 1.331986 -1.713051
v 1.115571 0.768229 -1.713466
v 0.767761 -0.284054 -1.861565
v 1.105882 0.191209 -1.711298
v 0.590427 -0.278756 -0.822411
v 1.111781 -0.314098 -0.513580
v 0.610491 -0.286698 -2.827533
v 0.996373 -0.284054 -2.761608
v 1.047422 -0.284054 -1.709945
v 0.500804 -0.967114 -1.002721
v 0.494092 -0.967492 -2.725025
v 0.994625 -0.967297 -1.865599
v 0.863254 -0.967189 -1.367951
v 0.859557 -0.967407 -2.362324
v 0.569831 -0.214192 -0.051463
v 0.531945 -0.160717 0.690105
v -7.259347 0.089701 0.196247
v -7.259348 0.906901 0.196247
v -0.693890 0.278314 0.601879
v -0.693890 0.688998 0.601879
v -7.259348 0.089701 1.325045
v -7.259347 0.255699 1.491371
v -7.259348 0.740880 1.491371
v -7.259347 0.906900 1.325045
v -0.693890 0.444311 2.542772
v -0.693890 0.278314 2.376445
v -0.693890 0.688998 2.376445
v -0.693890 0.522978 2.542772
v -1.682657 0.249908 0.540790
v -1.682657 0.721814 0.540790
v -1.682657 0.249908 1.669588
v -1.682657 0.415906 1.835914
v -1.682657 0.721814 1.669588
v -1.682657 0.555794 1.835914
v -1.188273 0.705406 0.571334
v -1.157884 0.264111 1.882467
v -1.157884 0.539386 2.048793
v -1.188273 0.264111 0.571334
v -1.157884 0.430109 2.048793
v -1.157884 0.705406 1.882467
v 7.259348 0.089701 0.196247
v 7.259348 0.906901 0.196247
v 0.693890 0.278314 0.601879
v 0.693890 0.688998 0.601879
v 7.259348 0.089701 1.325045
v 7.259348 0.255699 1.491371
v 7.259348 0.740880 1.491371
v 7.259348 0.906900 1.325045
v 0.693890 0.444311 2.542772
v 0.693890 0.278314 2.376445
v 0.693890 0.688998 2.376445
v 0.693890 0.522978 2.542772
v 1.682657 0.249908 0.540790
v 1.682657 0.721814 0.540790
v 1.682657 0.249908 1.669588
v 1.682657 0.415906 1.835914
v 1.682657 0.721814 1.669588
v 1.682657 0.555794 1.835914
v 1.188273 0.705406 0.571334
v 1.157884 0.264111 1.882467
v 1.157884 0.539386 2.048793
v 1.188273 0.264111 0.571334
v 1.157884 0.430109 2.048793
v 1.157884 0.705406 1.882467
v -7.130871 1.029239 -0.747551
v -7.522776 0.826710 2.903210
v -7.421934 1.029239 -0.747551
v -7.421934 0.993217 1.416459
v -7.130871 0.995495 1.259508
v -7.233366 0.602846 5.142946
v -7.344260 0.602846 5.142946
v -7.231713 0.494647 2.903210
v -7.522776 0.494647 2.903210
v -7.231713 0.494647 -0.747551
v -7.522776 0.494647 -0.747551
v -7.231713 0.494647 1.442460
v -7.522776 0.494647 1.685407
v -7.233366 0.494647 5.254052
v -7.344260 0.494647 5.254052
v -7.231713 0.826710 2.903210
v -6.693397 0.494647 2.004084
v -6.693397 0.814621 2.004084
v -5.519624 0.775687 1.571386
v -5.519624 0.494647 1.597387
v -7.130871 -0.039944 -0.747551
v -7.522776 0.162585 2.903210
v -7.421934 -0.039944 -0.747551
v -7.421934 -0.003923 1.416459
v -7.130871 -0.006201 1.259508
v -7.233366 0.386449 5.142946
v -7.344260 0.386449 5.142946
v -7.231713 0.162585 2.903210
v -6.693397 0.174674 2.004084
v -5.519624 0.213608 1.571386
v 7.130871 1.029239 -0.747551
v 7.522776 0.826710 2.903210
v 7.421934 1.029239 -0.747551
v 7.421934 0.993217 1.416459
v 7.130871 0.995495 1.259508
v 7.233366 0.602846 5.142946
v 7.344260 0.602846 5.142946
v 7.231713 0.494647 2.903210
v 7.522776 0.494647 2.903210
v 7.231713 0.494647 -0.747551
v 7.522776 0.494647 -0.747551
v 7.231713 0.494647 1.442460
v 7.522776 0.494647 1.685407
v 7.233366 0.494647 5.254052
v 7.344260 0.494647 5.254052
v 7.231713 0.826710 2.903210
v 6.693396 0.494647 2.004084
v 6.693396 0.814621 2.004084
v 5.519624 0.775687 1.571386
v 5.519624 0.494647 1.597387
v 7.130871 -0.039944 -0.747551
v 7.522776 0.162585 2.903210
v 7.421934 -0.039944 -0.747551
v 7.421934 -0.003923 1.416459
v 7.130871 -0.006201 1.259508
v 7.233366 0.386449 5.142946
v 7.344260 0.386449 5.142946
v 7.231713 0.162585 2.903210
v 6.693396 0.174674 2.004084
v 5.519624 0.213608 1.571386
v -6.833693 2.073223 1.924658
v -6.833693 2.328526 -0.377569
v -6.908840 2.073223 1.924658
v -6.908840 2.328526 -0.377569
v -7.114207 1.369881 -0.510306
v -7.362204 1.369881 -0.510306
v -6.833693 2.423760 0.769234
v -6.908840 2.423760 0.769234
v -7.362204 1.277594 1.431451
v -7.114207 1.234643 1.431451
v -7.362204 1.046120 2.613832
v -7.114207 1.046120 2.613832
v -6.833693 -1.083928 1.924658
v -6.833693 -1.339231 -0.377569
v -6.908840 -1.083928 1.924658
v -6.908840 -1.339231 -0.377569
v -7.114207 -0.380586 -0.510306
v -7.362204 -0.380586 -0.510306
v -6.833693 -1.434466 0.769234
v -6.908840 -1.434466 0.769234
v -7.362204 -0.288299 1.431451
v -7.114207 -0.245348 1.431451
v -7.362204 -0.056825 2.613832
v -7.114207 -0.056825 2.613832
v 6.833693 2.073223 1.924658
v 6.833693 2.328526 -0.377569
v 6.908840 2.073223 1.924658
v 6.908840 2.328526 -0.377569
v 7.114207 1.369881 -0.510306
v 7.362204 1.369881 -0.510306
v 6.833693 2.423760 0.769234
v 6.908840 2.423760 0.769234
v 7.362204 1.277594 1.431451
v 7.114207 1.234643 1.431451
v 7.362204 1.046120 2.613832
v 7.114207 1.046120 2.613832
v 6.833693 -1.083928 1.924658
v 6.833693 -1.339231 -0.377569
v 6.908840 -1.083928 1.924658
v 6.908840 -1.339231 -0.377569
v 7.114207 -0.380586 -0.510306
v 7.362204 -0.380586 -0.510306
v 6.833693 -1.434466 0.769234
v 6.908840 -1.434466 0.769234
v 7.362204 -0.288299 1.431451
v 7.114207 -0.245348 1.431451
v 7.362204 -0.056825 2.613832
v 7.114207 -0.056825 2.613832
v -7.220542 -0.439863 0.620350
v -7.220542 1.394786 0.620350
v -7.139489 -0.439863 0.667146
v -7.139489 1.394786 0.667146
v -7.139489 -0.439863 0.760738
v -7.139489 1.394786 0.760738
v -7.220542 -0.439863 0.807535
v -7.220542 1.394786 0.807535
v -7.301595 -0.439863 0.760738
v -7.301595 1.394786 0.760738
v -7.301595 -0.439863 0.667146
v -7.301595 1.394786 0.667146
v -7.327954 0.477461 0.565441
v -7.199348 0.477461 0.639692
v -7.199348 0.477461 0.788193
v -7.327954 0.477461 0.862444
v -7.456560 0.477461 0.788193
v -7.456560 0.477461 0.639692
v 0.000000 -1.119070 -3.767195
v -0.000000 -1.119070 0.694865
v 0.000000 -3.130423 -3.767195
v -0.000000 -3.130423 0.694865
v -0.591122 -2.938355 -3.767195
v -0.591122 -2.938356 0.694865
v -0.956455 -2.435517 -3.767195
v -0.956455 -2.435518 0.694865
v -0.956455 -1.813975 -3.767195
v -0.956455 -1.813975 0.694865
v -0.591122 -1.311137 -3.767195
v -0.591122 -1.311137 0.694865
v 0.000000 -0.934111 -3.767195
v -0.000000 -0.934111 0.694865
v 0.000000 -3.315382 -3.767195
v -0.000000 -3.315382 0.694865
v -0.699838 -3.087991 -3.767195
v -0.699838 -3.087991 0.694865
v -1.132362 -2.492673 -3.767195
v -1.132362 -2.492673 0.694865
v -1.132362 -1.756819 -3.767195
v -1.132362 -1.756820 0.694865
v -0.699838 -1.161502 -3.767195
v -0.699838 -1.161502 0.694865
v 0.000000 -1.119070 -3.913389
v -0.000000 -1.119070 0.841059
v 0.000000 -3.130423 -3.913389
v -0.000000 -3.130423 0.841059
v -0.591122 -2.938355 -3.913389
v -0.591122 -2.938356 0.841059
v -0.956455 -2.435517 -3.913389
v -0.956455 -2.435518 0.841059
v -0.956455 -1.813975 -3.913389
v -0.956455 -1.813975 0.841059
v -0.591122 -1.311137 -3.913389
v -0.591122 -1.311137 0.841059
v -0.794167 -3.217824 -0.895447
v -0.794167 -3.217824 -2.846304
v -1.284989 -2.542265 -0.895447
v -1.284989 -2.542265 -2.846304
v -1.284989 -1.707228 -0.895447
v -1.284989 -1.707228 -2.846304
v -0.000000 -0.773628 -2.846304
v -0.000000 -0.773629 -0.895446
v -0.794167 -1.031669 -0.895447
v -0.794167 -1.031669 -2.846304
v -0.000000 -0.934111 -0.793076
v -0.000000 -0.934111 -2.948675
v 0.000000 -3.315382 -2.948675
v 0.000000 -3.315382 -0.793076
v -0.699838 -3.087991 -2.948675
v -0.699838 -3.087991 -0.793076
v -1.132362 -2.492673 -2.948675
v -1.132362 -2.492673 -0.793076
v -1.132362 -1.756820 -2.948675
v -1.132362 -1.756820 -0.793076
v -0.699838 -1.161502 -2.948675
v -0.699838 -1.161502 -0.793076
v 0.000000 -3.475864 -2.846304
v 0.000000 -3.475864 -0.895447
v -0.000000 -0.967520 -2.856312
v -0.500804 -0.967114 -1.002721
v -0.000000 -0.967085 -0.867560
v -0.494092 -0.967491 -2.725025
v -0.994625 -0.967297 -1.865599
v -0.863254 -0.967189 -1.367952
v -0.859557 -0.967407 -2.362324
v 0.000000 -1.560711 -2.856312
v -0.500804 -1.560305 -1.002721
v -0.000000 -1.560276 -0.867560
v -0.494092 -1.560682 -2.725025
v -0.994625 -1.560488 -1.865599
v -0.863254 -1.560380 -1.367951
v -0.859557 -1.560598 -2.362324
v 0.591122 -2.938355 -3.767195
v 0.591122 -2.938356 0.694865
v 0.956455 -2.435517 -3.767195
v 0.956455 -2.435518 0.694865
v 0.956455 -1.813975 -3.767195
v 0.956455 -1.813975 0.694865
v 0.591122 -1.311137 -3.767195
v 0.591122 -1.311137 0.694865
v 0.699838 -3.087991 -3.767195
v 0.699838 -3.087991 0.694865
v 1.132362 -2.492673 -3.767195
v 1.132362 -2.492673 0.694865
v 1.132362 -1.756819 -3.767195
v 1.132362 -1.756820 0.694865
v 0.699838 -1.161502 -3.767195
v 0.699838 -1.161502 0.694865
v 0.591122 -2.938355 -3.913389
v 0.591122 -2.938356 0.841059
v 0.956455 -2.435517 -3.913389
v 0.956455 -2.435518 0.841059
v 0.956455 -1.813975 -3.913389
v 0.956455 -1.813975 0.841059
v 0.591122 -1.311137 -3.913389
v 0.591122 -1.311137 0.841059
v 0.794167 -3.217824 -0.895447
v 0.794167 -3.217824 -2.846304
v 1.284989 -2.542265 -0.895447
v 1.284989 -2.542265 -2.846304
v 1.284989 -1.707228 -0.895447
v 1.284989 -1.707228 -2.846304
v 0.794167 -1.031669 -0.895447
v 0.794167 -1.031669 -2.846304
v 0.699838 -3.087991 -2.948675
v 0.699838 -3.087991 -0.793076
v 1.132362 -2.492673 -2.948675
v 1.132362 -2.492673 -0.793076
v 1.132362 -1.756820 -2.948675
v 1.132362 -1.756820 -0.793076
v 0.699838 -1.161502 -2.948675
v 0.699838 -1.161502 -0.793076
v 0.500804 -0.967114 -1.002721
v 0.494092 -0.967491 -2.725025
v 0.994625 -0.967297 -1.865599
v 0.863254 -0.967189 -1.367952
v 0.859557 -0.967407 -2.362324
v 0.500804 -1.560305 -1.002721
v 0.494092 -1.560682 -2.725025
v 0.994625 -1.560488 -1.865599
v 0.863254 -1.560380 -1.367951
v 0.859557 -1.560598 -2.362324
v 0.657103 2.345139 -5.038651
v 0.000000 2.475771 -5.039139
v -0.657103 2.345139 -5.038651
v 1.716350 0.758358 -5.038176
v 1.584743 1.418271 -5.038848
v -1.584743 1.418271 -5.038848
v -1.716350 0.758358 -5.038176
v 0.657420 -0.828292 -5.027122
v 0.000000 -0.959059 -5.026665
v -0.657420 -0.828292 -5.027122
v 1.585723 0.099571 -5.032849
v -1.585723 0.099571 -5.032849
v 0.627489 2.299748 -4.311810
v 0.000000 2.424401 -4.314186
v 1.158818 1.945336 -4.305520
v -0.627489 2.299748 -4.311810
v -1.158818 1.945336 -4.305520
v 1.640038 0.785750 -4.576554
v 1.513274 1.416462 -4.376915
v -1.513274 1.416462 -4.376915
v -1.640038 0.785750 -4.576554
v 0.628558 -0.732134 -4.254045
v 0.000000 -0.857231 -4.251667
v 1.160554 -0.376584 -4.261055
v -0.628558 -0.732134 -4.254045
v -1.160554 -0.376584 -4.261055
v 1.515000 0.153642 -4.352043
v -1.515000 0.153642 -4.352043
v 1.213660 1.973471 -5.037847
v -1.213660 1.973471 -5.037847
v 1.214398 -0.456164 -5.028735
v -1.214398 -0.456164 -5.028735
v 0.678782 2.424223 -4.351694
v 0.000000 2.558773 -4.354931
v 1.255086 2.040666 -4.342469
v -0.678782 2.424223 -4.351694
v -1.255086 2.040666 -4.342469
v 1.778566 0.785842 -4.601118
v 1.641442 1.465608 -4.379805
v -1.641442 1.465608 -4.379805
v -1.778566 0.785842 -4.601118
v 0.682101 -0.860566 -4.272866
v 0.000000 -0.996491 -4.269622
v 1.259782 -0.473687 -4.282112
v -0.682101 -0.860566 -4.272866
v -1.259782 -0.473687 -4.282112
v 1.644765 0.104696 -4.348052
v -1.644765 0.104696 -4.348052
v 0.717201 2.488241 -5.084597
v 0.000000 2.630673 -5.086109
v 1.325610 2.082413 -5.080299
v -0.717201 2.488241 -5.084597
v -1.325610 2.082413 -5.080299
v 1.876026 0.756930 -5.066430
v 1.732643 1.474545 -5.073904
v -1.732643 1.474545 -5.073904
v -1.876026 0.756930 -5.066430
v 0.718185 -0.976748 -5.048786
v 0.000000 -1.119597 -5.047362
v 1.326990 -0.569928 -5.052868
v -0.718185 -0.976748 -5.048786
v -1.326990 -0.569928 -5.052868
v 1.733610 0.038916 -5.059047
v -1.733610 0.038916 -5.059047
v 1.921071 0.787700 -4.691872
v 1.312330 0.787700 -4.750460
v 1.921071 0.918825 -4.637558
v 1.312330 0.960253 -4.678987
v 1.921071 0.973138 -4.506433
v 1.312330 1.031727 -4.506433
v 1.921071 0.918825 -4.375309
v 1.312330 0.960253 -4.333881
v 1.921071 0.787700 -4.320995
v 1.312330 0.787700 -4.262407
v 1.921071 0.656576 -4.375309
v 1.312330 0.615148 -4.333881
v 1.921071 0.602262 -4.506433
v 1.312330 0.543674 -4.506433
v 1.921071 0.656576 -4.637558
v 1.312330 0.615148 -4.678987
v 1.921071 0.787700 -4.750460
v 1.921071 0.960253 -4.678987
v 1.921071 1.031727 -4.506433
v 1.921071 0.960253 -4.333881
v 1.921071 0.787700 -4.262407
v 1.921071 0.615148 -4.333881
v 1.921071 0.543674 -4.506433
v 1.921071 0.615148 -4.678987
v 1.995761 0.787700 -4.691872
v 1.995761 0.918825 -4.637558
v 1.995761 0.973138 -4.506433
v 1.995760 0.918825 -4.375309
v 1.995760 0.787700 -4.320995
v 1.995760 0.656576 -4.375309
v 1.995760 0.602262 -4.506433
v 1.995760 0.656576 -4.637558
v -1.921071 0.787700 -4.691872
v -1.312330 0.787700 -4.750461
v -1.921071 0.918825 -4.637559
v -1.312330 0.960253 -4.678987
v -1.921071 0.973138 -4.506434
v -1.312330 1.031727 -4.506434
v -1.921071 0.918825 -4.375310
v -1.312330 0.960253 -4.333881
v -1.921071 0.787700 -4.320996
v -1.312330 0.787700 -4.262408
v -1.921071 0.656576 -4.375310
v -1.312330 0.615148 -4.333881
v -1.921071 0.602262 -4.506434
v -1.312330 0.543674 -4.506434
v -1.921071 0.656576 -4.637559
v -1.312330 0.615148 -4.678987
v -1.921071 0.787700 -4.750461
v -1.921072 0.960253 -4.678987
v -1.921071 1.031727 -4.506434
v -1.921071 0.960253 -4.333881
v -1.921071 0.787700 -4.262407
v -1.921071 0.615148 -4.333881
v -1.921071 0.543674 -4.506434
v -1.921071 0.615148 -4.678987
v -1.995760 0.787700 -4.691872
v -1.995761 0.918825 -4.637559
v -1.995760 0.973138 -4.506434
v -1.995760 0.918825 -4.375310
v -1.995760 0.787700 -4.320996
v -1.995760 0.656576 -4.375310
v -1.995760 0.602262 -4.506434
v -1.995760 0.656576 -4.637559
v -3.636860 1.983894 -3.073270
v -3.389345 2.668625 -3.073270
v -1.255120 1.279541 -3.442582
v -1.115508 1.665766 -3.442582
v -3.642060 1.985773 -1.944485
v -3.586394 2.142161 -1.778161
v -3.451748 2.514649 -1.778161
v -3.394543 2.670505 -1.944485
v -1.207628 1.438883 -1.501711
v -1.263293 1.282495 -1.668036
v -1.123681 1.668720 -1.668036
v -1.180886 1.512864 -1.501711
v -2.194363 1.588853 -3.508512
v -2.033938 2.032654 -3.508512
v -2.199562 1.590732 -2.379728
v -2.143897 1.747121 -2.213403
v -2.039137 2.034533 -2.379728
v -2.096342 1.878677 -2.213403
v -1.574723 1.849210 -3.475547
v -1.702201 1.426049 -2.164281
v -1.609388 1.685206 -1.997957
v -1.724742 1.434197 -3.475547
v -1.646536 1.582437 -1.997957
v -1.552183 1.841062 -2.164281
v 3.636861 1.983894 -3.073270
v 3.389345 2.668625 -3.073270
v 1.255120 1.279541 -3.442581
v 1.115508 1.665766 -3.442581
v 3.642060 1.985773 -1.944485
v 3.586395 2.142161 -1.778161
v 3.451749 2.514649 -1.778160
v 3.394543 2.670505 -1.944485
v 1.207628 1.438883 -1.501711
v 1.263294 1.282495 -1.668036
v 1.123681 1.668720 -1.668036
v 1.180886 1.512864 -1.501711
v 2.194363 1.588853 -3.508512
v 2.033938 2.032654 -3.508512
v 2.199562 1.590732 -2.379728
v 2.143897 1.747121 -2.213403
v 2.039137 2.034533 -2.379727
v 2.096342 1.878677 -2.213403
v 1.574723 1.849210 -3.475547
v 1.702202 1.426049 -2.164281
v 1.609388 1.685206 -1.997956
v 1.724741 1.434197 -3.475547
v 1.646536 1.582437 -1.997956
v 1.552183 1.841062 -2.164281
v -4.150270 3.172978 -3.028933
v -4.150270 3.172978 -1.527932
v -3.807026 3.061451 -3.028933
v -3.807026 3.061451 -1.527932
v -3.594889 2.769470 -3.028933
v -3.594889 2.769470 -1.527932
v -3.594889 2.408561 -3.028933
v -3.594889 2.408561 -1.527932
v -3.807026 2.116580 -3.028933
v -3.807026 2.116580 -1.527932
v -4.150270 2.005053 -3.028933
v -4.150270 2.005053 -1.527932
v -4.493515 2.116580 -3.028933
v -4.493515 2.116580 -1.527932
v -4.705652 2.408561 -3.028933
v -4.705652 2.408561 -1.527932
v -4.705652 2.769470 -3.028933
v -4.705652 2.769470 -1.527932
v -4.493515 3.061451 -3.028933
v -4.493515 3.061451 -1.527932
v -4.150270 3.410345 -3.300504
v -3.667505 3.253485 -3.300504
v -3.667505 3.253485 -1.256361
v -4.150270 3.410345 -1.256361
v -3.369140 2.842820 -3.300504
v -3.369140 2.842820 -1.256361
v -3.369140 2.335211 -3.300504
v -3.369140 2.335211 -1.256361
v -3.667505 1.924546 -3.300504
v -3.667505 1.924546 -1.256361
v -4.150270 1.767686 -3.300504
v -4.150270 1.767686 -1.256361
v -4.633036 1.924546 -3.300504
v -4.633036 1.924546 -1.256361
v -4.931401 2.335211 -3.300504
v -4.931401 2.335211 -1.256361
v -4.931401 2.842820 -3.300504
v -4.931401 2.842820 -1.256361
v -4.633036 3.253485 -3.300504
v -4.633036 3.253485 -1.256361
v 4.150270 3.172978 -3.028933
v 4.150270 3.172978 -1.527932
v 3.807026 3.061451 -3.028933
v 3.807026 3.061451 -1.527932
v 3.594889 2.769470 -3.028933
v 3.594889 2.769470 -1.527932
v 3.594889 2.408561 -3.028933
v 3.594889 2.408561 -1.527932
v 3.807026 2.116580 -3.028933
v 3.807026 2.116580 -1.527932
v 4.150270 2.005053 -3.028933
v 4.150270 2.005053 -1.527932
v 4.493515 2.116580 -3.028933
v 4.493515 2.116580 -1.527932
v 4.705652 2.408561 -3.028933
v 4.705652 2.408561 -1.527932
v 4.705652 2.769470 -3.028933
v 4.705652 2.769470 -1.527932
v 4.493515 3.061451 -3.028933
v 4.493515 3.061451 -1.527932
v 4.150270 3.410345 -3.300504
v 3.667505 3.253485 -3.300504
v 3.667505 3.253485 -1.256361
v 4.150270 3.410345 -1.256361
v 3.369140 2.842820 -3.300504
v 3.369140 2.842820 -1.256361
v 3.369140 2.335211 -3.300504
v 3.369140 2.335211 -1.256361
v 3.667505 1.924546 -3.300504
v 3.667505 1.924546 -1.256361
v 4.150270 1.767686 -3.300504
v 4.150270 1.767686 -1.256361
v 4.633036 1.924546 -3.300504
v 4.633036 1.924546 -1.256361
v 4.931401 2.335211 -3.300504
v 4.931401 2.335211 -1.256361
v 4.931401 2.842820 -3.300504
v 4.931401 2.842820 -1.256361
v 4.633036 3.253485 -3.300504
v 4.633036 3.253485 -1.256361
v -4.150270 2.844164 -3.743539
v -4.150270 2.936995 -1.069830
v -4.000298 2.795435 -3.743539
v -3.945734 2.870537 -1.069830
v -3.907610 2.667861 -3.743539
v -3.819323 2.696547 -1.069830
v -3.907610 2.510171 -3.743539
v -3.819323 2.481484 -1.069830
v -4.000298 2.382597 -3.743539
v -3.945734 2.307495 -1.069830
v -4.150270 2.333868 -3.743539
v -4.150270 2.241036 -1.069830
v -4.300243 2.382597 -3.743539
v -4.354807 2.307495 -1.069830
v -4.392931 2.510171 -3.743539
v -4.481218 2.481484 -1.069830
v -4.392931 2.667861 -3.743539
v -4.481218 2.696547 -1.069830
v -4.300243 2.795435 -3.743539
v -4.354807 2.870537 -1.069830
v -4.049199 2.728129 -0.529639
v -4.150270 2.760969 -0.529639
v -3.986733 2.642152 -0.529639
v -3.986733 2.535879 -0.529639
v -4.049199 2.449902 -0.529639
v -4.150270 2.417062 -0.529639
v -4.251342 2.449902 -0.529639
v -4.313808 2.535879 -0.529639
v -4.313808 2.642152 -0.529639
v -4.251342 2.728129 -0.529639
v -4.114412 2.638370 0.126722
v -4.150270 2.650021 0.126722
v -4.092250 2.607867 0.126722
v -4.092250 2.570164 0.126722
v -4.114412 2.539661 0.126722
v -4.150270 2.528010 0.126722
v -4.186129 2.539661 0.126722
v -4.208290 2.570164 0.126722
v -4.208290 2.607867 0.126722
v -4.186129 2.638370 0.126722
v -4.150270 2.936995 -3.743539
v -3.945734 2.870537 -3.743539
v -3.819323 2.696547 -3.743539
v -3.819323 2.481484 -3.743539
v -3.945734 2.307495 -3.743539
v -4.150270 2.241037 -3.743539
v -4.354807 2.307495 -3.743539
v -4.481218 2.481484 -3.743539
v -4.481218 2.696547 -3.743539
v -4.354807 2.870537 -3.743539
v -4.150270 2.589016 -3.107641
v -4.530688 2.065415 -1.844086
v -4.530688 2.065415 -2.969283
v -4.765800 2.389018 -1.844086
v -4.765800 2.389018 -2.969283
v -4.765800 2.789013 -1.844086
v -4.765800 2.789013 -2.969283
v -4.150270 3.236221 -2.969283
v -4.150270 3.236221 -1.844086
v -4.530688 3.112616 -1.844086
v -4.530688 3.112616 -2.969283
v -4.150270 2.936995 -2.042616
v -4.150270 2.936995 -2.770753
v -3.945734 2.870537 -2.770753
v -3.945734 2.870537 -2.042616
v -3.819323 2.696547 -2.770753
v -3.819323 2.696547 -2.042616
v -3.819323 2.481484 -2.770753
v -3.819323 2.481484 -2.042616
v -3.945734 2.307495 -2.770753
v -3.945734 2.307495 -2.042616
v -4.150270 2.241037 -2.770753
v -4.150270 2.241037 -2.042616
v -4.354807 2.307495 -2.770753
v -4.354807 2.307495 -2.042616
v -4.481218 2.481484 -2.770753
v -4.481218 2.481484 -2.042616
v -4.481218 2.696547 -2.770753
v -4.481218 2.696547 -2.042616
v -4.354807 2.870537 -2.770753
v -4.354807 2.870537 -2.042616
v -4.150270 1.941810 -2.969283
v -4.150270 1.941810 -1.844086
v -3.769853 2.065415 -2.969283
v -3.769853 2.065415 -1.844086
v -3.534741 2.389018 -2.969283
v -3.534741 2.389018 -1.844086
v -3.534741 2.789013 -2.969283
v -3.534741 2.789013 -1.844086
v -3.769853 3.112616 -2.969283
v -3.769853 3.112616 -1.844086
v 4.150270 2.844164 -3.743539
v 4.150270 2.936995 -1.069830
v 4.000299 2.795435 -3.743539
v 3.945733 2.870537 -1.069830
v 3.907610 2.667861 -3.743539
v 3.819323 2.696547 -1.069830
v 3.907610 2.510171 -3.743539
v 3.819323 2.481484 -1.069830
v 4.000299 2.382597 -3.743539
v 3.945733 2.307495 -1.069830
v 4.150270 2.333868 -3.743539
v 4.150270 2.241036 -1.069830
v 4.300242 2.382597 -3.743539
v 4.354808 2.307495 -1.069830
v 4.392931 2.510171 -3.743539
v 4.481218 2.481484 -1.069830
v 4.392931 2.667861 -3.743539
v 4.481218 2.696547 -1.069830
v 4.300242 2.795435 -3.743539
v 4.354808 2.870537 -1.069830
v 4.049198 2.728129 -0.529639
v 4.150270 2.760969 -0.529639
v 3.986732 2.642152 -0.529639
v 3.986732 2.535879 -0.529639
v 4.049198 2.449902 -0.529639
v 4.150270 2.417062 -0.529639
v 4.251342 2.449902 -0.529639
v 4.313807 2.535879 -0.529639
v 4.313807 2.642152 -0.529639
v 4.251342 2.728129 -0.529639
v 4.114412 2.638370 0.126722
v 4.150270 2.650021 0.126722
v 4.092251 2.607867 0.126722
v 4.092251 2.570164 0.126722
v 4.114412 2.539661 0.126722
v 4.150270 2.528010 0.126722
v 4.186129 2.539661 0.126722
v 4.208290 2.570164 0.126722
v 4.208290 2.607867 0.126722
v 4.186129 2.638370 0.126722
v 4.150270 2.936995 -3.743539
v 3.945733 2.870537 -3.743539
v 3.819323 2.696547 -3.743539
v 3.819323 2.481484 -3.743539
v 3.945733 2.307495 -3.743539
v 4.150270 2.241037 -3.743539
v 4.354808 2.307495 -3.743539
v 4.481218 2.481484 -3.743539
v 4.481218 2.696547 -3.743539
v 4.354808 2.870537 -3.743539
v 4.150270 2.589016 -3.107641
v 4.530688 2.065415 -1.844086
v 4.530688 2.065415 -2.969283
v 4.765800 2.389018 -1.844086
v 4.765800 2.389018 -2.969283
v 4.765800 2.789013 -1.844086
v 4.765800 2.789013 -2.969283
v 4.150270 3.236221 -2.969283
v 4.150270 3.236221 -1.844086
v 4.530688 3.112616 -1.844086
v 4.530688 3.112616 -2.969283
v 4.150270 2.936995 -2.042616
v 4.150270 2.936995 -2.770753
v 3.945733 2.870537 -2.770753
v 3.945733 2.870537 -2.042616
v 3.819323 2.696547 -2.770753
v 3.819323 2.696547 -2.042616
v 3.819323 2.481484 -2.770753
v 3.819323 2.481484 -2.042616
v 3.945733 2.307495 -2.770753
v 3.945733 2.307495 -2.042616
v 4.150270 2.241037 -2.770753
v 4.150270 2.241037 -2.042616
v 4.354808 2.307495 -2.770753
v 4.354808 2.307495 -2.042616
v 4.481218 2.481484 -2.770753
v 4.481218 2.481484 -2.042616
v 4.481218 2.696547 -2.770753
v 4.481218 2.696547 -2.042616
v 4.354808 2.870537 -2.770753
v 4.354808 2.870537 -2.042616
v 4.150270 1.941810 -2.969283
v 4.150270 1.941810 -1.844086
v 3.769853 2.065415 -2.969283
v 3.769853 2.065415 -1.844086
v 3.534741 2.389018 -2.969283
v 3.534741 2.389018 -1.844086
v 3.534741 2.789013 -2.969283
v 3.534741 2.789013 -1.844086
v 3.769853 3.112616 -2.969283
v 3.769853 3.112616 -1.844086
v 0.000000 -0.271370 -0.037827
v 0.712115 -0.271370 0.078582
v 1.002345 -0.135477 0.349086
v 0.761437 0.033697 0.800023
v -0.761437 0.033697 0.800023
v -1.002345 -0.135477 0.349086
v -0.712115 -0.271370 0.078582
v 0.000000 0.250365 -0.438336
v 0.697001 0.443053 -0.219009
v 0.980067 0.645118 0.079509
v 0.828653 1.020945 0.621718
v 0.722636 1.063556 1.065735
v 0.516952 1.112453 1.403553
v 0.000000 1.214999 1.918872
v -0.516952 1.112453 1.403553
v -0.722636 1.063556 1.065735
v -0.828653 1.020945 0.621718
v -0.980067 0.645118 0.079509
v -0.697001 0.443053 -0.219009
v 0.000000 1.903754 -2.877334
v -1.084848 1.739620 -2.779607
v -0.647142 1.884246 -2.851158
v -1.231731 1.326960 -2.778243
v -1.251242 0.769274 -2.776634
v -1.231731 0.211589 -2.775026
v 0.000000 -0.379419 -2.868926
v -0.647142 -0.379419 -2.843390
v -1.084848 -0.310859 -2.773662
v -0.922740 -0.025382 -2.789446
v -0.544491 -0.194611 -2.853056
v 0.000000 -0.191899 -2.869461
v -1.042442 0.291981 -2.773463
v -1.056462 0.771364 -2.768614
v -1.042859 1.250983 -2.777189
v -0.541656 1.732970 -2.846861
v -0.919432 1.608515 -2.785929
v 0.000000 1.747813 -2.864428
v 1.084848 1.739620 -2.779607
v 0.647142 1.884246 -2.851158
v 1.231731 1.326960 -2.778243
v 1.251242 0.769274 -2.776634
v 1.231731 0.211589 -2.775026
v 0.647142 -0.379419 -2.843390
v 1.084848 -0.310859 -2.773662
v 0.922740 -0.025382 -2.789446
v 0.544491 -0.194611 -2.853056
v 1.042442 0.291981 -2.773463
v 1.056462 0.771364 -2.768614
v 1.042859 1.250983 -2.777189
v 0.541656 1.732970 -2.846861
v 0.919432 1.608515 -2.785929
v 0.000000 1.912840 -2.743642
v -1.076088 1.746752 -2.646084
v -0.634735 1.897143 -2.718358
v -1.231557 1.328067 -2.644248
v -1.254307 0.769710 -2.642670
v -1.229694 0.211150 -2.641042
v 0.000000 -0.377047 -2.734947
v -0.633448 -0.381614 -2.710110
v -1.071782 -0.313780 -2.640332
v -0.910496 -0.028020 -2.656033
v -0.533672 -0.195342 -2.719496
v 0.000000 -0.189526 -2.735482
v -1.041962 0.291517 -2.639465
v -1.059525 0.771812 -2.634650
v -1.043373 1.252157 -2.643195
v -0.532540 1.744250 -2.713648
v -0.909461 1.616859 -2.652561
v 0.000000 1.756898 -2.730736
v 1.076088 1.746752 -2.646084
v 0.634735 1.897143 -2.718358
v 1.231557 1.328067 -2.644248
v 1.254307 0.769710 -2.642670
v 1.229694 0.211150 -2.641042
v 0.633448 -0.381614 -2.710110
v 1.071782 -0.313780 -2.640332
v 0.910496 -0.028020 -2.656033
v 0.533672 -0.195342 -2.719496
v 1.041962 0.291517 -2.639465
v 1.059525 0.771812 -2.634650
v 1.043373 1.252157 -2.643195
v 0.532540 1.744250 -2.713648
v 0.909461 1.616859 -2.652561
v 7.220542 -0.439863 0.620350
v 7.220542 1.394786 0.620350
v 7.139489 -0.439863 0.667146
v 7.139489 1.394786 0.667146
v 7.139489 -0.439863 0.760738
v 7.139489 1.394786 0.760738
v 7.220542 -0.439863 0.807535
v 7.220542 1.394786 0.807535
v 7.301595 -0.439863 0.760738
v 7.301595 1.394786 0.760738
v 7.301595 -0.439863 0.667146
v 7.301595 1.394786 0.667146
v 7.327954 0.477461 0.565441
v 7.199348 0.477461 0.639692
v 7.199348 0.477461 0.788193
v 7.327954 0.477461 0.862444
v 7.456560 0.477461 0.788193
v 7.456560 0.477461 0.639692
v -0.470003 -0.944413 -1.863509
v 0.000000 -0.944353 -1.392595
v -0.404063 -0.944443 -2.103771
v -0.233010 -0.944463 -2.272589
v -0.243149 -0.944363 -1.459235
v -0.407290 -0.944383 -1.626898
v 0.000000 -0.944474 -2.334261
v 0.470003 -0.944413 -1.863509
v 0.404063 -0.944443 -2.103771
v 0.233010 -0.944463 -2.272589
v 0.243149 -0.944363 -1.459235
v 0.407290 -0.944383 -1.626898
v 0.000000 -3.475864 -1.134247
v 0.000000 -3.475864 -2.607504
v -0.794167 -3.217824 -2.607504
v -0.794167 -3.217824 -1.134247
v -1.284989 -2.542265 -1.134247
v -1.284989 -2.542265 -2.607504
v -1.284989 -1.707228 -2.607504
v -1.284989 -1.707228 -1.134247
v -0.794167 -1.031669 -1.134247
v -0.794167 -1.031669 -2.607504
v -0.000000 -1.022948 -2.607504
v -0.000000 -1.022948 -1.134247
v 0.794167 -3.217824 -1.134247
v 0.794167 -3.217824 -2.607504
v 1.284989 -2.542265 -2.607504
v 1.284989 -2.542265 -1.134247
v 1.284989 -1.707228 -1.134247
v 1.284989 -1.707228 -2.607504
v 0.794167 -1.031669 -2.607504
v 0.794167 -1.031669 -1.134247
v -1.128695 0.709250 -1.982422
v -1.128695 0.764889 -1.926783
v -1.128695 0.936429 -1.926783
v -1.128695 0.992068 -1.982422
v -1.128695 0.764889 -2.161699
v -1.128695 0.709250 -2.106060
v -1.128695 0.992068 -2.106060
v -1.128695 0.936429 -2.161699
v -1.075598 0.772938 -1.946215
v -1.095030 0.764889 -1.926783
v -1.075598 0.728682 -1.990470
v -1.095030 0.709250 -1.982422
v -1.075598 0.972636 -1.990470
v -1.095030 0.992068 -1.982422
v -1.075598 0.928380 -1.946215
v -1.095030 0.936429 -1.926783
v -1.075598 0.728682 -2.098011
v -1.095030 0.709250 -2.106060
v -1.075598 0.772938 -2.142267
v -1.095030 0.764889 -2.161699
v -1.075598 0.928380 -2.142267
v -1.095030 0.936429 -2.161699
v -1.075598 0.972636 -2.098011
v -1.095030 0.992068 -2.106060
v -1.273202 0.803651 -3.680199
v -1.263847 0.858497 -3.624560
v -1.235004 1.027596 -3.624560
v -1.225649 1.082442 -3.680199
v -1.263847 0.858497 -3.859476
v -1.273202 0.803651 -3.803837
v -1.225649 1.082442 -3.803837
v -1.235004 1.027596 -3.859476
v -1.210153 0.857504 -3.643992
v -1.230662 0.852837 -3.624560
v -1.217595 0.813878 -3.688248
v -1.240017 0.797990 -3.680199
v -1.176576 1.054359 -3.688248
v -1.192464 1.076782 -3.680199
v -1.184017 1.010734 -3.643992
v -1.201819 1.021935 -3.624560
v -1.217595 0.813878 -3.795788
v -1.240017 0.797990 -3.803837
v -1.210153 0.857504 -3.840044
v -1.230662 0.852837 -3.859476
v -1.184017 1.010734 -3.840044
v -1.201819 1.021935 -3.859476
v -1.176576 1.054359 -3.795788
v -1.192464 1.076782 -3.803837
v 1.091614 0.732716 -1.427276
v 1.026649 0.675053 -1.120898
v 1.026649 0.751253 -1.120898
v 1.026649 0.675053 -1.427276
v 1.091614 0.732716 -1.120898
v 1.026649 0.751253 -1.427276
v 1.143114 0.609346 -1.033780
v 1.143114 0.537867 -1.105258
v 1.143114 1.163221 -1.105258
v 1.143114 1.091743 -1.033780
v 1.143114 0.537867 -1.442917
v 1.143114 0.609346 -1.514395
v 1.143114 1.091743 -1.514395
v 1.143114 1.163221 -1.442917
v 1.058254 0.537867 -1.442917
v 1.026649 0.571862 -1.440431
v 1.026649 0.619135 -1.487211
v 1.058254 0.609346 -1.514395
v 1.058254 1.091743 -1.514395
v 1.026649 1.052144 -1.489881
v 1.026649 1.116570 -1.441146
v 1.058254 1.163221 -1.442917
v 1.058254 0.609346 -1.033780
v 1.026649 0.619135 -1.060963
v 1.026649 0.571862 -1.107744
v 1.058254 0.537867 -1.105258
v 1.058254 1.163221 -1.105258
v 1.026649 1.116570 -1.107029
v 1.026649 1.052144 -1.058294
v 1.058254 1.091743 -1.033780
v 0.000000 0.280130 -0.385111
v 0.000000 0.384416 -0.371915
v 0.107717 0.309440 -0.351471
v 0.052240 0.398631 -0.355601
v 0.152334 0.380201 -0.270257
v 0.073878 0.432948 -0.316214
v 0.107717 0.450962 -0.189042
v 0.052240 0.467265 -0.276827
v 0.000000 0.480272 -0.155402
v 0.000000 0.481479 -0.260513
v 0.090354 0.359876 -0.372387
v 0.000000 0.335290 -0.400605
v 0.127780 0.419231 -0.304263
v 0.090354 0.478586 -0.236139
v 0.000000 0.503172 -0.207921
v 0.000000 0.407813 -0.294315
v -0.107717 0.309440 -0.351471
v -0.052240 0.398631 -0.355601
v -0.152334 0.380201 -0.270257
v -0.073878 0.432948 -0.316214
v -0.107717 0.450962 -0.189042
v -0.052240 0.467265 -0.276827
v -0.090354 0.359876 -0.372387
v -0.127780 0.419231 -0.304263
v -0.090354 0.478586 -0.236139
v 0.602450 0.843196 0.385303
v 0.602450 0.625829 0.053679
v 0.797852 0.843196 0.385303
v 0.797852 0.625829 0.053679
v 0.602450 0.917707 0.261875
v 0.602450 0.908413 0.224268
v 0.797852 0.908413 0.224268
v 0.797852 0.917707 0.261875
v -0.602450 0.843196 0.385303
v -0.602450 0.625829 0.053679
v -0.797852 0.843196 0.385303
v -0.797852 0.625829 0.053679
v -0.602450 0.917707 0.261875
v -0.602450 0.908413 0.224268
v -0.797852 0.908413 0.224268
v -0.797852 0.917707 0.261875
v 0.196028 0.425436 -0.219782
v 0.178893 0.400644 -0.250361
v 0.178439 0.435023 -0.277981
v 0.195574 0.459816 -0.247403
v 0.203858 0.361099 -0.299992
v 0.243222 0.350682 -0.313605
v 0.242768 0.385062 -0.341226
v 0.203404 0.395479 -0.327613
v 0.673620 0.526525 -0.101805
v 0.634256 0.536942 -0.088192
v 0.633802 0.571321 -0.115812
v 0.673166 0.560904 -0.129425
v 0.681449 0.462188 -0.182015
v 0.698585 0.486980 -0.151436
v 0.698131 0.521360 -0.179057
v 0.680995 0.496567 -0.209635
v 0.587151 0.545895 -0.135894
v 0.582509 0.539368 -0.144314
v 0.582085 0.555726 -0.156762
v 0.586726 0.562253 -0.148342
v 0.592329 0.524394 -0.164327
v 0.602979 0.521757 -0.168154
v 0.602555 0.538116 -0.180602
v 0.591904 0.540752 -0.176775
v 0.622790 0.549617 -0.132218
v 0.612139 0.552253 -0.128391
v 0.611715 0.568612 -0.140839
v 0.622366 0.565975 -0.144666
v 0.627968 0.528116 -0.160651
v 0.632610 0.534643 -0.152231
v 0.632185 0.551001 -0.164679
v 0.627544 0.544474 -0.173099
v 0.527132 0.530624 -0.153917
v 0.522491 0.524096 -0.162336
v 0.522066 0.540455 -0.174784
v 0.526708 0.546982 -0.166365
v 0.532310 0.509122 -0.182349
v 0.542961 0.506486 -0.186177
v 0.542537 0.522844 -0.198625
v 0.531886 0.525481 -0.194797
v 0.562772 0.534346 -0.150241
v 0.552121 0.536982 -0.146413
v 0.551696 0.553340 -0.158861
v 0.562347 0.550704 -0.162689
v 0.567950 0.512844 -0.178673
v 0.572591 0.519372 -0.170253
v 0.572167 0.535730 -0.182702
v 0.567525 0.529203 -0.191121
v 0.467114 0.515352 -0.171939
v 0.462472 0.508825 -0.180358
v 0.462048 0.525183 -0.192806
v 0.466690 0.531711 -0.184387
v 0.472292 0.493851 -0.200371
v 0.482943 0.491214 -0.204199
v 0.482518 0.507573 -0.216647
v 0.471868 0.510209 -0.212819
v 0.502753 0.519074 -0.168263
v 0.492103 0.521710 -0.164435
v 0.491678 0.538069 -0.176883
v 0.502329 0.535433 -0.180711
v 0.507931 0.497573 -0.196695
v 0.512573 0.504100 -0.188276
v 0.512148 0.520459 -0.200724
v 0.507507 0.513931 -0.209143
v 0.407096 0.500081 -0.189961
v 0.402454 0.493553 -0.198381
v 0.402030 0.509912 -0.210829
v 0.406671 0.516439 -0.202409
v 0.412274 0.478579 -0.218393
v 0.422924 0.475943 -0.222221
v 0.422500 0.492302 -0.234669
v 0.411849 0.494938 -0.230841
v 0.442735 0.503803 -0.186285
v 0.432084 0.506439 -0.182457
v 0.431660 0.522797 -0.194906
v 0.442310 0.520161 -0.198733
v 0.447913 0.482301 -0.214718
v 0.452554 0.488829 -0.206298
v 0.452130 0.505187 -0.218746
v 0.447488 0.498660 -0.227166
v 0.347077 0.484809 -0.207983
v 0.342436 0.478282 -0.216403
v 0.342011 0.494640 -0.228851
v 0.346653 0.501168 -0.220431
v 0.352255 0.463308 -0.236416
v 0.362906 0.460672 -0.240243
v 0.362482 0.477030 -0.252691
v 0.351831 0.479666 -0.248864
v 0.382717 0.488531 -0.204307
v 0.372066 0.491168 -0.200480
v 0.371641 0.507526 -0.212928
v 0.382292 0.504890 -0.216755
v 0.387895 0.467030 -0.232740
v 0.392536 0.473557 -0.224320
v 0.392112 0.489916 -0.236768
v 0.387470 0.483388 -0.245188
v 0.287059 0.469538 -0.226005
v 0.282417 0.463011 -0.234425
v 0.281993 0.479369 -0.246873
v 0.286634 0.485896 -0.238454
v 0.292237 0.448037 -0.254438
v 0.302888 0.445400 -0.258266
v 0.302463 0.461759 -0.270714
v 0.291812 0.464395 -0.266886
v 0.322698 0.473260 -0.222330
v 0.312047 0.475896 -0.218502
v 0.311623 0.492255 -0.230950
v 0.322274 0.489618 -0.234778
v 0.327876 0.451758 -0.250762
v 0.332518 0.458286 -0.242342
v 0.332093 0.474644 -0.254791
v 0.327452 0.468117 -0.263210
v 0.227040 0.454267 -0.244028
v 0.222399 0.447739 -0.252447
v 0.221975 0.464098 -0.264895
v 0.226616 0.470625 -0.256476
v 0.232219 0.432765 -0.272460
v 0.242869 0.430129 -0.276288
v 0.242445 0.446487 -0.288736
v 0.231794 0.449124 -0.284908
v 0.262680 0.457988 -0.240352
v 0.252029 0.460625 -0.236524
v 0.251605 0.476983 -0.248972
v 0.262255 0.474347 -0.252800
v 0.267858 0.436487 -0.268784
v 0.272499 0.443014 -0.260365
v 0.272075 0.459373 -0.272813
v 0.267433 0.452846 -0.281232
v 0.608462 0.513398 -0.179327
v 0.603820 0.506870 -0.187747
v 0.603396 0.523229 -0.200195
v 0.608037 0.529756 -0.191775
v 0.613640 0.491896 -0.207760
v 0.624290 0.489260 -0.211587
v 0.623866 0.505618 -0.224035
v 0.613215 0.508255 -0.220208
v 0.644101 0.517119 -0.175651
v 0.633450 0.519756 -0.171824
v 0.633026 0.536114 -0.184272
v 0.643676 0.533478 -0.188099
v 0.649279 0.495618 -0.204084
v 0.653920 0.502145 -0.195664
v 0.653496 0.518504 -0.208112
v 0.648854 0.511977 -0.216532
v 0.327271 0.441850 -0.263763
v 0.322629 0.435322 -0.272182
v 0.322205 0.451681 -0.284631
v 0.326846 0.458208 -0.276211
v 0.332449 0.420348 -0.292195
v 0.343099 0.417712 -0.296023
v 0.342675 0.434071 -0.308471
v 0.332024 0.436707 -0.304643
v 0.565181 0.497039 -0.199349
v 0.554531 0.499675 -0.195522
v 0.554106 0.516034 -0.207970
v 0.564757 0.513397 -0.211797
v 0.570359 0.475537 -0.227782
v 0.575001 0.482065 -0.219362
v 0.574576 0.498423 -0.231810
v 0.569935 0.491896 -0.240230
v 0.248351 0.421769 -0.287461
v 0.243710 0.415242 -0.295880
v 0.243285 0.431600 -0.308328
v 0.247927 0.438128 -0.299909
v 0.253529 0.400268 -0.315893
v 0.264180 0.397631 -0.319721
v 0.263756 0.413990 -0.332169
v 0.253105 0.416626 -0.328341
v 0.283991 0.425491 -0.283785
v 0.273340 0.428127 -0.279957
v 0.272915 0.444486 -0.292405
v 0.283566 0.441849 -0.296233
v 0.289169 0.403990 -0.312217
v 0.293810 0.410517 -0.303798
v 0.293386 0.426875 -0.316246
v 0.288744 0.420348 -0.324665
v -0.196028 0.425436 -0.219782
v -0.178893 0.400644 -0.250361
v -0.178439 0.435023 -0.277981
v -0.195574 0.459816 -0.247402
v -0.203858 0.361099 -0.299992
v -0.243222 0.350682 -0.313605
v -0.242768 0.385062 -0.341226
v -0.203404 0.395479 -0.327613
v -0.673620 0.526525 -0.101805
v -0.634255 0.536942 -0.088192
v -0.633802 0.571321 -0.115812
v -0.673166 0.560904 -0.129425
v -0.681449 0.462188 -0.182015
v -0.698585 0.486980 -0.151436
v -0.698131 0.521360 -0.179057
v -0.680995 0.496567 -0.209635
v -0.587151 0.545895 -0.135894
v -0.582509 0.539368 -0.144314
v -0.582085 0.555726 -0.156762
v -0.586726 0.562254 -0.148342
v -0.592329 0.524394 -0.164327
v -0.602980 0.521757 -0.168154
v -0.602555 0.538116 -0.180602
v -0.591904 0.540752 -0.176775
v -0.622790 0.549617 -0.132218
v -0.612139 0.552253 -0.128391
v -0.611715 0.568612 -0.140839
v -0.622365 0.565975 -0.144666
v -0.627968 0.528116 -0.160651
v -0.632610 0.534643 -0.152231
v -0.632185 0.551001 -0.164679
v -0.627544 0.544474 -0.173099
v -0.527132 0.530624 -0.153916
v -0.522491 0.524096 -0.162336
v -0.522066 0.540455 -0.174784
v -0.526708 0.546982 -0.166364
v -0.532310 0.509122 -0.182349
v -0.542961 0.506486 -0.186177
v -0.542537 0.522844 -0.198625
v -0.531886 0.525481 -0.194797
v -0.562772 0.534346 -0.150241
v -0.552121 0.536982 -0.146413
v -0.551696 0.553340 -0.158861
v -0.562347 0.550704 -0.162689
v -0.567950 0.512844 -0.178673
v -0.572591 0.519372 -0.170253
v -0.572167 0.535730 -0.182701
v -0.567525 0.529203 -0.191121
v -0.467114 0.515352 -0.171939
v -0.462473 0.508825 -0.180358
v -0.462048 0.525183 -0.192806
v -0.466689 0.531711 -0.184387
v -0.472292 0.493851 -0.200371
v -0.482943 0.491215 -0.204199
v -0.482518 0.507573 -0.216647
v -0.471868 0.510209 -0.212819
v -0.502753 0.519074 -0.168263
v -0.492103 0.521710 -0.164435
v -0.491678 0.538069 -0.176883
v -0.502329 0.535433 -0.180711
v -0.507931 0.497573 -0.196695
v -0.512573 0.504100 -0.188276
v -0.512148 0.520459 -0.200724
v -0.507507 0.513931 -0.209143
v -0.407096 0.500081 -0.189961
v -0.402454 0.493553 -0.198381
v -0.402030 0.509912 -0.210829
v -0.406671 0.516439 -0.202409
v -0.412274 0.478579 -0.218393
v -0.422924 0.475943 -0.222221
v -0.422500 0.492302 -0.234669
v -0.411849 0.494938 -0.230841
v -0.442735 0.503803 -0.186285
v -0.432084 0.506439 -0.182457
v -0.431660 0.522798 -0.194905
v -0.442310 0.520161 -0.198733
v -0.447913 0.482301 -0.214717
v -0.452554 0.488829 -0.206298
v -0.452130 0.505187 -0.218746
v -0.447489 0.498660 -0.227166
v -0.347077 0.484809 -0.207983
v -0.342436 0.478282 -0.216403
v -0.342011 0.494641 -0.228851
v -0.346653 0.501168 -0.220431
v -0.352255 0.463308 -0.236416
v -0.362906 0.460672 -0.240243
v -0.362482 0.477030 -0.252691
v -0.351831 0.479666 -0.248864
v -0.382717 0.488531 -0.204307
v -0.372066 0.491168 -0.200480
v -0.371641 0.507526 -0.212928
v -0.382292 0.504890 -0.216755
v -0.387895 0.467030 -0.232740
v -0.392536 0.473557 -0.224320
v -0.392112 0.489916 -0.236768
v -0.387470 0.483388 -0.245188
v -0.287059 0.469538 -0.226005
v -0.282417 0.463011 -0.234425
v -0.281993 0.479369 -0.246873
v -0.286634 0.485896 -0.238454
v -0.292237 0.448037 -0.254438
v -0.302888 0.445400 -0.258266
v -0.302463 0.461759 -0.270714
v -0.291812 0.464395 -0.266886
v -0.322698 0.473260 -0.222330
v -0.312047 0.475896 -0.218502
v -0.311623 0.492255 -0.230950
v -0.322274 0.489618 -0.234778
v -0.327876 0.451759 -0.250762
v -0.332518 0.458286 -0.242342
v -0.332093 0.474644 -0.254790
v -0.327452 0.468117 -0.263210
v -0.227041 0.454267 -0.244028
v -0.222399 0.447739 -0.252447
v -0.221975 0.464098 -0.264895
v -0.226616 0.470625 -0.256476
v -0.232218 0.432765 -0.272460
v -0.242869 0.430129 -0.276288
v -0.242445 0.446487 -0.288736
v -0.231794 0.449124 -0.284908
v -0.262680 0.457988 -0.240352
v -0.252029 0.460625 -0.236524
v -0.251605 0.476983 -0.248972
v -0.262255 0.474347 -0.252800
v -0.267858 0.436487 -0.268784
v -0.272499 0.443014 -0.260365
v -0.272075 0.459373 -0.272813
v -0.267433 0.452846 -0.281232
v -0.608462 0.513398 -0.179327
v -0.603820 0.506870 -0.187747
v -0.603396 0.523229 -0.200195
v -0.608037 0.529756 -0.191775
v -0.613640 0.491896 -0.207760
v -0.624290 0.489260 -0.211587
v -0.623866 0.505618 -0.224035
v -0.613215 0.508255 -0.220208
v -0.644101 0.517120 -0.175651
v -0.633450 0.519756 -0.171824
v -0.633026 0.536114 -0.184272
v -0.643676 0.533478 -0.188099
v -0.649279 0.495618 -0.204084
v -0.653920 0.502145 -0.195664
v -0.653496 0.518504 -0.208112
v -0.648854 0.511977 -0.216532
v -0.327271 0.441850 -0.263763
v -0.322629 0.435322 -0.272182
v -0.322205 0.451681 -0.284630
v -0.326846 0.458208 -0.276211
v -0.332449 0.420348 -0.292195
v -0.343100 0.417712 -0.296023
v -0.342675 0.434071 -0.308471
v -0.332024 0.436707 -0.304643
v -0.565181 0.497039 -0.199349
v -0.554531 0.499675 -0.195522
v -0.554106 0.516034 -0.207970
v -0.564757 0.513397 -0.211797
v -0.570360 0.475537 -0.227782
v -0.575001 0.482065 -0.219362
v -0.574576 0.498423 -0.231810
v -0.569935 0.491896 -0.240230
v -0.248351 0.421769 -0.287461
v -0.243710 0.415242 -0.295880
v -0.243285 0.431600 -0.308328
v -0.247927 0.438128 -0.299909
v -0.253529 0.400268 -0.315893
v -0.264180 0.397631 -0.319721
v -0.263756 0.413990 -0.332169
v -0.253105 0.416626 -0.328341
v -0.283991 0.425491 -0.283785
v -0.273340 0.428127 -0.279957
v -0.272915 0.444486 -0.292405
v -0.283566 0.441849 -0.296233
v -0.289169 0.403990 -0.312217
v -0.293810 0.410517 -0.303798
v -0.293386 0.426875 -0.316246
v -0.288744 0.420348 -0.324665
v 0.700151 0.667451 0.080590
v 0.644612 0.687115 0.092531
v 0.621607 0.734586 0.121358
v 0.644612 0.782058 0.150185
v 0.700151 0.801722 0.162125
v 0.755690 0.782058 0.150185
v 0.778695 0.734586 0.121358
v 0.755690 0.687115 0.092531
v 0.700151 0.736603 0.118037
v 0.662921 0.710405 0.089451
v 0.700151 0.697224 0.081447
v 0.647500 0.742227 0.108775
v 0.662921 0.774050 0.128098
v 0.700151 0.787231 0.136103
v 0.737381 0.774050 0.128098
v 0.752802 0.742227 0.108775
v 0.737381 0.710405 0.089451
v 0.700151 0.815754 0.170646
v 0.669630 0.826559 0.177207
v 0.656989 0.852646 0.193049
v 0.669630 0.878734 0.208890
v 0.700151 0.889539 0.215452
v 0.730671 0.878734 0.208890
v 0.743313 0.852646 0.193049
v 0.730671 0.826559 0.177207
v 0.700151 0.854109 0.190640
v 0.679692 0.839358 0.175515
v 0.700151 0.832115 0.171116
v 0.671218 0.856845 0.186134
v 0.679692 0.874333 0.196753
v 0.700151 0.881576 0.201151
v 0.720610 0.874333 0.196753
v 0.729084 0.856845 0.186134
v 0.720610 0.839358 0.175515
v -0.700151 0.667451 0.080590
v -0.644612 0.687115 0.092531
v -0.621607 0.734586 0.121358
v -0.644612 0.782058 0.150185
v -0.700151 0.801722 0.162125
v -0.755690 0.782058 0.150185
v -0.778695 0.734586 0.121358
v -0.755690 0.687115 0.092531
v -0.700151 0.736603 0.118037
v -0.662921 0.710405 0.089451
v -0.700151 0.697224 0.081447
v -0.647500 0.742227 0.108775
v -0.662921 0.774050 0.128098
v -0.700151 0.787231 0.136103
v -0.737381 0.774050 0.128098
v -0.752802 0.742227 0.108775
v -0.737381 0.710405 0.089451
v -0.700151 0.815754 0.170646
v -0.669630 0.826559 0.177207
v -0.656989 0.852646 0.193049
v -0.669630 0.878734 0.208890
v -0.700151 0.889539 0.215452
v -0.730671 0.878734 0.208890
v -0.743313 0.852646 0.193049
v -0.730671 0.826559 0.177207
v -0.700151 0.854109 0.190640
v -0.679692 0.839358 0.175515
v -0.700151 0.832115 0.171116
v -0.671218 0.856845 0.186134
v -0.679692 0.874333 0.196753
v -0.700151 0.881576 0.201151
v -0.720610 0.874333 0.196753
v -0.729084 0.856845 0.186134
v -0.720610 0.839358 0.175515
vn -0.1182 0.9929 0.0115
vn -0.0000 0.9994 0.0335
vn -0.0000 0.9940 0.1097
vn -0.2244 0.9718 0.0720
vn -0.5284 0.8271 0.1917
vn -0.9752 0.0852 0.2042
vn -0.8837 0.3899 0.2589
vn -0.6403 0.5175 0.5677
vn -0.6760 0.7369 -0.0020
vn -0.6987 0.7150 0.0241
vn -0.0000 0.9770 0.2132
vn -0.9686 0.0766 0.2366
vn -0.8346 0.5469 0.0662
vn -0.9781 0.1697 0.1204
vn -0.9846 0.1743 0.0104
vn -0.9713 0.2354 0.0342
vn -0.9704 -0.0010 0.2413
vn -0.9810 -0.0051 0.1938
vn -0.9924 -0.0000 0.1232
vn -0.7893 -0.6041 -0.1101
vn -0.9834 -0.1810 0.0122
vn -0.9477 -0.3110 -0.0717
vn -0.7310 -0.6727 -0.1148
vn -0.0000 -0.9023 -0.4311
vn -0.3270 -0.9105 -0.2532
vn -0.3383 -0.9347 -0.1089
vn -0.0000 -0.9965 -0.0840
vn -0.9986 -0.0006 0.0529
vn -0.9999 -0.0000 0.0135
vn -0.0000 -0.0000 1.0000
vn -0.7244 -0.0000 0.6894
vn -0.9584 -0.0072 0.2852
vn -0.4517 0.4384 -0.7770
vn -0.0000 0.4570 -0.8894
vn -0.4408 0.4394 -0.7827
vn -0.4036 -0.9051 0.1342
vn -0.6409 -0.5169 0.5675
vn -0.8828 -0.3933 0.2569
vn -0.8527 -0.4765 0.2142
vn -0.9863 -0.1627 -0.0269
vn -0.9025 -0.2239 -0.3679
vn -0.8445 -0.1831 -0.5033
vn -0.9802 -0.1982 -0.0030
vn -0.0000 0.3430 0.9393
vn -0.4468 0.3660 0.8163
vn -0.5013 -0.1956 0.8429
vn -0.0000 -0.2091 0.9779
vn -0.0000 -0.9858 0.1679
vn -0.0000 -0.9770 0.2132
vn -0.9726 0.0194 0.2315
vn -0.9748 0.0404 0.2195
vn -0.9942 -0.0212 0.1056
vn -0.7493 -0.6323 0.1969
vn -0.9972 -0.0753 -0.0027
vn -0.9171 -0.3985 -0.0133
vn -0.6927 0.7127 -0.1101
vn -0.9365 0.3388 -0.0901
vn -0.0000 0.9987 -0.0508
vn -0.3220 0.9438 -0.0747
vn -0.9983 0.0047 -0.0578
vn 0.6745 -0.6714 0.3072
vn 0.3625 -0.8783 0.3116
vn 0.3680 -0.8833 0.2903
vn 0.6833 -0.6751 0.2781
vn 0.8730 0.3591 0.3299
vn 0.9322 0.0012 0.3619
vn 0.9625 0.0069 0.2711
vn 0.8953 0.3751 0.2401
vn 0.8710 -0.3557 0.3390
vn 0.8908 -0.3594 0.2779
vn 0.6770 0.6765 0.2897
vn 0.6887 0.6947 0.2076
vn -0.0000 0.9541 0.2994
vn 0.3644 0.8852 0.2891
vn 0.3715 0.9071 0.1978
vn -0.0000 0.9800 0.1989
vn -0.0000 -0.9463 0.3233
vn -0.0000 -0.9542 0.2991
vn -0.2943 0.7058 -0.6444
vn -0.5495 0.5413 -0.6364
vn -0.0000 0.7591 -0.6510
vn -0.7145 0.2861 -0.6385
vn -0.7720 -0.0071 -0.6356
vn -0.5685 -0.5742 -0.5892
vn -0.3077 -0.7522 -0.5827
vn -0.0000 -0.8114 -0.5844
vn -0.7283 -0.3058 -0.6133
vn -0.1439 0.3520 -0.9249
vn -0.2713 0.2693 -0.9241
vn -0.0000 0.3693 -0.9293
vn -0.3218 0.1286 -0.9380
vn -0.3195 -0.0000 -0.9476
vn -0.2713 -0.2693 -0.9241
vn -0.1439 -0.3520 -0.9249
vn -0.0000 -0.3693 -0.9293
vn -0.3218 -0.1286 -0.9380
vn -0.8851 -0.2817 0.3705
vn -0.8502 -0.1903 0.4908
vn -0.1037 0.9946 -0.0023
vn -0.0000 0.9992 0.0400
vn -0.2656 -0.9569 0.1174
vn -0.0000 -0.9983 0.0576
vn -0.1123 -0.8803 0.4609
vn -0.0899 -0.9354 0.3421
vn -0.0000 -0.7894 0.6138
vn -0.0000 -0.9140 0.4057
vn -0.2269 -0.7720 -0.5937
vn -0.0000 -0.6513 -0.7588
vn -0.0000 -0.9931 0.1174
vn -0.1039 -0.9761 0.1910
vn -0.1960 -0.9497 0.2444
vn 0.0833 -0.9965 -0.0089
vn 0.2135 -0.9741 -0.0738
vn -0.0000 -0.9937 -0.1125
vn -0.0000 -0.9994 -0.0342
vn 0.6659 -0.7461 0.0039
vn 0.6976 -0.7161 -0.0242
vn 0.9688 -0.0728 -0.2370
vn 0.9794 -0.1614 -0.1211
vn 0.9428 -0.3201 -0.0934
vn 0.9872 -0.1588 -0.0116
vn 0.9744 -0.2221 -0.0344
vn 0.9690 0.0084 -0.2469
vn 0.9692 -0.0121 -0.2461
vn 0.9706 -0.0009 -0.2407
vn 0.9923 0.0012 -0.1240
vn 0.6467 0.7625 0.0190
vn 0.6977 0.7120 0.0787
vn 0.9466 0.3172 0.0571
vn 0.9826 0.1851 -0.0153
vn -0.0000 0.9983 -0.0588
vn -0.0000 1.0000 -0.0080
vn 0.2953 0.9549 0.0304
vn 0.1164 0.9930 -0.0196
vn 0.9999 0.0014 -0.0136
vn 0.9985 0.0017 -0.0544
vn 0.0218 -0.9990 0.0383
vn -0.2031 -0.9129 -0.3540
vn -0.0000 -0.9130 -0.4081
vn -0.0000 -0.9990 0.0441
vn 0.0436 -0.9991 0.0004
vn -0.4076 -0.9132 -0.0015
vn -0.3526 -0.9130 -0.2053
vn 0.0377 -0.9990 0.0223
vn -0.0000 -0.9991 -0.0432
vn -0.0000 -0.9134 0.4070
vn -0.2045 -0.9134 0.3519
vn 0.0221 -0.9991 -0.0373
vn 0.9662 -0.0719 -0.2476
vn 0.9693 -0.1267 -0.2105
vn 0.9720 -0.0654 -0.2258
vn 0.9979 -0.0109 -0.0643
vn 0.9945 -0.0095 -0.1044
vn 0.9979 0.0651 0.0042
vn 0.9935 0.1119 0.0219
vn 0.9380 -0.3373 0.0801
vn 0.6932 -0.7135 0.1018
vn 0.3206 -0.9449 0.0665
vn -0.0000 -0.9991 0.0432
vn 0.9989 -0.0044 0.0460
vn -0.3533 -0.9134 0.2023
vn 0.0379 -0.9991 -0.0215
vn 0.0525 -0.9979 0.0379
vn 0.0355 -0.9993 0.0117
vn -0.0000 -0.9992 -0.0401
vn 0.2438 0.9632 -0.1130
vn 0.2099 0.9759 -0.0595
vn -0.0000 0.9985 -0.0545
vn -0.0000 0.9985 -0.0549
vn -0.0231 0.9997 0.0119
vn -0.0582 0.9947 -0.0850
vn -0.0220 0.9989 -0.0414
vn -0.0214 0.9998 -0.0048
vn -0.0000 0.9994 -0.0354
vn -0.0000 1.0000 -0.0067
vn -0.0020 1.0000 -0.0009
vn 0.0006 1.0000 -0.0017
vn -0.0000 1.0000 0.0023
vn -0.0043 1.0000 0.0070
vn -0.0080 0.9999 0.0130
vn 0.0479 0.9919 -0.1178
vn -0.0000 0.9982 -0.0600
vn 0.0943 0.9772 -0.1902
vn 0.3949 0.9035 -0.1665
vn 0.5390 0.2457 0.8056
vn 0.5275 0.6012 0.6002
vn 0.5786 0.5681 0.5852
vn 0.4956 0.2102 0.8427
vn -0.0000 -0.0078 1.0000
vn 0.2609 0.7901 0.5547
vn 0.3154 0.9419 0.1158
vn 0.3402 0.9399 0.0303
vn 0.2686 0.7823 0.5620
vn 0.5301 0.6318 -0.5655
vn 0.5373 0.6114 -0.5810
vn 0.5919 0.3376 -0.7319
vn -0.3451 -0.7201 -0.6020
vn -0.0000 -0.7198 -0.6942
vn 0.1182 0.9929 0.0115
vn 0.2244 0.9718 0.0720
vn 0.5284 0.8271 0.1917
vn 0.6403 0.5175 0.5677
vn 0.8837 0.3899 0.2589
vn 0.9752 0.0852 0.2042
vn 0.6760 0.7369 -0.0020
vn 0.6987 0.7150 0.0241
vn 0.9686 0.0766 0.2366
vn 0.9781 0.1697 0.1204
vn 0.8346 0.5469 0.0662
vn 0.9846 0.1743 0.0104
vn 0.9713 0.2354 0.0342
vn 0.9810 -0.0051 0.1938
vn 0.9704 -0.0010 0.2413
vn 0.9924 -0.0000 0.1232
vn 0.7893 -0.6041 -0.1101
vn 0.7310 -0.6727 -0.1148
vn 0.9477 -0.3110 -0.0717
vn 0.9834 -0.1810 0.0122
vn 0.3383 -0.9347 -0.1089
vn 0.3270 -0.9105 -0.2532
vn 0.9999 -0.0000 0.0135
vn 0.9986 -0.0006 0.0529
vn 0.7244 -0.0000 0.6894
vn 0.9584 -0.0072 0.2852
vn 0.4517 0.4384 -0.7770
vn 0.4408 0.4394 -0.7827
vn 0.4036 -0.9051 0.1342
vn 0.8527 -0.4765 0.2142
vn 0.8828 -0.3933 0.2569
vn 0.6409 -0.5169 0.5675
vn 0.9863 -0.1627 -0.0269
vn 0.9801 -0.1982 -0.0030
vn 0.8445 -0.1831 -0.5033
vn 0.9025 -0.2239 -0.3679
vn 0.5013 -0.1956 0.8429
vn 0.4468 0.3660 0.8163
vn 0.9748 0.0404 0.2195
vn 0.9726 0.0194 0.2315
vn 0.7493 -0.6323 0.1969
vn 0.9942 -0.0212 0.1056
vn 0.9972 -0.0753 -0.0027
vn 0.9171 -0.3985 -0.0133
vn 0.9365 0.3388 -0.0901
vn 0.6927 0.7127 -0.1101
vn 0.3220 0.9438 -0.0747
vn 0.9983 0.0047 -0.0578
vn -0.6745 -0.6714 0.3072
vn -0.6833 -0.6751 0.2781
vn -0.3680 -0.8833 0.2903
vn -0.3625 -0.8783 0.3116
vn -0.8730 0.3591 0.3299
vn -0.8953 0.3751 0.2401
vn -0.9625 0.0069 0.2711
vn -0.9322 0.0012 0.3619
vn -0.8908 -0.3594 0.2779
vn -0.8710 -0.3557 0.3390
vn -0.6770 0.6765 0.2897
vn -0.6887 0.6947 0.2076
vn -0.3715 0.9071 0.1978
vn -0.3644 0.8852 0.2891
vn 0.2943 0.7058 -0.6444
vn 0.5495 0.5413 -0.6364
vn 0.7145 0.2861 -0.6385
vn 0.7720 -0.0071 -0.6356
vn 0.5685 -0.5742 -0.5892
vn 0.3077 -0.7522 -0.5827
vn 0.7283 -0.3058 -0.6133
vn 0.1439 0.3520 -0.9249
vn 0.2713 0.2693 -0.9241
vn 0.3218 0.1286 -0.9380
vn 0.3195 -0.0000 -0.9476
vn 0.2713 -0.2693 -0.9241
vn 0.1439 -0.3520 -0.9249
vn 0.3218 -0.1286 -0.9380
vn 0.8502 -0.1903 0.4908
vn 0.8851 -0.2817 0.3705
vn 0.1037 0.9946 -0.0023
vn 0.2656 -0.9569 0.1174
vn 0.0899 -0.9354 0.3421
vn 0.1123 -0.8803 0.4609
vn 0.2269 -0.7720 -0.5937
vn 0.1039 -0.9761 0.1910
vn 0.1960 -0.9497 0.2444
vn -0.0833 -0.9965 -0.0089
vn -0.2135 -0.9741 -0.0738
vn -0.6659 -0.7461 0.0039
vn -0.6976 -0.7161 -0.0242
vn -0.9688 -0.0728 -0.2370
vn -0.9428 -0.3201 -0.0934
vn -0.9794 -0.1614 -0.1211
vn -0.9872 -0.1588 -0.0116
vn -0.9744 -0.2221 -0.0344
vn -0.9690 0.0084 -0.2469
vn -0.9706 -0.0009 -0.2407
vn -0.9692 -0.0121 -0.2461
vn -0.9923 0.0012 -0.1240
vn -0.6467 0.7625 0.0190
vn -0.9826 0.1851 -0.0153
vn -0.9466 0.3172 0.0571
vn -0.6977 0.7120 0.0787
vn -0.1164 0.9930 -0.0196
vn -0.2953 0.9549 0.0304
vn -0.9985 0.0017 -0.0544
vn -0.9999 0.0014 -0.0136
vn -0.0218 -0.9990 0.0383
vn 0.2031 -0.9129 -0.3540
vn -0.0436 -0.9991 0.0004
vn -0.0377 -0.9990 0.0223
vn 0.3526 -0.9130 -0.2053
vn 0.4076 -0.9132 -0.0015
vn -0.0221 -0.9991 -0.0373
vn 0.2045 -0.9134 0.3519
vn -0.9662 -0.0719 -0.2476
vn -0.9720 -0.0654 -0.2258
vn -0.9693 -0.1267 -0.2105
vn -0.9945 -0.0095 -0.1044
vn -0.9979 -0.0109 -0.0643
vn -0.9979 0.0651 0.0042
vn -0.9935 0.1119 0.0219
vn -0.6932 -0.7135 0.1018
vn -0.9380 -0.3373 0.0801
vn -0.3206 -0.9449 0.0665
vn -0.9989 -0.0044 0.0460
vn -0.0379 -0.9991 -0.0215
vn 0.3533 -0.9134 0.2023
vn -0.0525 -0.9979 0.0379
vn -0.0355 -0.9993 0.0117
vn -0.2438 0.9632 -0.1130
vn -0.2099 0.9759 -0.0595
vn 0.0231 0.9997 0.0119
vn 0.0214 0.9998 -0.0048
vn 0.0220 0.9989 -0.0414
vn 0.0582 0.9947 -0.0850
vn 0.0020 1.0000 -0.0009
vn -0.0006 1.0000 -0.0017
vn 0.0043 1.0000 0.0070
vn 0.0080 0.9999 0.0130
vn -0.0479 0.9919 -0.1178
vn -0.0943 0.9772 -0.1902
vn -0.3949 0.9035 -0.1665
vn -0.5390 0.2457 0.8056
vn -0.4956 0.2102 0.8427
vn -0.5786 0.5681 0.5852
vn -0.5275 0.6012 0.6002
vn -0.2609 0.7901 0.5547
vn -0.2686 0.7823 0.5620
vn -0.3402 0.9399 0.0303
vn -0.3154 0.9419 0.1158
vn -0.5373 0.6114 -0.5810
vn -0.5301 0.6318 -0.5655
vn -0.5919 0.3376 -0.7319
vn 0.3451 -0.7201 -0.6020
vn 0.0617 -0.0000 -0.9981
vn -0.1674 -0.9333 0.3176
vn -0.4702 -0.7514 0.4630
vn -0.7056 -0.2322 0.6695
vn -0.5466 -0.3452 0.7630
vn -0.0421 0.9372 0.3461
vn 0.0082 0.9304 0.3666
vn -0.0436 0.3951 0.9176
vn -0.1985 0.3916 0.8985
vn 0.0288 -0.9996 -0.0003
vn 0.0298 -0.9996 -0.0003
vn -0.2002 -0.3915 0.8981
vn -0.0454 -0.3942 0.9179
vn 0.0327 0.9995 -0.0002
vn 0.0332 0.9994 -0.0000
vn 0.0333 0.9994 -0.0004
vn -0.1634 0.9339 0.3180
vn -0.5454 0.3455 0.7636
vn 0.0287 -0.9996 -0.0000
vn 0.0283 -0.9996 -0.0002
vn -0.0463 -0.9371 0.3459
vn 0.0041 -0.9302 0.3669
vn -0.4678 0.7522 0.4641
vn -0.7052 0.2319 0.6701
vn 0.0344 0.9994 -0.0003
vn -0.0617 -0.0000 -0.9981
vn 0.1674 -0.9333 0.3176
vn 0.5466 -0.3452 0.7630
vn 0.7056 -0.2322 0.6695
vn 0.4702 -0.7514 0.4630
vn 0.0421 0.9372 0.3461
vn 0.1985 0.3916 0.8985
vn 0.0436 0.3951 0.9176
vn -0.0082 0.9304 0.3666
vn -0.0288 -0.9996 -0.0003
vn -0.0298 -0.9996 -0.0003
vn 0.2002 -0.3915 0.8981
vn 0.0454 -0.3942 0.9179
vn -0.0327 0.9995 -0.0002
vn -0.0332 0.9994 -0.0000
vn -0.0333 0.9994 -0.0004
vn 0.1634 0.9339 0.3180
vn 0.5454 0.3455 0.7636
vn -0.0287 -0.9996 -0.0000
vn -0.0041 -0.9302 0.3669
vn 0.0463 -0.9371 0.3459
vn -0.0283 -0.9996 -0.0002
vn 0.4678 0.7522 0.4641
vn 0.7052 0.2319 0.6701
vn -0.0344 0.9994 -0.0003
vn -0.0000 -0.0000 -1.0000
vn 0.9637 -0.0000 0.2668
vn 0.9616 0.0001 0.2746
vn 1.0000 0.0002 0.0007
vn 1.0000 -0.0000 0.0007
vn 0.0391 0.9937 0.1053
vn 0.0127 0.9945 0.1038
vn -0.0000 0.9101 0.4144
vn -0.0000 0.9065 0.4221
vn -0.0000 0.7164 0.6977
vn -0.9974 0.0685 0.0206
vn -0.9860 0.1664 -0.0086
vn -0.9998 -0.0000 -0.0195
vn -0.9997 -0.0000 0.0242
vn 0.9815 -0.1914 -0.0015
vn 1.0000 -0.0000 -0.0016
vn 0.0522 0.9954 0.0806
vn 0.1591 0.9767 0.1438
vn -0.9814 0.1920 0.0015
vn -1.0000 -0.0000 0.0015
vn -0.9969 -0.0000 0.0785
vn -0.9967 0.0198 0.0785
vn 0.0170 0.9968 0.0775
vn 0.3370 0.0407 0.9406
vn 0.6385 0.0213 0.7693
vn 0.6349 -0.0000 0.7726
vn 0.3373 -0.0000 0.9414
vn 0.1209 -0.0000 -0.9927
vn 0.1164 -0.2704 -0.9557
vn 0.0006 0.9999 0.0167
vn 0.0987 0.9787 0.1798
vn 1.0000 -0.0002 0.0007
vn 0.9616 -0.0001 0.2746
vn 0.0391 -0.9937 0.1053
vn -0.0000 -0.9065 0.4221
vn -0.0000 -0.9101 0.4144
vn 0.0127 -0.9945 0.1038
vn -0.0000 -0.7164 0.6977
vn -0.9974 -0.0685 0.0206
vn -0.9860 -0.1664 -0.0086
vn 0.9815 0.1914 -0.0015
vn 0.0522 -0.9954 0.0806
vn 0.1591 -0.9767 0.1438
vn -0.9814 -0.1920 0.0015
vn -0.9967 -0.0198 0.0785
vn 0.0170 -0.9968 0.0775
vn 0.3370 -0.0407 0.9406
vn 0.6385 -0.0213 0.7693
vn 0.1164 0.2704 -0.9557
vn 0.0006 -0.9999 0.0167
vn 0.0987 -0.9787 0.1798
vn -0.9637 -0.0000 0.2668
vn -1.0000 -0.0000 0.0007
vn -1.0000 0.0002 0.0007
vn -0.9616 0.0001 0.2746
vn -0.0391 0.9937 0.1053
vn -0.0127 0.9945 0.1038
vn 0.9974 0.0685 0.0206
vn 0.9997 -0.0000 0.0242
vn 0.9998 -0.0000 -0.0195
vn 0.9860 0.1664 -0.0086
vn -0.9815 -0.1914 -0.0015
vn -1.0000 -0.0000 -0.0016
vn -0.0522 0.9954 0.0806
vn -0.1591 0.9767 0.1438
vn 1.0000 -0.0000 0.0015
vn 0.9814 0.1920 0.0015
vn 0.9967 0.0198 0.0785
vn 0.9969 -0.0000 0.0785
vn -0.0170 0.9968 0.0775
vn -0.3370 0.0407 0.9406
vn -0.3373 -0.0000 0.9414
vn -0.6349 -0.0000 0.7726
vn -0.6385 0.0213 0.7693
vn -0.1209 -0.0000 -0.9927
vn -0.1164 -0.2704 -0.9557
vn -0.0006 0.9999 0.0167
vn -0.0987 0.9787 0.1798
vn -0.9616 -0.0001 0.2746
vn -1.0000 -0.0002 0.0007
vn -0.0391 -0.9937 0.1053
vn -0.0127 -0.9945 0.1038
vn 0.9974 -0.0685 0.0206
vn 0.9860 -0.1664 -0.0086
vn -0.9815 0.1914 -0.0015
vn -0.0522 -0.9954 0.0806
vn -0.1591 -0.9767 0.1438
vn 0.9814 -0.1920 0.0015
vn 0.9967 -0.0198 0.0785
vn -0.0170 -0.9968 0.0775
vn -0.3370 -0.0407 0.9406
vn -0.6385 -0.0213 0.7693
vn -0.1164 0.2704 -0.9557
vn -0.0006 -0.9999 0.0167
vn -0.0987 -0.9787 0.1798
vn -0.0000 0.9944 0.1057
vn -0.0000 0.9966 -0.0828
vn -0.5155 0.8528 0.0838
vn -0.0000 0.5572 0.8304
vn -0.0000 0.8197 0.5728
vn -0.4432 0.7556 0.4824
vn 0.9609 -0.2732 -0.0458
vn 0.9673 -0.2535 -0.0033
vn 0.9649 -0.2617 -0.0208
vn -0.0000 0.1372 -0.9905
vn -0.9013 0.4266 0.0750
vn -0.9184 0.3956 -0.0004
vn -0.8913 0.4400 0.1095
vn 0.9572 -0.2820 -0.0650
vn -0.0850 -0.9810 -0.1742
vn -0.0857 -0.9896 -0.1157
vn -0.0857 -0.9894 -0.1172
vn -0.0861 -0.9946 -0.0583
vn -0.0000 -0.9944 0.1057
vn -0.5155 -0.8528 0.0838
vn -0.0000 -0.9966 -0.0828
vn -0.0000 -0.5572 0.8304
vn -0.4432 -0.7556 0.4824
vn -0.0000 -0.8197 0.5728
vn 0.9609 0.2732 -0.0458
vn 0.9649 0.2617 -0.0208
vn 0.9673 0.2535 -0.0033
vn -0.0000 -0.1372 -0.9905
vn -0.9013 -0.4266 0.0750
vn -0.9184 -0.3956 -0.0004
vn -0.8913 -0.4400 0.1095
vn 0.9572 0.2820 -0.0650
vn -0.0850 0.9810 -0.1742
vn -0.0857 0.9894 -0.1172
vn -0.0857 0.9896 -0.1157
vn -0.0861 0.9946 -0.0583
vn 0.5155 0.8528 0.0838
vn 0.4432 0.7556 0.4824
vn -0.9609 -0.2732 -0.0458
vn -0.9649 -0.2617 -0.0208
vn -0.9673 -0.2535 -0.0033
vn 0.9013 0.4266 0.0750
vn 0.9184 0.3956 -0.0004
vn 0.8913 0.4400 0.1095
vn -0.9572 -0.2820 -0.0650
vn 0.0850 -0.9810 -0.1742
vn 0.0857 -0.9894 -0.1172
vn 0.0857 -0.9896 -0.1157
vn 0.0861 -0.9946 -0.0583
vn 0.5155 -0.8528 0.0838
vn 0.4432 -0.7556 0.4824
vn -0.9609 0.2732 -0.0458
vn -0.9673 0.2535 -0.0033
vn -0.9649 0.2617 -0.0208
vn 0.9013 -0.4266 0.0750
vn 0.9184 -0.3956 -0.0004
vn 0.8913 -0.4400 0.1095
vn -0.9572 0.2820 -0.0650
vn 0.0850 0.9810 -0.1742
vn 0.0857 0.9896 -0.1157
vn 0.0857 0.9894 -0.1172
vn 0.0861 0.9946 -0.0583
vn -0.0360 -0.0000 -0.9994
vn 0.0380 0.0553 -0.9977
vn 0.8742 -0.0426 -0.4837
vn 0.8564 -0.0000 -0.5163
vn 0.8742 -0.0426 0.4837
vn 0.8564 -0.0000 0.5163
vn 0.0380 0.0553 0.9977
vn -0.0360 -0.0000 0.9994
vn -0.8452 0.1581 0.5106
vn -0.8744 -0.0000 0.4851
vn -0.8452 0.1581 -0.5106
vn -0.8744 -0.0000 -0.4851
vn -0.8452 -0.1581 -0.5106
vn 0.0380 -0.0553 -0.9977
vn -0.8452 -0.1581 0.5106
vn 0.0380 -0.0553 0.9977
vn 0.8742 0.0426 0.4837
vn 0.8742 0.0426 -0.4837
vn -0.0000 -0.5378 0.8431
vn -0.3161 -0.4351 0.8431
vn -0.3161 -0.4351 -0.8431
vn -0.0000 -0.5378 -0.8431
vn -0.9511 0.3090 -0.0000
vn -0.5878 0.8090 -0.0000
vn -0.0000 -1.0000 -0.0000
vn -0.5878 -0.8090 -0.0000
vn -0.0000 1.0000 -0.0000
vn -0.9511 -0.3090 -0.0000
vn -0.5115 -0.1662 0.8431
vn -0.5115 0.1662 0.8431
vn -0.5115 0.1662 -0.8431
vn -0.5115 -0.1662 -0.8431
vn -0.3161 0.4351 0.8431
vn -0.0000 0.5378 0.8431
vn -0.3161 0.4351 -0.8431
vn -0.0000 0.5378 -0.8431
vn -0.8642 -0.0000 -0.5032
vn -0.4975 -0.0000 -0.8675
vn -0.4974 -0.0000 -0.8675
vn -0.8641 -0.0000 -0.5033
vn -0.8679 -0.0000 0.4968
vn -0.8679 -0.0000 0.4967
vn -0.5025 -0.0000 0.8646
vn -0.5024 -0.0000 0.8646
vn -1.0000 -0.0000 -0.0037
vn 0.3161 -0.4351 0.8431
vn 0.3161 -0.4351 -0.8431
vn 0.9511 0.3090 -0.0000
vn 0.5878 0.8090 -0.0000
vn 0.5878 -0.8090 -0.0000
vn 0.9511 -0.3090 -0.0000
vn 0.5115 -0.1662 0.8431
vn 0.5115 0.1662 0.8431
vn 0.5115 0.1662 -0.8431
vn 0.5115 -0.1662 -0.8431
vn 0.3161 0.4351 0.8431
vn 0.3161 0.4351 -0.8431
vn 0.8642 -0.0000 -0.5032
vn 0.8641 -0.0000 -0.5033
vn 0.4974 -0.0000 -0.8675
vn 0.4975 -0.0000 -0.8675
vn 0.8679 -0.0000 0.4968
vn 0.5024 -0.0000 0.8646
vn 0.5025 -0.0000 0.8646
vn 0.8679 -0.0000 0.4967
vn 1.0000 -0.0000 -0.0037
vn -0.3825 -0.9211 -0.0729
vn -0.3803 -0.9220 -0.0729
vn -0.0000 -0.9975 -0.0705
vn -0.7081 -0.7014 -0.0822
vn -0.6987 -0.7107 -0.0817
vn 0.3825 -0.9211 -0.0729
vn 0.3803 -0.9220 -0.0729
vn 0.6987 -0.7107 -0.0817
vn 0.7081 -0.7014 -0.0822
vn -0.9911 0.0022 -0.1333
vn -0.9911 -0.0076 -0.1329
vn -0.9098 -0.4016 -0.1048
vn -0.9242 -0.3661 -0.1084
vn 0.9098 -0.4016 -0.1048
vn 0.9242 -0.3661 -0.1084
vn 0.9911 -0.0076 -0.1329
vn 0.9911 0.0022 -0.1333
vn -0.0000 0.9915 -0.1305
vn -0.3807 0.9157 -0.1283
vn -0.3788 0.9165 -0.1283
vn -0.7000 0.7030 -0.1251
vn -0.7032 0.6999 -0.1251
vn 0.7032 0.6999 -0.1251
vn 0.7000 0.7030 -0.1251
vn 0.3807 0.9157 -0.1283
vn 0.3788 0.9165 -0.1283
vn -0.9207 0.3671 -0.1322
vn -0.9115 0.3899 -0.1312
vn 0.9207 0.3671 -0.1322
vn 0.9115 0.3899 -0.1312
vn 0.3806 0.9193 0.1000
vn -0.0000 0.9952 0.0976
vn 0.3787 0.9201 0.0999
vn 0.7041 0.7017 0.1088
vn 0.6980 0.7078 0.1085
vn -0.3806 0.9193 0.1000
vn -0.7041 0.7017 0.1088
vn -0.6980 0.7078 0.1085
vn -0.3787 0.9201 0.0999
vn 0.9865 -0.0001 0.1637
vn 0.9205 0.3658 0.1374
vn 0.9077 0.3978 0.1337
vn 0.9865 0.0089 0.1633
vn -0.9205 0.3658 0.1374
vn -0.9077 0.3978 0.1337
vn -0.9865 -0.0001 0.1637
vn -0.9865 0.0089 0.1633
vn -0.0000 -0.9876 0.1567
vn 0.3781 -0.9128 0.1546
vn 0.3799 -0.9120 0.1546
vn 0.7009 -0.6971 0.1509
vn 0.7002 -0.6978 0.1510
vn -0.7009 -0.6971 0.1509
vn -0.3781 -0.9128 0.1546
vn -0.3799 -0.9120 0.1546
vn -0.7002 -0.6978 0.1510
vn 0.9180 -0.3628 0.1599
vn 0.9098 -0.3834 0.1588
vn -0.9180 -0.3628 0.1599
vn -0.9098 -0.3834 0.1588
vn 0.0603 -0.1219 0.9907
vn -0.0000 -0.1302 0.9915
vn 0.0604 -0.1219 0.9907
vn 0.1763 -0.1868 -0.9664
vn 0.1976 -0.0926 -0.9759
vn 0.1975 -0.0909 -0.9761
vn 0.1767 -0.1860 -0.9665
vn 0.1028 -0.0262 0.9944
vn 0.1031 -0.0238 0.9944
vn 0.1818 -0.0102 -0.9833
vn 0.1817 -0.0098 -0.9833
vn -0.0603 -0.1219 0.9907
vn -0.1028 -0.0262 0.9944
vn -0.1031 -0.0238 0.9944
vn -0.0604 -0.1219 0.9907
vn -0.0000 0.1305 -0.9914
vn -0.0555 0.1241 -0.9907
vn -0.0553 0.1241 -0.9907
vn -0.1098 0.0998 -0.9889
vn -0.1096 0.0999 -0.9889
vn 0.1456 0.0217 0.9891
vn 0.1230 0.1896 0.9741
vn 0.1233 0.1942 0.9732
vn 0.1456 0.0214 0.9891
vn 0.1098 0.0998 -0.9889
vn 0.0555 0.1241 -0.9907
vn 0.0553 0.1241 -0.9907
vn 0.1096 0.0999 -0.9889
vn -0.0000 0.2878 0.9577
vn 0.0993 0.2631 0.9596
vn 0.0991 0.2632 0.9596
vn -0.1230 0.1896 0.9741
vn -0.1233 0.1942 0.9732
vn 0.1564 0.1283 0.9793
vn 0.1567 0.1260 0.9796
vn -0.1527 0.0534 -0.9868
vn -0.1818 -0.0102 -0.9833
vn -0.1817 -0.0098 -0.9833
vn -0.1528 0.0532 -0.9868
vn -0.1456 0.0217 0.9891
vn -0.1456 0.0214 0.9891
vn -0.1564 0.1283 0.9793
vn -0.0993 0.2631 0.9596
vn -0.0991 0.2632 0.9596
vn -0.1567 0.1260 0.9796
vn -0.1036 -0.2606 -0.9599
vn -0.0000 -0.2874 -0.9578
vn -0.1039 -0.2605 -0.9599
vn 0.1527 0.0534 -0.9868
vn 0.1528 0.0532 -0.9868
vn -0.1763 -0.1868 -0.9664
vn -0.1767 -0.1860 -0.9665
vn 0.1591 -0.1289 0.9788
vn 0.1587 -0.1358 0.9779
vn 0.1036 -0.2606 -0.9599
vn 0.1039 -0.2605 -0.9599
vn -0.1591 -0.1289 0.9788
vn -0.1587 -0.1358 0.9779
vn -0.1976 -0.0926 -0.9759
vn -0.1975 -0.0909 -0.9761
vn -0.0000 0.7071 -0.7071
vn -0.0000 0.7071 0.7071
vn -0.0000 -0.7071 0.7071
vn -0.0000 -0.7071 -0.7071
vn 1.0000 -0.0000 -0.0000
vn -1.0000 -0.0000 -0.0000
vn 0.0626 -0.0226 -0.9978
vn -0.4762 -0.8203 0.3167
vn -0.6998 -0.5460 0.4607
vn -0.7456 0.0226 0.6660
vn -0.6349 -0.1375 0.7603
vn 0.3666 0.8771 0.3104
vn 0.4926 0.7612 0.4219
vn 0.3970 0.2399 0.8859
vn 0.1143 0.3928 0.9125
vn -0.3127 -0.9498 -0.0002
vn -0.3118 -0.9502 -0.0001
vn -0.1668 -0.3748 0.9120
vn 0.1487 -0.4354 0.8879
vn 0.3955 0.9185 0.0001
vn 0.4249 0.9052 0.0004
vn 0.3711 0.9286 -0.0002
vn 0.1623 0.9343 0.3172
vn -0.3990 0.5116 0.7609
vn -0.2640 -0.9645 0.0004
vn -0.2909 -0.9568 0.0001
vn -0.2868 -0.9064 0.3101
vn -0.1180 -0.8980 0.4238
vn -0.2635 0.0953 -0.9599
vn -0.1083 0.0392 -0.9933
vn -0.1075 0.0389 -0.9934
vn -0.1864 0.8672 0.4618
vn -0.5874 0.4589 0.6666
vn 0.3721 0.9282 -0.0002
vn -0.0626 -0.0226 -0.9978
vn 0.4762 -0.8203 0.3167
vn 0.6349 -0.1375 0.7603
vn 0.7456 0.0226 0.6660
vn 0.6998 -0.5460 0.4607
vn -0.3666 0.8771 0.3104
vn -0.1143 0.3928 0.9125
vn -0.3970 0.2399 0.8859
vn -0.4926 0.7612 0.4219
vn 0.3127 -0.9498 -0.0002
vn 0.3118 -0.9502 -0.0001
vn 0.1668 -0.3748 0.9120
vn -0.1487 -0.4354 0.8879
vn -0.3955 0.9185 0.0001
vn -0.4249 0.9052 0.0004
vn -0.3711 0.9286 -0.0002
vn -0.1623 0.9343 0.3172
vn 0.3990 0.5116 0.7609
vn 0.2640 -0.9645 0.0004
vn 0.1180 -0.8980 0.4238
vn 0.2868 -0.9064 0.3101
vn 0.2909 -0.9568 0.0001
vn 0.2635 0.0953 -0.9599
vn 0.1075 0.0389 -0.9934
vn 0.1083 0.0392 -0.9933
vn 0.1864 0.8672 0.4618
vn 0.5874 0.4589 0.6666
vn -0.3721 0.9282 -0.0002
vn 0.5445 -0.7495 0.3765
vn 0.8811 -0.2863 0.3765
vn 0.8811 -0.2863 -0.3765
vn 0.5445 -0.7495 -0.3765
vn -0.0000 -0.9264 0.3765
vn -0.0000 -0.9264 -0.3765
vn -0.5445 -0.7495 -0.3765
vn -0.0000 -0.7529 -0.6581
vn -0.4426 -0.6091 -0.6581
vn -0.5445 -0.7495 0.3765
vn -0.4426 -0.6091 0.6581
vn -0.0000 -0.7529 0.6581
vn -0.8811 -0.2863 -0.3765
vn -0.7161 -0.2327 -0.6581
vn -0.8811 -0.2863 0.3765
vn -0.7161 -0.2327 0.6581
vn -0.8811 0.2863 -0.3765
vn -0.7161 0.2327 -0.6581
vn -0.8811 0.2863 0.3765
vn -0.7161 0.2327 0.6581
vn -0.5445 0.7495 -0.3765
vn -0.4426 0.6091 -0.6581
vn -0.5445 0.7495 0.3765
vn -0.4426 0.6091 0.6581
vn -0.0000 0.9264 -0.3765
vn -0.0000 0.7529 -0.6581
vn -0.0000 0.9264 0.3765
vn -0.0000 0.7529 0.6581
vn 0.5445 0.7495 -0.3765
vn 0.4426 0.6091 -0.6581
vn 0.5445 0.7495 0.3765
vn 0.4426 0.6091 0.6581
vn 0.8811 0.2863 -0.3765
vn 0.7161 0.2327 -0.6581
vn 0.8811 0.2863 0.3765
vn 0.7161 0.2327 0.6581
vn 0.7161 -0.2327 -0.6581
vn 0.7161 -0.2327 0.6581
vn 0.4426 -0.6091 -0.6581
vn 0.4426 -0.6091 0.6581
vn 0.3250 -0.4473 -0.8333
vn 0.5258 -0.1708 -0.8333
vn -0.0000 -0.5529 0.8333
vn -0.3250 -0.4473 0.8333
vn -0.0000 -0.9883 0.1523
vn 0.5809 -0.7996 0.1523
vn 0.5703 -0.7849 0.2423
vn -0.0000 -0.9702 0.2423
vn 0.5258 0.1708 -0.8333
vn -0.5258 -0.1708 0.8333
vn -0.5258 0.1708 0.8333
vn 0.8827 0.2868 -0.3724
vn 0.8827 -0.2868 -0.3724
vn 0.9227 0.2998 0.2423
vn 0.5703 0.7849 0.2423
vn 0.5796 0.7977 0.1667
vn 0.9378 0.3047 0.1667
vn 0.9400 -0.3054 0.1523
vn 0.9227 -0.2998 0.2423
vn 0.5809 0.7996 0.1523
vn -0.0000 0.9883 0.1523
vn -0.0000 0.9702 0.2423
vn 0.9400 0.3054 0.1523
vn -0.5809 0.7996 0.1523
vn -0.5703 0.7849 0.2423
vn -0.9400 0.3054 0.1523
vn -0.9227 0.2998 0.2423
vn -0.9400 -0.3054 0.1523
vn -0.9227 -0.2998 0.2423
vn -0.5809 -0.7996 0.1523
vn -0.5703 -0.7849 0.2423
vn -0.9378 0.3047 0.1667
vn -0.5796 0.7977 0.1667
vn -0.0000 -0.9860 0.1667
vn -0.5796 -0.7977 0.1667
vn 0.9378 -0.3047 0.1667
vn -0.0000 0.9860 0.1667
vn -0.9378 -0.3047 0.1667
vn 0.5796 -0.7977 0.1667
vn -0.5455 0.7508 -0.3724
vn -0.0000 0.9281 -0.3724
vn -0.5455 -0.7508 -0.3724
vn -0.8827 -0.2868 -0.3724
vn 0.5455 -0.7508 -0.3724
vn 0.5455 0.7508 -0.3724
vn -0.8827 0.2868 -0.3724
vn -0.0000 -0.9281 -0.3724
vn 0.3250 -0.4473 0.8333
vn 0.5258 0.1708 0.8333
vn 0.5258 -0.1708 0.8333
vn 0.3250 0.4473 -0.8333
vn -0.0000 0.5529 -0.8333
vn -0.3250 -0.4473 -0.8333
vn -0.0000 -0.5529 -0.8333
vn -0.0000 0.5529 0.8333
vn 0.3250 0.4473 0.8333
vn -0.3250 0.4473 -0.8333
vn -0.5258 0.1708 -0.8333
vn -0.3250 0.4473 0.8333
vn -0.5258 -0.1708 -0.8333
vn -0.9775 -0.0969 -0.1871
vn -0.9394 0.0616 0.3373
vn -0.9939 -0.0677 -0.0871
vn -0.5342 -0.3591 -0.7653
vn -0.5503 -0.3505 -0.7578
vn 0.5342 -0.3591 -0.7653
vn -0.0000 -0.4892 -0.8722
vn 0.5503 -0.3505 -0.7578
vn 0.9775 -0.0969 -0.1871
vn 0.9939 -0.0677 -0.0871
vn 0.9394 0.0616 0.3373
vn -0.0000 0.9875 -0.1575
vn -0.0000 0.9808 -0.1952
vn -0.0000 0.8171 -0.5765
vn -0.0000 0.9234 -0.3838
vn -0.0000 0.9936 -0.1129
vn -0.0013 -0.0083 -1.0000
vn -0.0654 -0.0532 -0.9964
vn -0.0744 -0.0623 -0.9953
vn 0.0038 -0.0088 -1.0000
vn -0.1107 0.0144 -0.9938
vn -0.0838 0.0030 -0.9965
vn -0.0000 -0.0177 -0.9998
vn -0.0158 0.0036 -0.9999
vn -0.0059 0.0037 -1.0000
vn -0.0901 0.0157 -0.9958
vn -0.1094 0.0208 -0.9938
vn 0.0229 -0.0033 -0.9997
vn -0.0926 -0.0963 -0.9910
vn -0.0680 -0.0842 -0.9941
vn -0.0000 -0.0678 -0.9977
vn 0.0013 -0.0083 -1.0000
vn -0.0038 -0.0088 -1.0000
vn 0.0744 -0.0623 -0.9953
vn 0.0654 -0.0532 -0.9964
vn 0.1107 0.0144 -0.9938
vn 0.0838 0.0030 -0.9965
vn 0.0158 0.0036 -0.9999
vn 0.1094 0.0208 -0.9938
vn 0.0901 0.0157 -0.9958
vn 0.0059 0.0037 -1.0000
vn -0.0229 -0.0033 -0.9997
vn 0.0680 -0.0842 -0.9941
vn 0.0926 -0.0963 -0.9910
vn 0.0016 0.0086 1.0000
vn -0.0034 0.0090 1.0000
vn 0.0749 0.0626 0.9952
vn 0.0652 0.0529 0.9965
vn 0.1103 -0.0142 0.9938
vn -0.0000 0.0172 0.9999
vn 0.0841 -0.0033 0.9965
vn 0.0156 -0.0038 0.9999
vn 0.1092 -0.0205 0.9938
vn 0.0907 -0.0157 0.9958
vn 0.0063 -0.0039 1.0000
vn -0.0229 0.0032 0.9997
vn -0.0229 0.0033 0.9997
vn 0.0684 0.0846 0.9941
vn 0.0917 0.0958 0.9912
vn -0.0000 0.0683 0.9977
vn -0.0016 0.0086 1.0000
vn -0.0652 0.0529 0.9965
vn -0.0749 0.0626 0.9952
vn 0.0034 0.0090 1.0000
vn -0.1103 -0.0142 0.9938
vn -0.0841 -0.0033 0.9965
vn -0.0156 -0.0038 0.9999
vn -0.0063 -0.0039 1.0000
vn -0.0907 -0.0157 0.9958
vn -0.1092 -0.0205 0.9938
vn 0.0229 0.0032 0.9997
vn 0.0229 0.0033 0.9997
vn -0.0917 0.0958 0.9912
vn -0.0684 0.0846 0.9941
vn 0.9824 -0.1869 -0.0041
vn 0.7022 -0.7118 0.0140
vn 0.7025 -0.7115 0.0139
vn 0.9828 -0.1844 -0.0038
vn 0.2006 0.9796 -0.0148
vn 0.7149 0.6984 -0.0340
vn 0.7251 0.6878 -0.0343
vn 0.2040 0.9789 -0.0150
vn 0.9784 0.2063 -0.0158
vn 0.9795 0.2009 -0.0150
vn 0.9999 0.0010 0.0116
vn -0.0000 1.0000 -0.0058
vn 0.1764 -0.9824 0.0616
vn 0.1785 -0.9820 0.0614
vn -0.0000 -0.9972 0.0751
vn -0.7022 -0.7118 0.0140
vn -0.9824 -0.1869 -0.0041
vn -0.9828 -0.1844 -0.0038
vn -0.7025 -0.7115 0.0139
vn -0.7149 0.6984 -0.0340
vn -0.2006 0.9796 -0.0148
vn -0.2040 0.9789 -0.0150
vn -0.7251 0.6878 -0.0343
vn -0.9784 0.2063 -0.0158
vn -0.9795 0.2009 -0.0150
vn -0.9999 0.0010 0.0116
vn -0.1764 -0.9824 0.0616
vn -0.1785 -0.9820 0.0614
vn 0.0360 -0.0000 -0.9994
vn -0.8564 -0.0000 -0.5163
vn -0.8742 -0.0426 -0.4837
vn -0.0380 0.0553 -0.9977
vn -0.8564 -0.0000 0.5163
vn -0.8742 -0.0426 0.4837
vn 0.0360 -0.0000 0.9994
vn -0.0380 0.0553 0.9977
vn 0.8744 -0.0000 0.4851
vn 0.8452 0.1581 0.5106
vn 0.8744 -0.0000 -0.4851
vn 0.8452 0.1581 -0.5106
vn 0.8452 -0.1581 -0.5106
vn -0.0380 -0.0553 -0.9977
vn 0.8452 -0.1581 0.5106
vn -0.0380 -0.0553 0.9977
vn -0.8742 0.0426 0.4837
vn -0.8742 0.0426 -0.4837
vn -0.7916 0.4142 -0.4492
vn -0.9118 0.4107 0.0038
vn -0.9118 0.4106 0.0052
vn -0.7933 0.4142 -0.4462
vn -0.4674 0.4148 -0.7807
vn -0.4615 0.4146 -0.7843
vn -0.7840 0.4123 0.4640
vn -0.4493 0.4155 0.7908
vn -0.4504 0.4155 0.7902
vn -0.7866 0.4123 0.4597
vn -0.0000 0.4114 -0.9115
vn -0.0000 0.4158 0.9094
vn 0.7916 0.4142 -0.4492
vn 0.7933 0.4142 -0.4462
vn 0.9118 0.4106 0.0052
vn 0.9118 0.4107 0.0038
vn 0.4674 0.4148 -0.7807
vn 0.4615 0.4146 -0.7843
vn 0.7840 0.4123 0.4640
vn 0.7866 0.4123 0.4597
vn 0.4504 0.4155 0.7902
vn 0.4493 0.4155 0.7908
vn 0.4988 0.8571 0.1285
vn 0.4988 0.8571 -0.1285
vn -0.0000 0.9714 0.2375
vn -0.0000 0.9714 -0.2375
vn -0.4988 0.8571 0.1285
vn -0.4988 0.8571 -0.1285
vn -0.5289 0.8100 -0.2532
vn -0.5289 0.8100 0.2532
vn -0.0000 0.8865 -0.4628
vn -0.0000 0.8865 0.4628
vn 0.5289 0.8100 0.2532
vn 0.5289 0.8100 -0.2532
vn 0.8991 -0.1675 -0.4044
vn 0.8991 -0.4044 -0.1675
vn 0.3688 -0.8587 -0.3557
vn 0.3688 -0.3557 -0.8587
vn 0.8991 0.4044 -0.1675
vn 0.8991 0.1675 -0.4044
vn 0.3688 0.3557 -0.8587
vn 0.3688 0.8587 -0.3557
vn 0.8991 -0.4044 0.1675
vn 0.8991 -0.1675 0.4044
vn 0.3688 -0.3557 0.8587
vn 0.3688 -0.8587 0.3557
vn 0.8991 0.1675 0.4044
vn 0.8991 0.4044 0.1675
vn 0.3688 0.8587 0.3557
vn 0.3688 0.3557 0.8587
vn -0.0000 -0.9239 0.3827
vn -0.0000 -0.3827 0.9239
vn -0.0000 0.3827 0.9239
vn -0.0000 -0.9239 -0.3827
vn -0.0000 0.9239 0.3827
vn -0.0000 0.9239 -0.3827
vn -0.0000 -0.3827 -0.9239
vn -0.0000 0.3827 -0.9239
vn 0.8582 -0.3163 -0.4044
vn 0.8183 -0.5498 -0.1675
vn 0.2192 -0.9085 -0.3557
vn 0.3038 -0.4127 -0.8587
vn 0.9543 0.2475 -0.1675
vn 0.9145 0.0139 -0.4044
vn 0.4234 0.2886 -0.8587
vn 0.5080 0.7845 -0.3557
vn 0.8183 -0.5498 0.1675
vn 0.8582 -0.3163 0.4044
vn 0.3038 -0.4127 0.8587
vn 0.2192 -0.9085 0.3557
vn 0.9145 0.0139 0.4044
vn 0.9543 0.2475 0.1675
vn 0.5080 0.7845 0.3557
vn 0.4234 0.2886 0.8587
vn -0.1553 -0.9107 0.3827
vn -0.0643 -0.3772 0.9239
vn 0.0643 0.3772 0.9239
vn -0.1553 -0.9107 -0.3827
vn 0.1553 0.9107 0.3827
vn 0.1553 0.9107 -0.3827
vn -0.0643 -0.3772 -0.9239
vn 0.0643 0.3772 -0.9239
vn -0.2744 -0.9616 -0.0000
vn -0.6638 0.7479 -0.0000
vn -0.6347 -0.5453 -0.5475
vn -0.7723 0.4209 -0.4759
vn -0.6347 -0.5453 0.5475
vn -0.7723 0.4209 0.4759
vn -0.7324 -0.6809 -0.0000
vn -0.6325 -0.0023 0.7746
vn -0.8279 0.5609 -0.0000
vn -0.6325 -0.0023 -0.7746
vn -0.0000 -0.2704 -0.9627
vn 0.6389 -0.0966 -0.7632
vn 0.9035 0.3231 -0.2815
vn 0.6389 0.7428 0.2002
vn -0.0000 0.9166 0.3997
vn -0.0000 0.5043 -0.8635
vn 0.2261 0.5658 -0.7929
vn 0.3198 0.7144 -0.6224
vn 0.2261 0.8629 -0.4519
vn -0.0000 0.9244 -0.3813
vn -0.2908 0.4962 -0.8181
vn -0.4113 0.6872 -0.5988
vn -0.0000 0.7540 -0.6569
vn -0.2908 0.8783 -0.3795
vn -0.0000 0.9574 -0.2887
vn -0.0000 0.4171 -0.9089
vn -0.6389 -0.0966 -0.7632
vn -0.9035 0.3231 -0.2815
vn -0.6389 0.7428 0.2002
vn -0.2261 0.5658 -0.7929
vn -0.3198 0.7144 -0.6224
vn -0.2261 0.8629 -0.4519
vn 0.2908 0.4962 -0.8181
vn 0.4113 0.6872 -0.5988
vn 0.2908 0.8783 -0.3795
vn -0.0000 0.9887 0.1499
vn -0.0000 0.8051 -0.5932
vn -0.0000 0.8561 0.5168
vn -0.0000 0.5168 -0.8561
vn -0.9168 0.2426 0.3171
vn -0.3991 -0.5775 -0.7122
vn 0.9168 -0.2426 -0.3171
vn 0.3991 0.5775 0.7122
vn -0.9305 -0.2368 -0.2794
vn -0.3661 0.5799 0.7278
vn -0.0103 0.7795 -0.6263
vn 0.3661 -0.5799 -0.7278
vn 0.9305 0.2368 0.2794
vn -0.9165 0.2269 0.3294
vn -0.3994 -0.5617 -0.7245
vn 0.9165 -0.2269 -0.3294
vn 0.3994 0.5617 0.7245
vn -0.3657 0.5576 0.7452
vn -0.0206 0.7956 -0.6054
vn 0.3657 -0.5576 -0.7452
vn 0.9168 0.2426 0.3171
vn 0.3991 -0.5775 -0.7122
vn -0.9168 -0.2426 -0.3171
vn -0.3991 0.5775 0.7122
vn 0.9305 -0.2368 -0.2794
vn 0.3661 0.5799 0.7278
vn 0.0103 0.7795 -0.6263
vn -0.3661 -0.5799 -0.7278
vn -0.9305 0.2368 0.2794
vn 0.9165 0.2269 0.3294
vn 0.3994 -0.5617 -0.7245
vn -0.9165 -0.2269 -0.3294
vn -0.3994 0.5617 0.7245
vn 0.3657 0.5576 0.7452
vn 0.0206 0.7956 -0.6054
vn -0.3657 -0.5576 -0.7452
vn -0.3495 0.1525 -0.9244
vn -0.0000 0.0288 -0.9996
vn -0.4942 0.4512 -0.7431
vn -0.3495 0.7499 -0.5617
vn -0.0000 0.8737 -0.4865
vn 0.3495 0.7499 -0.5617
vn 0.4942 0.4512 -0.7431
vn 0.4943 0.4512 -0.7431
vn 0.3495 0.1525 -0.9244
vn -0.0000 0.5190 -0.8547
vn -0.0000 0.6807 -0.7326
vn 0.1426 0.6302 -0.7632
vn 0.2016 0.5084 -0.8372
vn 0.1426 0.3865 -0.9112
vn -0.0000 0.3361 -0.9418
vn -0.1426 0.3865 -0.9112
vn -0.2016 0.5084 -0.8372
vn -0.1426 0.6302 -0.7632
vn -0.0000 0.6638 -0.7479
vn 0.1267 0.6190 -0.7751
vn 0.1792 0.5106 -0.8409
vn 0.1267 0.4023 -0.9067
vn -0.0000 0.3574 -0.9339
vn -0.1267 0.4023 -0.9067
vn -0.1792 0.5106 -0.8409
vn -0.1267 0.6190 -0.7751
vt 0.823828 0.067253
vt 0.858804 0.067586
vt 0.858403 0.127900
vt 0.824659 0.126438
vt 0.637202 0.893079
vt 0.678821 0.914604
vt 0.477613 0.914604
vt 0.456033 0.907061
vt 0.801484 0.066867
vt 0.800218 0.121960
vt 0.611077 0.867432
vt 0.446548 0.894663
vt 0.669123 0.274101
vt 0.695889 0.302442
vt 0.668257 0.303015
vt 0.668156 0.367859
vt 0.691774 0.367677
vt 0.691411 0.423232
vt 0.667916 0.423170
vt 0.652339 0.244381
vt 0.637981 0.273585
vt 0.624602 0.243956
vt 0.637613 0.302783
vt 0.574039 0.422970
vt 0.608175 0.423139
vt 0.613387 0.499908
vt 0.584438 0.502110
vt 0.383808 0.571366
vt 0.392024 0.603911
vt 0.317465 0.613144
vt 0.311938 0.584395
vt 0.638035 0.423030
vt 0.637758 0.367914
vt 0.631269 0.001816
vt 0.631080 0.017690
vt 0.627297 0.017645
vt 0.627486 0.001771
vt 0.627021 0.040891
vt 0.630804 0.040936
vt 0.702090 0.567015
vt 0.725283 0.553489
vt 0.730795 0.560775
vt 0.706019 0.575243
vt 0.620341 0.616486
vt 0.800421 0.635157
vt 0.778545 0.642163
vt 0.584912 0.636181
vt 0.649646 0.576278
vt 0.675534 0.574117
vt 0.678407 0.583741
vt 0.649661 0.586621
vt 0.573106 0.553524
vt 0.595838 0.566131
vt 0.593137 0.576076
vt 0.567261 0.562730
vt 0.646580 0.591487
vt 0.810223 0.623022
vt 0.597572 0.236917
vt 0.606888 0.273224
vt 0.584543 0.270203
vt 0.606696 0.302530
vt 0.577193 0.304479
vt 0.607342 0.367906
vt 0.576748 0.367828
vt 0.695921 0.503654
vt 0.667848 0.500759
vt 0.859157 0.204581
vt 0.830876 0.202407
vt 0.398660 0.628968
vt 0.320427 0.641493
vt 0.640744 0.499587
vt 0.802028 0.201871
vt 0.623702 0.001726
vt 0.623514 0.017600
vt 0.623238 0.040846
vt 0.103665 0.236110
vt 0.127476 0.233769
vt 0.128615 0.241887
vt 0.104341 0.244199
vt 0.032865 0.237336
vt 0.056337 0.238385
vt 0.056314 0.245869
vt 0.032475 0.244861
vt 0.080012 0.237729
vt 0.080287 0.245530
vt 0.009665 0.234806
vt 0.008562 0.242437
vt 0.828553 0.612863
vt 0.805453 0.612214
vt 0.805423 0.604820
vt 0.829231 0.605520
vt 0.151388 0.229745
vt 0.153314 0.237774
vt 0.782351 0.613370
vt 0.781587 0.605787
vt 0.828087 0.234232
vt 0.802853 0.236044
vt 0.853710 0.238030
vt 0.687338 0.537310
vt 0.662258 0.531931
vt 0.637903 0.530565
vt 0.286149 0.642163
vt 0.284465 0.617088
vt 0.277743 0.592806
vt 0.613713 0.532229
vt 0.589224 0.537753
vt 0.827705 0.242305
vt 0.804897 0.243945
vt 0.850814 0.246231
vt 0.684077 0.545021
vt 0.661225 0.539999
vt 0.637946 0.539068
vt 0.278085 0.641205
vt 0.276654 0.618497
vt 0.270090 0.596600
vt 0.614804 0.540181
vt 0.592477 0.545275
vt 0.622991 0.574522
vt 0.620876 0.584151
vt 0.805823 0.001979
vt 0.822664 0.022775
vt 0.859157 0.030715
vt 0.582256 0.612767
vt 0.601217 0.585380
vt 0.471500 0.611135
vt 0.493416 0.593154
vt 0.508610 0.601574
vt 0.515226 0.634824
vt 0.503412 0.569146
vt 0.516586 0.571815
vt 0.396934 0.595240
vt 0.419355 0.611579
vt 0.387375 0.570007
vt 0.445087 0.614846
vt 0.452919 0.631050
vt 0.555602 0.578695
vt 0.543804 0.607078
vt 0.549597 0.636207
vt 0.124282 0.405815
vt 0.126034 0.345760
vt 0.158441 0.344123
vt 0.158638 0.405263
vt 0.105944 0.406269
vt 0.105043 0.350344
vt 0.088672 0.498215
vt 0.087051 0.470284
vt 0.111745 0.471029
vt 0.086671 0.406198
vt 0.085347 0.350581
vt 0.072192 0.528079
vt 0.045271 0.528835
vt 0.058259 0.498913
vt 0.057671 0.470681
vt 0.001709 0.352708
vt 0.007018 0.274424
vt 0.033013 0.274773
vt 0.028541 0.351514
vt 0.827428 0.500512
vt 0.830369 0.574112
vt 0.803804 0.573904
vt 0.795976 0.499969
vt 0.057438 0.406356
vt 0.057100 0.350918
vt 0.124638 0.556216
vt 0.130373 0.538763
vt 0.154420 0.549044
vt 0.145891 0.565310
vt 0.078471 0.548601
vt 0.078579 0.530187
vt 0.104821 0.532372
vt 0.102282 0.550602
vt 0.010959 0.565298
vt 0.002374 0.549019
vt 0.026780 0.538604
vt 0.033210 0.555835
vt 0.021725 0.535658
vt 0.009128 0.502178
vt 0.027203 0.499649
vt 0.002075 0.468877
vt 0.026954 0.471293
vt 0.027570 0.406717
vt 0.002802 0.407044
vt 0.083651 0.274212
vt 0.108034 0.273184
vt 0.132760 0.270860
vt 0.159178 0.267892
vt 0.778318 0.574645
vt 0.776197 0.496545
vt 0.058646 0.274563
vt 0.052335 0.532298
vt 0.055070 0.550488
vt 0.123433 0.450570
vt 0.159160 0.442112
vt 0.799457 0.318972
vt 0.803260 0.280554
vt 0.830313 0.259431
vt 0.827886 0.304496
vt 0.792741 0.430640
vt 0.769574 0.381867
vt 0.796353 0.397464
vt 0.805580 0.417159
vt 0.826502 0.398923
vt 0.826514 0.411293
vt 0.807618 0.484760
vt 0.793426 0.471136
vt 0.827143 0.489371
vt 0.787572 0.450550
vt 0.773254 0.442904
vt 0.797404 0.357801
vt 0.826673 0.350571
vt 0.774454 0.348594
vt 0.781977 0.313726
vt 0.693428 0.549791
vt 0.676648 0.570347
vt 0.674923 0.563713
vt 0.688721 0.544808
vt 0.717662 0.521748
vt 0.712514 0.517222
vt 0.638113 0.569974
vt 0.605547 0.562020
vt 0.606651 0.555255
vt 0.639439 0.563249
vt 0.562378 0.543801
vt 0.565435 0.537666
vt 0.533508 0.521290
vt 0.538839 0.516981
vt 0.964039 0.125139
vt 0.948675 0.100672
vt 0.955060 0.098178
vt 0.969057 0.120470
vt 0.987525 0.142346
vt 0.990462 0.136152
vt 0.948851 0.043908
vt 0.964346 0.019524
vt 0.969347 0.024212
vt 0.955220 0.046442
vt 0.987509 0.002595
vt 0.990462 0.008781
vt 0.943370 0.072273
vt 0.950224 0.072297
vt 0.864949 0.387370
vt 0.839973 0.387370
vt 0.840901 0.359336
vt 0.864145 0.359336
vt 0.349285 0.820579
vt 0.387682 0.823071
vt 0.394100 0.834090
vt 0.354460 0.833111
vt 0.318184 0.853727
vt 0.001771 0.863475
vt 0.002254 0.850177
vt 0.320256 0.840399
vt 0.245386 0.241030
vt 0.245386 0.212984
vt 0.345631 0.206793
vt 0.319346 0.234740
vt 0.320225 0.832368
vt 0.002259 0.823707
vt 0.162584 0.546006
vt 0.162584 0.229606
vt 0.226349 0.233543
vt 0.226349 0.549944
vt 0.162584 0.574055
vt 0.236543 0.580345
vt 0.354511 0.839609
vt 0.245386 0.585432
vt 0.245386 0.269075
vt 0.309151 0.265137
vt 0.309151 0.581494
vt 0.349339 0.852138
vt 0.001771 0.810410
vt 0.318160 0.819051
vt 0.874819 0.731631
vt 0.828568 0.731631
vt 0.839044 0.415404
vt 0.865752 0.415404
vt 0.387710 0.849462
vt 0.394096 0.838437
vt 0.162584 0.602105
vt 0.262829 0.608295
vt 0.918565 0.671412
vt 0.915896 0.657265
vt 0.942806 0.657265
vt 0.945474 0.671412
vt 0.372174 0.014056
vt 0.370448 0.028516
vt 0.274075 0.007126
vt 0.269799 0.001836
vt 0.947646 0.478047
vt 0.933503 0.478958
vt 0.931747 0.369320
vt 0.937129 0.368806
vt 0.935910 0.365866
vt 0.926916 0.363498
vt 0.931079 0.360044
vt 0.940956 0.551091
vt 0.916046 0.537589
vt 0.917438 0.478113
vt 0.530719 0.954629
vt 0.433737 0.938941
vt 0.428460 0.912912
vt 0.534536 0.928279
vt 0.434673 0.078101
vt 0.422823 0.035288
vt 0.955384 0.558342
vt 0.483936 0.015266
vt 0.421277 0.018788
vt 0.479746 0.002102
vt 0.354231 0.954629
vt 0.349399 0.941688
vt 0.957113 0.657014
vt 0.933686 0.077785
vt 0.929390 0.020516
vt 0.933152 0.020234
vt 0.937467 0.077835
vt 0.876258 0.183098
vt 0.927189 0.138123
vt 0.929120 0.141655
vt 0.882632 0.194755
vt 0.876021 0.118748
vt 0.875741 0.015356
vt 0.873285 0.002320
vt 0.928646 0.016566
vt 0.881663 0.711745
vt 0.942522 0.752386
vt 0.932283 0.811696
vt 0.876409 0.813282
vt 0.876409 0.648949
vt 0.931608 0.690185
vt 0.931184 0.138545
vt 0.863140 0.183153
vt 0.862577 0.118539
vt 0.862577 0.015356
vt 0.952899 0.409757
vt 0.958017 0.460887
vt 0.952769 0.462104
vt 0.944514 0.409811
vt 0.992485 0.409439
vt 0.984631 0.461875
vt 0.979384 0.461243
vt 0.984033 0.409495
vt 0.974168 0.460394
vt 0.975966 0.409557
vt 0.968823 0.459811
vt 0.968289 0.409609
vt 0.963333 0.459959
vt 0.960733 0.409707
vt 0.962679 0.359419
vt 0.957350 0.358562
vt 0.968153 0.359539
vt 0.973476 0.358886
vt 0.978665 0.357970
vt 0.983997 0.357265
vt 0.952087 0.357413
vt 0.120659 0.042551
vt 0.160959 0.052062
vt 0.159608 0.061735
vt 0.115401 0.052730
vt 0.161660 0.171633
vt 0.115677 0.178784
vt 0.110792 0.167782
vt 0.160569 0.160176
vt 0.412895 0.282888
vt 0.382085 0.269757
vt 0.382883 0.259959
vt 0.418975 0.275025
vt 0.383010 0.393092
vt 0.417290 0.375565
vt 0.424208 0.383630
vt 0.384562 0.403282
vt 0.434834 0.309108
vt 0.444073 0.305748
vt 0.437116 0.344218
vt 0.447013 0.346997
vt 0.436526 0.344216
vt 0.446442 0.346814
vt 0.435085 0.309094
vt 0.444379 0.305567
vt 0.418431 0.376682
vt 0.425559 0.384693
vt 0.412449 0.283032
vt 0.418339 0.274922
vt 0.383391 0.393494
vt 0.384742 0.403926
vt 0.381562 0.269685
vt 0.382213 0.260602
vt 0.378665 0.276235
vt 0.407981 0.289229
vt 0.427774 0.312343
vt 0.429009 0.342298
vt 0.411167 0.368821
vt 0.378665 0.384482
vt 0.412199 0.370084
vt 0.428314 0.342392
vt 0.408429 0.289035
vt 0.379235 0.276269
vt 0.379235 0.384624
vt 0.427533 0.312211
vt 0.201853 0.053974
vt 0.243997 0.053509
vt 0.244211 0.064113
vt 0.201553 0.064237
vt 0.247872 0.168706
vt 0.205568 0.169212
vt 0.205362 0.158543
vt 0.248149 0.158386
vt 0.287536 0.051061
vt 0.333645 0.042551
vt 0.338996 0.054351
vt 0.288687 0.062297
vt 0.289055 0.170503
vt 0.290363 0.160655
vt 0.329248 0.179045
vt 0.334090 0.169583
vt 0.010070 0.168929
vt 0.089237 0.168929
vt 0.089238 0.208081
vt 0.010070 0.208081
vt 0.503037 0.233114
vt 0.459487 0.233114
vt 0.459487 0.193962
vt 0.503037 0.193962
vt 0.010070 0.012321
vt 0.089237 0.012321
vt 0.089237 0.051473
vt 0.010070 0.051473
vt 0.503037 0.389721
vt 0.459487 0.389721
vt 0.459487 0.350569
vt 0.503037 0.350569
vt 0.089237 0.090625
vt 0.010070 0.090625
vt 0.459487 0.311418
vt 0.503037 0.311418
vt 0.089237 0.129777
vt 0.010070 0.129777
vt 0.459487 0.272266
vt 0.503037 0.272266
vt 0.523695 0.299340
vt 0.523699 0.271944
vt 0.555261 0.271944
vt 0.555256 0.299340
vt 0.523683 0.354113
vt 0.555245 0.354113
vt 0.555241 0.381490
vt 0.523679 0.381490
vt 0.523689 0.326728
vt 0.555250 0.326728
vt 0.523701 0.244743
vt 0.555262 0.244743
vt 0.555239 0.409090
vt 0.523678 0.409090
vt 0.099519 0.949917
vt 0.100990 0.914484
vt 0.132114 0.915028
vt 0.132114 0.950390
vt 0.066986 0.948502
vt 0.069954 0.912866
vt 0.164708 0.949917
vt 0.163237 0.914484
vt 0.194273 0.912866
vt 0.197241 0.948502
vt 0.002044 0.942480
vt 0.006600 0.920135
vt 0.038804 0.914048
vt 0.034578 0.946166
vt 0.225423 0.914048
vt 0.229650 0.946166
vt 0.257627 0.920135
vt 0.262183 0.942480
vt 0.131595 0.908037
vt 0.131595 0.870004
vt 0.162771 0.869326
vt 0.164200 0.907230
vt 0.193842 0.867317
vt 0.196706 0.904852
vt 0.066485 0.904852
vt 0.069348 0.867317
vt 0.100419 0.869326
vt 0.098991 0.907230
vt 0.229006 0.901063
vt 0.225184 0.867874
vt 0.257956 0.873197
vt 0.261252 0.895762
vt 0.034185 0.901063
vt 0.038006 0.867874
vt 0.001938 0.895762
vt 0.005235 0.873197
vt 0.872842 0.543788
vt 0.872090 0.508218
vt 0.907838 0.508218
vt 0.908636 0.541879
vt 0.875117 0.579301
vt 0.911035 0.575480
vt 0.872842 0.472648
vt 0.875117 0.437135
vt 0.911035 0.440956
vt 0.908636 0.474557
vt 0.884561 0.649855
vt 0.878972 0.614688
vt 0.912593 0.609202
vt 0.907031 0.644181
vt 0.878972 0.401748
vt 0.912593 0.407234
vt 0.884562 0.366581
vt 0.907031 0.372255
vt 0.324345 0.359725
vt 0.325364 0.324110
vt 0.363537 0.325895
vt 0.362659 0.359725
vt 0.328395 0.288612
vt 0.366163 0.292165
vt 0.328395 0.430838
vt 0.325364 0.395340
vt 0.363537 0.393555
vt 0.366163 0.427285
vt 0.333372 0.253336
vt 0.340270 0.218392
vt 0.363049 0.222655
vt 0.368035 0.258258
vt 0.333372 0.466114
vt 0.368035 0.461192
vt 0.340270 0.501058
vt 0.363049 0.496795
vt 0.293961 0.767896
vt 0.315532 0.790310
vt 0.311627 0.795916
vt 0.288221 0.771551
vt 0.021927 0.619056
vt 0.009495 0.649064
vt 0.001706 0.647744
vt 0.015298 0.614770
vt 0.282623 0.739178
vt 0.275995 0.740296
vt 0.009446 0.681799
vt 0.001709 0.683402
vt 0.344077 0.802784
vt 0.375107 0.803359
vt 0.376414 0.810043
vt 0.342643 0.809470
vt 0.107643 0.747443
vt 0.137762 0.734944
vt 0.142120 0.741515
vt 0.109184 0.755171
vt 0.160791 0.711872
vt 0.167338 0.716281
vt 0.291288 0.675857
vt 0.282770 0.707653
vt 0.275995 0.706528
vt 0.285681 0.671943
vt 0.044920 0.734986
vt 0.075034 0.747457
vt 0.073530 0.755197
vt 0.040565 0.741566
vt 0.407281 0.657925
vt 0.378537 0.646221
vt 0.379866 0.639520
vt 0.411039 0.652215
vt 0.404461 0.792381
vt 0.408132 0.798030
vt 0.347570 0.646256
vt 0.346287 0.639606
vt 0.173230 0.681805
vt 0.173189 0.649111
vt 0.180955 0.647626
vt 0.180978 0.683305
vt 0.429229 0.769931
vt 0.434875 0.773861
vt 0.441684 0.708210
vt 0.429444 0.679780
vt 0.435127 0.675882
vt 0.448423 0.706986
vt 0.107529 0.583487
vt 0.074957 0.583511
vt 0.073404 0.575742
vt 0.109111 0.575744
vt 0.021924 0.711994
vt 0.015346 0.716345
vt 0.137587 0.595921
vt 0.142062 0.589415
vt 0.317810 0.657087
vt 0.314397 0.651167
vt 0.044883 0.596015
vt 0.040444 0.589477
vt 0.441638 0.739283
vt 0.448147 0.740819
vt 0.160591 0.618870
vt 0.167282 0.614662
vt 0.991264 0.548268
vt 0.957910 0.548268
vt 0.957910 0.538034
vt 0.991264 0.538034
vt 0.957910 0.527801
vt 0.991264 0.527801
vt 0.957910 0.517568
vt 0.991264 0.517568
vt 0.957910 0.507334
vt 0.991264 0.507334
vt 0.957910 0.497101
vt 0.991264 0.497101
vt 0.957910 0.486867
vt 0.991264 0.486867
vt 0.957910 0.476634
vt 0.991264 0.476634
vt 0.957910 0.466400
vt 0.991264 0.466400
vt 0.651171 0.156382
vt 0.658292 0.149399
vt 0.660383 0.153805
vt 0.655379 0.157995
vt 0.675384 0.158758
vt 0.670952 0.152058
vt 0.672753 0.149337
vt 0.678571 0.157962
vt 0.674323 0.167593
vt 0.677540 0.169355
vt 0.667120 0.173589
vt 0.668240 0.176921
vt 0.657560 0.173135
vt 0.655948 0.176665
vt 0.650903 0.166155
vt 0.647502 0.167464
vt 0.647498 0.154792
vt 0.656823 0.145888
vt 0.667843 0.148975
vt 0.669164 0.145332
vt 0.667770 0.154006
vt 0.671518 0.159665
vt 0.670654 0.165735
vt 0.665534 0.169270
vt 0.659172 0.169071
vt 0.655178 0.164324
vt 0.644289 0.115475
vt 0.668798 0.115475
vt 0.667887 0.142984
vt 0.645078 0.142984
vt 0.606593 0.120264
vt 0.604318 0.156316
vt 0.593991 0.162377
vt 0.594800 0.125048
vt 0.573903 0.090673
vt 0.569021 0.004205
vt 0.580988 0.001707
vt 0.587463 0.090957
vt 0.482262 0.881726
vt 0.454741 0.881726
vt 0.448666 0.783357
vt 0.476089 0.809150
vt 0.595671 0.090809
vt 0.601270 0.001707
vt 0.677139 0.863501
vt 0.595779 0.833853
vt 0.599643 0.771281
vt 0.681003 0.800929
vt 0.704664 0.863501
vt 0.710835 0.790926
vt 0.588652 0.125112
vt 0.591054 0.852082
vt 0.509782 0.881726
vt 0.505918 0.819153
vt 0.587190 0.789510
vt 0.576834 0.120431
vt 0.613223 0.004183
vt 0.609230 0.090481
vt 0.636899 0.001708
vt 0.677336 0.001708
vt 0.669709 0.087965
vt 0.643500 0.087965
vt 0.579529 0.156427
vt 0.589902 0.162388
vt 0.732188 0.863501
vt 0.738262 0.765132
vt 0.796824 0.086318
vt 0.683249 0.086318
vt 0.683249 0.058114
vt 0.796824 0.058114
vt 0.683249 0.029911
vt 0.796824 0.029911
vt 0.683249 0.001707
vt 0.796824 0.001707
vt 0.796824 0.283741
vt 0.683249 0.283741
vt 0.683249 0.255538
vt 0.796824 0.255538
vt 0.683249 0.227334
vt 0.796824 0.227334
vt 0.683249 0.199131
vt 0.796824 0.199131
vt 0.683249 0.170928
vt 0.796824 0.170928
vt 0.683249 0.142724
vt 0.796824 0.142724
vt 0.267794 0.692397
vt 0.267794 0.712450
vt 0.184396 0.712450
vt 0.184396 0.692397
vt 0.683249 0.114521
vt 0.796824 0.114521
vt 0.267794 0.672345
vt 0.184396 0.672345
vt 0.425486 0.499048
vt 0.430463 0.517364
vt 0.413760 0.529943
vt 0.404435 0.499491
vt 0.789401 0.824475
vt 0.807447 0.830507
vt 0.806154 0.851227
vt 0.777096 0.840550
vt 0.431340 0.480944
vt 0.413999 0.469353
vt 0.825650 0.825043
vt 0.836956 0.843020
vt 0.446711 0.470130
vt 0.439602 0.450459
vt 0.836958 0.809875
vt 0.857474 0.817267
vt 0.465554 0.470592
vt 0.471521 0.450459
vt 0.837900 0.791294
vt 0.857925 0.784482
vt 0.480586 0.482163
vt 0.497321 0.469375
vt 0.827321 0.775792
vt 0.839138 0.758738
vt 0.486012 0.500430
vt 0.507085 0.499876
vt 0.809262 0.769652
vt 0.809641 0.748931
vt 0.479746 0.518431
vt 0.497127 0.530299
vt 0.790890 0.774890
vt 0.778804 0.757260
vt 0.464186 0.529304
vt 0.471256 0.549060
vt 0.779333 0.789694
vt 0.759165 0.783436
vt 0.445321 0.528897
vt 0.439353 0.548952
vt 0.778792 0.808620
vt 0.759165 0.815274
vt 0.267794 0.732502
vt 0.184396 0.732502
vt 0.267794 0.752555
vt 0.184396 0.752555
vt 0.267794 0.772607
vt 0.184396 0.772607
vt 0.267794 0.792660
vt 0.184396 0.792660
vt 0.267794 0.812712
vt 0.184396 0.812712
vt 0.267794 0.612187
vt 0.267794 0.632240
vt 0.184396 0.632240
vt 0.184396 0.612187
vt 0.267794 0.652292
vt 0.184396 0.652292
vt 0.793934 0.916816
vt 0.786678 0.926242
vt 0.766630 0.919787
vt 0.781863 0.899563
vt 0.558227 0.946401
vt 0.554137 0.957494
vt 0.533200 0.957554
vt 0.541409 0.933919
vt 0.950104 0.292981
vt 0.937993 0.297588
vt 0.922270 0.265741
vt 0.928321 0.262372
vt 0.786382 0.938207
vt 0.766465 0.944791
vt 0.557449 0.968885
vt 0.566929 0.976120
vt 0.560725 0.996217
vt 0.540611 0.981390
vt 0.388408 0.199267
vt 0.373887 0.194548
vt 0.388408 0.174561
vt 0.909201 0.270203
vt 0.902398 0.271357
vt 0.897865 0.228445
vt 0.900237 0.228068
vt 0.926774 0.300813
vt 0.915855 0.268340
vt 0.905594 0.304125
vt 0.895259 0.304512
vt 0.895514 0.271568
vt 0.916040 0.302945
vt 0.884930 0.303899
vt 0.888668 0.271078
vt 0.874506 0.302489
vt 0.881857 0.270103
vt 0.863863 0.300142
vt 0.875172 0.268377
vt 0.852776 0.296695
vt 0.868708 0.265850
vt 0.840846 0.291819
vt 0.862685 0.262498
vt 0.890720 0.228073
vt 0.893085 0.228447
vt 0.884012 0.225496
vt 0.886167 0.226595
vt 0.902554 0.227446
vt 0.895473 0.228571
vt 0.888404 0.227454
vt 0.904791 0.226585
vt 0.906921 0.225496
vt 0.229893 0.008415
vt 0.227713 0.008415
vt 0.225949 0.007134
vt 0.225276 0.005060
vt 0.225949 0.002987
vt 0.227713 0.001706
vt 0.229893 0.001706
vt 0.231656 0.002987
vt 0.232330 0.005060
vt 0.231656 0.007134
vt 0.800836 0.436490
vt 0.800836 0.445607
vt 0.795732 0.447265
vt 0.795732 0.434831
vt 0.806195 0.429114
vt 0.803040 0.424772
vt 0.814866 0.426297
vt 0.814866 0.420930
vt 0.823537 0.429114
vt 0.826691 0.424772
vt 0.828895 0.436490
vt 0.834000 0.434831
vt 0.828895 0.445607
vt 0.834000 0.447265
vt 0.823536 0.452982
vt 0.826691 0.457324
vt 0.814866 0.455800
vt 0.814866 0.461167
vt 0.806195 0.452982
vt 0.803040 0.457324
vt 0.411904 0.166927
vt 0.411904 0.182196
vt 0.373887 0.154574
vt 0.388408 0.149856
vt 0.364912 0.182196
vt 0.402929 0.194548
vt 0.402929 0.154574
vt 0.364912 0.166927
vt 0.567817 0.939374
vt 0.561451 0.919700
vt 0.589226 0.946651
vt 0.579722 0.939490
vt 0.585795 0.919700
vt 0.605893 0.934084
vt 0.793174 0.948114
vt 0.804635 0.951690
vt 0.804504 0.972804
vt 0.780848 0.964930
vt 0.816590 0.917212
vt 0.805215 0.913281
vt 0.805977 0.892462
vt 0.829025 0.900653
vt 0.588766 0.969460
vt 0.592699 0.958104
vt 0.613710 0.957749
vt 0.606026 0.981566
vt 0.816032 0.948390
vt 0.823253 0.938946
vt 0.843144 0.945143
vt 0.828478 0.965259
vt 0.578912 0.976349
vt 0.585755 0.996289
vt 0.823502 0.927046
vt 0.843144 0.920467
vt 0.881113 0.356045
vt 0.894026 0.356560
vt 0.326779 0.867314
vt 0.326779 0.923556
vt 0.314346 0.923556
vt 0.314346 0.867314
vt 0.906955 0.356679
vt 0.339213 0.867314
vt 0.339213 0.923556
vt 0.919968 0.356195
vt 0.301912 0.923556
vt 0.301912 0.867314
vt 0.933060 0.355136
vt 0.289478 0.923556
vt 0.289478 0.867314
vt 0.946222 0.353566
vt 0.277044 0.923556
vt 0.277044 0.867314
vt 0.959453 0.351604
vt 0.264610 0.923556
vt 0.264610 0.867314
vt 0.830214 0.348325
vt 0.842706 0.350675
vt 0.388949 0.867314
vt 0.388949 0.923556
vt 0.376515 0.923556
vt 0.376515 0.867314
vt 0.855455 0.352893
vt 0.364081 0.923556
vt 0.364081 0.867314
vt 0.868242 0.354723
vt 0.351647 0.923556
vt 0.351647 0.867314
vt 0.749687 0.450115
vt 0.751274 0.479011
vt 0.698600 0.489729
vt 0.705715 0.454249
vt 0.749315 0.427698
vt 0.707988 0.429851
vt 0.749315 0.351232
vt 0.744183 0.389465
vt 0.709019 0.389465
vt 0.707988 0.349079
vt 0.749687 0.328815
vt 0.705715 0.324681
vt 0.751274 0.299919
vt 0.698600 0.289201
vt 0.956429 0.883935
vt 0.917664 0.844534
vt 0.957070 0.844534
vt 0.857097 0.942896
vt 0.841998 0.905424
vt 0.845138 0.881123
vt 0.875970 0.862179
vt 0.938110 0.925337
vt 0.918667 0.955857
vt 0.894318 0.958601
vt 0.896944 0.849494
vt 0.951133 0.904572
vt 0.778527 0.870796
vt 0.755697 0.862681
vt 0.762956 0.853542
vt 0.782737 0.860340
vt 0.872991 0.838300
vt 0.862773 0.832604
vt 0.862599 0.802484
vt 0.872971 0.802486
vt 0.840238 0.870875
vt 0.835799 0.860404
vt 0.853370 0.853782
vt 0.869152 0.862806
vt 0.809388 0.871916
vt 0.809289 0.861131
vt 0.747599 0.838191
vt 0.756010 0.832386
vt 0.746562 0.802332
vt 0.755220 0.802341
vt 0.778677 0.733933
vt 0.782856 0.744396
vt 0.763060 0.751144
vt 0.755824 0.741986
vt 0.872992 0.766696
vt 0.862773 0.772379
vt 0.840343 0.734074
vt 0.869209 0.742207
vt 0.853419 0.751186
vt 0.835875 0.744524
vt 0.809520 0.732921
vt 0.809382 0.743696
vt 0.756066 0.772283
vt 0.747665 0.766461
vt 0.528353 0.469192
vt 0.517935 0.473397
vt 0.510560 0.453218
vt 0.519767 0.446027
vt 0.495110 0.563832
vt 0.460055 0.563560
vt 0.460054 0.553189
vt 0.489574 0.553533
vt 0.528328 0.530985
vt 0.519650 0.560035
vt 0.510673 0.544239
vt 0.517943 0.526548
vt 0.529650 0.500088
vt 0.518866 0.499988
vt 0.489450 0.446112
vt 0.495071 0.437612
vt 0.459912 0.445443
vt 0.459903 0.436785
vt 0.391506 0.469330
vt 0.400037 0.446140
vt 0.409261 0.453312
vt 0.401931 0.473507
vt 0.425026 0.563832
vt 0.430549 0.553534
vt 0.391742 0.531085
vt 0.402106 0.526616
vt 0.409432 0.544283
vt 0.400499 0.560094
vt 0.390308 0.500212
vt 0.401085 0.500075
vt 0.424721 0.437669
vt 0.430358 0.446162
vt 0.961554 0.626059
vt 0.961951 0.605134
vt 0.969357 0.604825
vt 0.968962 0.626319
vt 0.954047 0.720697
vt 0.957670 0.697791
vt 0.965049 0.698503
vt 0.961435 0.721294
vt 0.959404 0.679087
vt 0.966807 0.679448
vt 0.960869 0.652597
vt 0.968275 0.652901
vt 0.953144 0.750818
vt 0.960557 0.750818
vt 0.959652 0.582994
vt 0.967057 0.582677
vt 0.959510 0.553004
vt 0.966920 0.553195
vt 0.961951 0.896501
vt 0.961554 0.875576
vt 0.968962 0.875316
vt 0.969357 0.896810
vt 0.957670 0.803844
vt 0.954047 0.780938
vt 0.961435 0.780341
vt 0.965049 0.803133
vt 0.959404 0.822548
vt 0.966807 0.822187
vt 0.960869 0.849039
vt 0.968275 0.848734
vt 0.959652 0.918641
vt 0.967057 0.918958
vt 0.959510 0.948631
vt 0.966920 0.948440
vt 0.057805 0.568678
vt 0.078362 0.567014
vt 0.039640 0.573065
vt 0.099742 0.568833
vt 0.118902 0.573668
vt 0.019543 0.581576
vt 0.137362 0.581576
vt 0.247667 0.146846
vt 0.290158 0.148615
vt 0.288892 0.074337
vt 0.244693 0.075653
vt 0.160452 0.148126
vt 0.204896 0.146999
vt 0.202020 0.075781
vt 0.159726 0.073785
vt 0.111356 0.153699
vt 0.114837 0.066814
vt 0.334691 0.155478
vt 0.338395 0.068456
vt 0.290158 0.148615
vt 0.247667 0.146846
vt 0.244693 0.075653
vt 0.288892 0.074337
vt 0.160452 0.148126
vt 0.159726 0.073785
vt 0.156675 0.028633
vt 0.154313 0.026271
vt 0.155047 0.024930
vt 0.158016 0.027899
vt 0.154313 0.039290
vt 0.156675 0.036928
vt 0.158016 0.037662
vt 0.155047 0.040631
vt 0.148574 0.026271
vt 0.146212 0.028633
vt 0.144872 0.027899
vt 0.147841 0.024930
vt 0.146212 0.036928
vt 0.148574 0.039290
vt 0.147841 0.040631
vt 0.144872 0.037662
vt 0.148145 0.024804
vt 0.154743 0.024804
vt 0.144746 0.037358
vt 0.144746 0.028203
vt 0.154743 0.040757
vt 0.148145 0.040757
vt 0.158142 0.028203
vt 0.158142 0.037358
vt 0.146570 0.023660
vt 0.143601 0.026629
vt 0.142949 0.037358
vt 0.142949 0.028203
vt 0.154743 0.023008
vt 0.148145 0.023008
vt 0.146570 0.041901
vt 0.143601 0.038932
vt 0.154743 0.042553
vt 0.148145 0.042553
vt 0.156317 0.023660
vt 0.159286 0.026629
vt 0.159938 0.028203
vt 0.159938 0.037358
vt 0.156317 0.041901
vt 0.159286 0.038932
vt 0.560191 0.049007
vt 0.543846 0.049007
vt 0.543846 0.045403
vt 0.560191 0.045403
vt 0.543846 0.040769
vt 0.560191 0.040769
vt 0.540806 0.043468
vt 0.563232 0.043468
vt 0.559221 0.035255
vt 0.561592 0.032734
vt 0.563859 0.033696
vt 0.559718 0.037764
vt 0.562062 0.010059
vt 0.559552 0.006597
vt 0.560003 0.003370
vt 0.564208 0.007671
vt 0.539348 0.032620
vt 0.541726 0.035134
vt 0.541226 0.037720
vt 0.537070 0.033584
vt 0.541380 0.006510
vt 0.538891 0.009951
vt 0.536761 0.007576
vt 0.540935 0.003370
vt 0.532217 0.021383
vt 0.527689 0.021383
vt 0.527689 0.003369
vt 0.532217 0.003369
vt 0.532217 0.026776
vt 0.527689 0.026776
vt 0.542478 0.029770
vt 0.558449 0.029848
vt 0.532217 0.052511
vt 0.527689 0.052511
vt 0.558471 0.025834
vt 0.532217 0.057904
vt 0.527689 0.057904
vt 0.532217 0.075918
vt 0.527689 0.075918
vt 0.542478 0.025754
vt 0.532217 0.112439
vt 0.527689 0.112439
vt 0.527689 0.107046
vt 0.532217 0.107046
vt 0.527689 0.081311
vt 0.532217 0.081311
vt 0.202768 0.029505
vt 0.199878 0.030416
vt 0.197734 0.025902
vt 0.199974 0.024009
vt 0.193833 0.023426
vt 0.194771 0.020535
vt 0.189093 0.023619
vt 0.188229 0.020535
vt 0.184806 0.026765
vt 0.182414 0.024244
vt 0.196678 0.030578
vt 0.195610 0.027686
vt 0.193121 0.026139
vt 0.190157 0.026371
vt 0.187764 0.028501
vt 0.192079 0.030442
vt 0.239131 0.042095
vt 0.228702 0.042049
vt 0.228711 0.039982
vt 0.239140 0.040028
vt 0.239097 0.049790
vt 0.228668 0.049744
vt 0.258215 0.040717
vt 0.240599 0.040640
vt 0.239217 0.022411
vt 0.228788 0.022366
vt 0.209630 0.040504
vt 0.227247 0.040581
vt 0.127355 0.202497
vt 0.125691 0.200833
vt 0.127311 0.199212
vt 0.128975 0.200877
vt 0.125691 0.193953
vt 0.127355 0.192289
vt 0.128975 0.193909
vt 0.127311 0.195573
vt 0.098936 0.195573
vt 0.097272 0.193909
vt 0.098892 0.192289
vt 0.100557 0.193953
vt 0.100557 0.200833
vt 0.098892 0.202497
vt 0.097272 0.200877
vt 0.098936 0.199212
vt 0.129664 0.199212
vt 0.129664 0.195573
vt 0.100557 0.203186
vt 0.125691 0.203186
vt 0.125691 0.191599
vt 0.100557 0.191599
vt 0.096583 0.195573
vt 0.096583 0.199212
vt 0.109234 0.220688
vt 0.109234 0.219591
vt 0.109854 0.219591
vt 0.109854 0.220688
vt 0.111908 0.219591
vt 0.111908 0.220688
vt 0.111287 0.220688
vt 0.111287 0.219591
vt 0.113961 0.219591
vt 0.113961 0.220688
vt 0.113341 0.220688
vt 0.113341 0.219591
vt 0.116014 0.219591
vt 0.116014 0.220688
vt 0.115394 0.220688
vt 0.115394 0.219591
vt 0.107801 0.220688
vt 0.107801 0.219591
vt 0.119451 0.221901
vt 0.119013 0.221463
vt 0.119013 0.220029
vt 0.119451 0.219591
vt 0.120884 0.219591
vt 0.121323 0.220029
vt 0.121323 0.221463
vt 0.120884 0.221901
vt 0.120273 0.213591
vt 0.120273 0.214688
vt 0.119653 0.214688
vt 0.119653 0.213591
vt 0.117599 0.214688
vt 0.117599 0.213591
vt 0.118220 0.213591
vt 0.118220 0.214688
vt 0.115546 0.214688
vt 0.115546 0.213591
vt 0.116166 0.213591
vt 0.116166 0.214688
vt 0.113493 0.214688
vt 0.113493 0.213591
vt 0.114113 0.213591
vt 0.114113 0.214688
vt 0.121706 0.213591
vt 0.121706 0.214688
vt 0.126578 0.213597
vt 0.127016 0.214036
vt 0.127016 0.215469
vt 0.126578 0.215908
vt 0.125144 0.215908
vt 0.124706 0.215469
vt 0.124706 0.214036
vt 0.125144 0.213597
vt 0.109618 0.208693
vt 0.109618 0.207596
vt 0.110238 0.207596
vt 0.110238 0.208693
vt 0.112291 0.207596
vt 0.112291 0.208693
vt 0.111671 0.208693
vt 0.111671 0.207596
vt 0.125946 0.207596
vt 0.125946 0.208693
vt 0.125325 0.208693
vt 0.125325 0.207596
vt 0.127999 0.207596
vt 0.127999 0.208693
vt 0.127379 0.208693
vt 0.127379 0.207596
vt 0.096584 0.208693
vt 0.096584 0.207596
vt 0.096578 0.214030
vt 0.097016 0.213592
vt 0.110050 0.213592
vt 0.110489 0.214030
vt 0.110489 0.215464
vt 0.110050 0.215902
vt 0.097016 0.215902
vt 0.096578 0.215464
vt 0.103366 0.219591
vt 0.103366 0.220688
vt 0.102745 0.220688
vt 0.102745 0.219591
vt 0.100692 0.220688
vt 0.100692 0.219591
vt 0.101312 0.219591
vt 0.101312 0.220688
vt 0.098639 0.220688
vt 0.098639 0.219591
vt 0.099259 0.219591
vt 0.099259 0.220688
vt 0.096585 0.220688
vt 0.096585 0.219591
vt 0.097206 0.219591
vt 0.097206 0.220688
vt 0.104799 0.219591
vt 0.104799 0.220688
vt 0.126629 0.221464
vt 0.126191 0.221902
vt 0.124757 0.221902
vt 0.124319 0.221464
vt 0.124319 0.220030
vt 0.124757 0.219592
vt 0.126191 0.219592
vt 0.126629 0.220030
vt 0.221440 0.036474
vt 0.222952 0.034989
vt 0.224475 0.035593
vt 0.222090 0.037978
vt 0.219321 0.036455
vt 0.218717 0.037978
vt 0.217836 0.034943
vt 0.216332 0.035593
vt 0.217855 0.032824
vt 0.216332 0.032220
vt 0.219367 0.031339
vt 0.218717 0.029835
vt 0.221486 0.031358
vt 0.222090 0.029835
vt 0.222971 0.032870
vt 0.224475 0.032220
vt 0.220404 0.033907
vt 0.221791 0.034504
vt 0.221803 0.033341
vt 0.222630 0.032984
vt 0.222629 0.034840
vt 0.220959 0.035308
vt 0.221303 0.036149
vt 0.219797 0.035319
vt 0.219453 0.036141
vt 0.218983 0.034481
vt 0.218159 0.034834
vt 0.218994 0.033318
vt 0.218159 0.032987
vt 0.219823 0.032502
vt 0.219466 0.031676
vt 0.220987 0.032511
vt 0.221318 0.031674
vt 0.220392 0.033911
s 1
usemtl SpaceShip
f 67/1/1 66/2/2 1/3/3 3/4/4
f 8/5/5 9/6/6 6/7/7 5/8/8
f 68/9/9 67/1/1 3/4/4 2/10/10
f 7/11/11 8/5/5 5/8/8 4/12/11
f 10/13/12 14/14/13 11/15/14
f 69/16/15 68/17/9 2/18/10 12/19/16
f 9/20/6 10/13/12 21/21/17 22/22/18
f 10/13/12 11/15/14 19/23/19 21/21/17
f 78/24/20 34/25/21 56/26/22 55/27/23
f 76/28/24 77/29/25 54/30/26 53/31/27
f 69/16/15 12/19/16 20/32/28 70/33/29
f 4/34/30 5/35/8 17/36/31 16/37/30
f 9/20/6 22/22/18 18/38/32 6/39/7
f 5/35/8 6/39/7 18/38/32 17/36/31
f 25/40/33 23/41/34 80/42/34 83/43/35
f 30/44/36 27/45/37 28/46/38 31/47/39
f 71/48/40 24/49/41 86/50/42 84/51/43
f 35/52/44 38/53/45 81/54/46 82/55/47
f 29/56/48 26/57/49 27/45/37 30/44/36
f 31/58/39 32/59/50 36/60/51
f 32/59/50 33/61/52 75/62/53 36/60/51
f 72/63/54 34/25/21 78/24/20 79/64/55
f 12/19/16 2/18/10 50/65/56 51/66/57
f 3/4/4 1/3/3 48/67/58 49/68/59
f 77/29/25 78/69/20 55/70/23 54/30/26
f 31/58/39 22/22/18 21/21/17 32/59/50
f 32/59/50 21/21/17 19/23/19 33/61/52
f 34/25/21 20/32/28 52/71/60 56/26/22
f 20/32/28 12/19/16 51/66/57 52/71/60
f 2/10/10 3/4/4 49/68/59 50/72/56
f 72/63/54 70/33/29 20/32/28 34/25/21
f 26/73/30 16/37/30 17/36/31 27/74/37
f 31/58/39 28/75/38 18/38/32 22/22/18
f 27/74/37 17/36/31 18/38/32 28/75/38
f 41/76/61 58/77/62 121/78/63 136/79/64
f 65/80/65 61/81/66 123/82/67 126/83/68
f 61/81/66 60/84/69 122/85/70 123/82/67
f 46/86/71 65/80/65 126/83/68 137/87/72
f 60/84/69 41/76/61 136/79/64 122/85/70
f 62/88/73 63/89/74 125/90/75 124/91/76
f 58/77/62 57/92/77 120/93/78 121/78/63
f 63/89/74 46/94/71 137/95/72 125/90/75
f 40/96/79 59/97/80 50/72/56 49/68/59
f 39/98/81 40/96/79 49/68/59 48/67/58
f 59/99/80 42/100/82 51/66/57 50/65/56
f 42/100/82 43/101/83 52/71/60 51/66/57
f 64/102/84 45/103/85 54/30/26 55/70/23
f 45/103/85 44/104/86 53/31/27 54/30/26
f 47/105/87 64/106/84 55/27/23 56/26/22
f 43/101/83 47/105/87 56/26/22 52/71/60
f 58/107/88 41/108/89 59/97/80 40/96/79
f 57/109/90 58/107/88 40/96/79 39/98/81
f 41/110/89 60/111/91 42/100/82 59/99/80
f 60/111/91 61/112/92 43/101/83 42/100/82
f 46/113/93 63/114/94 45/103/85 64/102/84
f 63/114/94 62/115/95 44/104/86 45/103/85
f 65/116/96 46/117/93 64/106/84 47/105/87
f 61/112/92 65/116/96 47/105/87 43/101/83
f 33/61/52 19/23/19 70/33/29 72/63/54
f 33/61/52 72/63/54 79/64/55 75/62/53
f 24/49/41 25/40/33 83/43/35 86/50/42
f 38/53/45 37/118/97 85/119/98 81/54/46
f 11/15/14 69/16/15 70/33/29 19/23/19
f 11/15/14 14/14/13 68/17/9 69/16/15
f 14/120/13 15/121/99 67/1/1 68/9/9
f 15/121/99 13/122/100 66/2/2 67/1/1
f 88/123/101 89/124/102 29/56/48 30/44/36
f 37/125/97 38/126/103 74/127/104 75/128/53
f 38/126/103 35/129/105 73/130/106 74/127/104
f 25/131/107 24/132/41 78/69/20 77/29/25
f 23/133/108 25/131/107 77/29/25 76/28/24
f 71/134/40 37/125/97 75/128/53 79/135/55
f 24/132/41 71/134/40 79/135/55 78/69/20
f 37/118/97 71/48/40 84/51/43 85/119/98
f 74/127/104 73/130/106 90/136/109 87/137/110
f 87/137/110 90/136/109 89/124/102 88/123/101
f 36/138/111 75/128/53 74/127/104 87/137/110
f 31/47/39 36/138/111 87/137/110 88/123/101
f 31/47/39 88/123/101 30/44/36
f 139/139/112 93/140/113 91/141/114 138/142/115
f 140/143/116 92/144/117 93/140/113 139/139/112
f 97/145/118 98/146/119 101/147/120
f 141/148/121 99/149/122 92/144/117 140/143/116
f 96/150/123 106/151/124 105/152/125 97/145/118
f 97/145/118 105/152/125 103/153/126 98/146/119
f 150/154/127 134/155/128 135/156/129 115/157/130
f 148/158/131 132/159/132 133/160/133 149/161/134
f 141/148/121 142/162/135 104/163/136 99/149/122
f 1126/164/137 155/165/138 152/166/139 1129/167/140
f 1123/168/141 156/169/142 158/170/143 1125/171/144
f 1124/172/145 154/173/146 153/174/147 1127/175/148
f 112/176/149 117/177/150 113/178/151
f 113/178/151 117/177/150 147/179/152 114/180/153
f 144/181/154 151/182/155 150/154/127 115/157/130
f 99/149/122 130/183/156 129/184/157 92/144/117
f 93/140/113 128/185/158 127/186/159 91/141/114
f 149/161/134 133/160/133 134/187/128 150/188/127
f 112/176/149 113/178/151 105/152/125 106/151/124
f 113/178/151 114/180/153 103/153/126 105/152/125
f 115/157/130 135/156/129 131/189/160 104/163/136
f 104/163/136 131/189/160 130/183/156 99/149/122
f 92/144/117 129/184/157 128/185/158 93/140/113
f 144/181/154 115/157/130 104/163/136 142/162/135
f 121/78/63 128/185/158 129/184/157 136/79/64
f 120/93/78 127/186/159 128/185/158 121/78/63
f 136/79/64 129/184/157 130/183/156 122/85/70
f 122/85/70 130/183/156 131/189/160 123/82/67
f 137/95/72 134/187/128 133/160/133 125/90/75
f 125/90/75 133/160/133 132/159/132 124/91/76
f 126/83/68 135/156/129 134/155/128 137/87/72
f 123/82/67 131/189/160 135/156/129 126/83/68
f 114/180/153 144/181/154 142/162/135 103/153/126
f 114/180/153 147/179/152 151/182/155 144/181/154
f 1125/171/144 158/170/143 155/165/138 1126/164/137
f 1127/175/148 153/174/147 157/190/161 1128/191/162
f 98/146/119 103/153/126 142/162/135 141/148/121
f 98/146/119 141/148/121 140/143/116 101/147/120
f 101/147/163 140/143/116 139/139/112 102/192/164
f 102/192/164 139/139/112 138/142/115 100/193/165
f 160/194/166 111/195/167 110/196/168 161/197/169
f 118/198/170 147/199/171 146/200/172 119/201/173
f 119/201/173 146/200/172 145/202/174 116/203/175
f 109/204/176 149/161/134 150/188/127 108/205/177
f 107/206/178 148/158/131 149/161/134 109/204/176
f 143/207/179 151/208/180 147/199/171 118/198/170
f 108/205/177 150/188/127 151/208/180 143/207/179
f 1128/191/162 157/190/161 156/169/142 1123/168/141
f 146/200/172 159/209/181 162/210/182 145/202/174
f 159/209/181 160/194/166 161/197/169 162/210/182
f 117/211/183 159/209/181 146/200/172 147/199/171
f 112/212/184 160/194/166 159/209/181 117/211/183
f 112/212/184 111/195/167 160/194/166
f 15/213/185 14/214/186 101/215/187 102/216/188
f 13/217/189 15/213/185 102/216/188 100/218/189
f 10/219/190 9/220/191 96/221/192 97/222/193
f 9/220/191 8/223/194 95/224/195 96/221/192
f 8/223/194 7/225/196 94/226/196 95/224/195
f 14/214/186 10/219/190 97/222/193 101/215/187
f 81/227/46 85/228/98 157/229/161 153/230/147
f 82/231/47 81/227/46 153/230/147 154/232/146
f 86/233/42 83/234/197 155/235/138 158/236/143
f 83/234/197 80/237/198 152/238/139 155/235/138
f 85/228/98 84/239/43 156/240/142 157/229/161
f 84/239/43 86/233/42 158/236/143 156/240/142
f 213/1/199 164/4/200 1/3/3 66/2/2
f 167/5/201 165/8/202 166/7/203 168/6/204
f 214/9/205 163/10/206 164/4/200 213/1/199
f 7/11/11 4/12/11 165/8/202 167/5/201
f 169/13/207 170/15/208 172/14/209
f 215/16/210 171/19/211 163/18/206 214/17/205
f 168/20/204 179/22/212 178/21/213 169/13/207
f 169/13/207 178/21/213 176/23/214 170/15/208
f 222/24/215 204/27/216 205/26/217 188/25/218
f 76/28/24 53/31/27 203/30/219 221/29/220
f 215/16/210 216/33/221 177/32/222 171/19/211
f 4/34/30 16/37/30 174/36/223 165/35/202
f 168/20/204 166/39/203 175/38/224 179/22/212
f 165/35/202 174/36/223 175/38/224 166/39/203
f 181/40/225 225/43/226 80/42/34 23/41/34
f 184/44/227 185/47/228 183/46/229 182/45/230
f 217/48/231 226/51/232 228/50/233 180/49/234
f 35/52/44 82/55/47 224/54/235 191/53/236
f 29/56/48 184/44/227 182/45/230 26/57/49
f 185/58/228 189/60/237 186/59/238
f 186/59/238 189/60/237 220/62/239 187/61/240
f 218/63/241 223/64/242 222/24/215 188/25/218
f 171/19/211 201/66/243 200/65/244 163/18/206
f 164/4/200 199/68/245 48/67/58 1/3/3
f 221/29/220 203/30/219 204/70/216 222/69/215
f 185/58/228 186/59/238 178/21/213 179/22/212
f 186/59/238 187/61/240 176/23/214 178/21/213
f 188/25/218 205/26/217 202/71/246 177/32/222
f 177/32/222 202/71/246 201/66/243 171/19/211
f 163/10/206 200/72/244 199/68/245 164/4/200
f 218/63/241 188/25/218 177/32/222 216/33/221
f 26/73/30 182/74/230 174/36/223 16/37/30
f 185/58/228 179/22/212 175/38/224 183/75/229
f 182/74/230 183/75/229 175/38/224 174/36/223
f 193/76/247 266/79/248 254/78/249 206/77/250
f 212/80/251 258/83/252 256/82/253 209/81/254
f 209/81/254 256/82/253 255/85/255 208/84/256
f 197/86/257 267/87/258 258/83/252 212/80/251
f 208/84/256 255/85/255 266/79/248 193/76/247
f 62/88/73 124/91/76 257/90/259 210/89/260
f 206/77/250 254/78/249 120/93/78 57/92/77
f 210/89/260 257/90/259 267/95/258 197/94/257
f 192/96/261 199/68/245 200/72/244 207/97/262
f 39/98/81 48/67/58 199/68/245 192/96/261
f 207/99/262 200/65/244 201/66/243 194/100/263
f 194/100/263 201/66/243 202/71/246 195/101/264
f 211/102/265 204/70/216 203/30/219 196/103/266
f 196/103/266 203/30/219 53/31/27 44/104/86
f 198/105/267 205/26/217 204/27/216 211/106/265
f 195/101/264 202/71/246 205/26/217 198/105/267
f 206/107/268 192/96/261 207/97/262 193/108/269
f 57/109/90 39/98/81 192/96/261 206/107/268
f 193/110/269 207/99/262 194/100/263 208/111/270
f 208/111/270 194/100/263 195/101/264 209/112/271
f 197/113/272 211/102/265 196/103/266 210/114/273
f 210/114/273 196/103/266 44/104/86 62/115/95
f 212/116/274 198/105/267 211/106/265 197/117/272
f 209/112/271 195/101/264 198/105/267 212/116/274
f 187/61/240 218/63/241 216/33/221 176/23/214
f 187/61/240 220/62/239 223/64/242 218/63/241
f 180/49/234 228/50/233 225/43/226 181/40/225
f 191/53/236 224/54/235 227/119/275 190/118/276
f 170/15/208 176/23/214 216/33/221 215/16/210
f 170/15/208 215/16/210 214/17/205 172/14/209
f 172/120/209 214/9/205 213/1/199 173/121/277
f 173/121/277 213/1/199 66/2/2 13/122/100
f 230/123/278 184/44/227 29/56/48 89/124/102
f 190/125/276 220/128/239 219/127/279 191/126/280
f 191/126/280 219/127/279 73/130/106 35/129/105
f 181/131/281 221/29/220 222/69/215 180/132/234
f 23/133/108 76/28/24 221/29/220 181/131/281
f 217/134/231 223/135/242 220/128/239 190/125/276
f 180/132/234 222/69/215 223/135/242 217/134/231
f 190/118/276 227/119/275 226/51/232 217/48/231
f 219/127/279 229/137/282 90/136/109 73/130/106
f 229/137/282 230/123/278 89/124/102 90/136/109
f 189/138/283 229/137/282 219/127/279 220/128/239
f 185/47/228 230/123/278 229/137/282 189/138/283
f 185/47/228 184/44/227 230/123/278
f 268/139/284 138/142/115 91/141/114 232/140/285
f 269/143/286 268/139/284 232/140/285 231/144/287
f 235/145/288 238/147/289 236/146/290
f 270/148/291 269/143/286 231/144/287 237/149/292
f 234/150/293 235/145/288 242/152/294 243/151/295
f 235/145/288 236/146/290 240/153/296 242/152/294
f 277/154/297 250/157/298 265/156/299 264/155/300
f 148/158/131 276/161/301 263/160/302 132/159/132
f 270/148/291 237/149/292 241/163/303 271/162/304
f 1132/164/305 1129/167/140 152/166/139 280/165/306
f 1130/168/307 1131/171/308 283/170/309 281/169/310
f 1124/172/145 1133/175/311 279/174/312 154/173/146
f 247/176/313 248/178/314 251/177/315
f 248/178/314 249/180/316 275/179/317 251/177/315
f 273/181/318 250/157/298 277/154/297 278/182/319
f 237/149/292 231/144/287 260/184/320 261/183/321
f 232/140/285 91/141/114 127/186/159 259/185/322
f 276/161/301 277/188/297 264/187/300 263/160/302
f 247/176/313 243/151/295 242/152/294 248/178/314
f 248/178/314 242/152/294 240/153/296 249/180/316
f 250/157/298 241/163/303 262/189/323 265/156/299
f 241/163/303 237/149/292 261/183/321 262/189/323
f 231/144/287 232/140/285 259/185/322 260/184/320
f 273/181/318 271/162/304 241/163/303 250/157/298
f 254/78/249 266/79/248 260/184/320 259/185/322
f 120/93/78 254/78/249 259/185/322 127/186/159
f 266/79/248 255/85/255 261/183/321 260/184/320
f 255/85/255 256/82/253 262/189/323 261/183/321
f 267/95/258 257/90/259 263/160/302 264/187/300
f 257/90/259 124/91/76 132/159/132 263/160/302
f 258/83/252 267/87/258 264/155/300 265/156/299
f 256/82/253 258/83/252 265/156/299 262/189/323
f 249/180/316 240/153/296 271/162/304 273/181/318
f 249/180/316 273/181/318 278/182/319 275/179/317
f 1131/171/308 1132/164/305 280/165/306 283/170/309
f 1133/175/311 1134/191/324 282/190/325 279/174/312
f 236/146/290 270/148/291 271/162/304 240/153/296
f 236/146/290 238/147/289 269/143/286 270/148/291
f 238/147/326 239/192/327 268/139/284 269/143/286
f 239/192/327 100/193/165 138/142/115 268/139/284
f 285/194/328 161/197/169 110/196/168 246/195/329
f 252/198/330 253/201/331 274/200/332 275/199/333
f 253/201/331 116/203/175 145/202/174 274/200/332
f 245/204/334 244/205/335 277/188/297 276/161/301
f 107/206/178 245/204/334 276/161/301 148/158/131
f 272/207/336 252/198/330 275/199/333 278/208/337
f 244/205/335 272/207/336 278/208/337 277/188/297
f 1134/191/324 1130/168/307 281/169/310 282/190/325
f 274/200/332 145/202/174 162/210/182 284/209/338
f 284/209/338 162/210/182 161/197/169 285/194/328
f 251/211/339 275/199/333 274/200/332 284/209/338
f 247/212/340 251/211/339 284/209/338 285/194/328
f 247/212/340 285/194/328 246/195/329
f 173/213/341 239/216/342 238/215/343 172/214/344
f 13/217/189 100/218/189 239/216/342 173/213/341
f 169/219/345 235/222/346 234/221/347 168/220/348
f 168/220/348 234/221/347 233/224/349 167/223/350
f 167/223/350 233/224/349 94/226/351 7/225/351
f 172/214/344 238/215/343 235/222/346 169/219/345
f 224/227/235 279/230/312 282/229/325 227/228/275
f 82/231/47 154/232/146 279/230/312 224/227/235
f 228/233/233 283/236/309 280/235/306 225/234/352
f 225/234/352 280/235/306 152/238/139 80/237/198
f 227/228/275 282/229/325 281/240/310 226/239/232
f 226/239/232 281/240/310 283/236/309 228/233/233
f 307/241/353 304/242/353 289/243/353 288/244/353
f 305/245/354 295/246/355 294/247/356 308/248/357
f 302/249/358 293/250/359 292/251/360 303/252/361
f 307/253/362 288/254/363 295/255/355 305/256/354
f 301/257/364 303/252/361 292/251/360 291/258/365
f 299/259/366 287/260/367 293/261/359 302/262/358
f 304/263/368 299/259/366 302/262/358 309/264/369
f 308/248/357 306/265/370 303/252/361 301/257/364
f 286/266/371 298/267/372 300/268/373 290/269/374
f 309/270/369 302/249/358 303/252/361 306/265/370
f 290/271/374 300/272/373 301/257/364 291/258/365
f 286/273/353 287/274/353 299/275/353 298/276/353
f 296/277/375 309/270/369 306/265/370 297/278/376
f 294/247/356 297/278/376 306/265/370 308/248/357
f 289/279/377 304/263/368 309/264/369 296/280/375
f 298/267/372 307/253/362 305/256/354 300/268/373
f 300/272/373 305/245/354 308/248/357 301/257/364
f 298/276/353 299/275/353 304/242/353 307/241/353
f 331/241/378 312/244/378 313/243/378 328/242/378
f 329/245/379 332/248/380 318/247/381 319/246/382
f 326/249/383 327/252/384 316/251/385 317/250/386
f 331/253/387 329/256/379 319/255/382 312/254/388
f 325/257/389 315/258/390 316/251/385 327/252/384
f 323/259/391 326/262/383 317/261/386 311/260/392
f 328/263/393 333/264/394 326/262/383 323/259/391
f 332/248/380 325/257/389 327/252/384 330/265/395
f 310/266/396 314/269/397 324/268/398 322/267/399
f 333/270/394 330/265/395 327/252/384 326/249/383
f 314/271/397 315/258/390 325/257/389 324/272/398
f 310/273/378 322/276/378 323/275/378 311/274/378
f 320/277/400 321/278/401 330/265/395 333/270/394
f 318/247/381 332/248/380 330/265/395 321/278/401
f 313/279/402 320/280/400 333/264/394 328/263/393
f 322/267/399 324/268/398 329/256/379 331/253/387
f 324/272/398 325/257/389 332/248/380 329/245/379
f 322/276/378 331/241/378 328/242/378 323/275/378
f 343/281/403 344/282/403 336/283/403 334/284/403
f 341/285/404 349/286/405 339/287/406 347/288/407
f 349/289/408 335/290/409 340/291/410 339/292/411
f 339/293/411 340/291/410 348/294/412 347/295/412
f 335/290/413 337/296/414 346/297/415 342/298/416
f 334/299/417 338/300/417 345/301/418 343/302/418
f 338/303/419 349/286/408 351/304/420
f 337/296/414 336/283/421 344/282/422 346/297/415
f 335/290/413 342/298/416 348/294/423 340/291/424
f 337/296/425 335/290/409 349/289/408 338/305/419
f 352/306/426 351/304/427 350/307/428 353/308/429
f 349/286/405 341/285/404 350/307/428 351/304/427
f 345/301/430 338/300/431 352/309/431 353/310/430
f 336/283/432 337/296/425 338/305/419 334/311/432
f 352/306/433 338/303/419 351/304/420
f 343/281/403 354/284/403 356/283/403 344/282/403
f 341/285/404 347/288/407 359/287/434 361/286/435
f 361/289/436 359/292/437 360/291/438 355/290/439
f 359/293/437 347/295/440 348/294/440 360/291/438
f 355/290/441 342/298/416 346/297/415 357/296/442
f 354/299/443 343/302/418 345/301/418 358/300/443
f 358/303/444 362/304/445 361/286/436
f 357/296/442 346/297/415 344/282/422 356/283/446
f 355/290/441 360/291/447 348/294/423 342/298/416
f 357/296/448 358/305/444 361/289/436 355/290/439
f 363/306/449 353/308/429 350/307/428 362/304/450
f 361/286/435 362/304/450 350/307/428 341/285/404
f 345/301/430 353/310/430 363/309/451 358/300/451
f 356/283/452 354/311/452 358/305/444 357/296/448
f 363/306/453 362/304/445 358/303/444
f 373/281/403 364/284/403 366/283/403 374/282/403
f 371/285/454 377/288/455 369/287/456 379/286/457
f 379/289/458 369/292/411 370/291/410 365/290/459
f 369/293/411 377/295/412 378/294/412 370/291/410
f 365/290/460 372/298/461 376/297/462 367/296/463
f 364/299/464 373/302/465 375/301/465 368/300/464
f 368/303/466 381/304/467 379/286/458
f 367/296/463 376/297/462 374/282/468 366/283/469
f 365/290/460 370/291/470 378/294/471 372/298/461
f 367/296/472 368/305/466 379/289/458 365/290/459
f 382/306/473 383/308/474 380/307/475 381/304/476
f 379/286/457 381/304/476 380/307/475 371/285/454
f 375/301/477 383/310/477 382/309/478 368/300/478
f 366/283/479 364/311/479 368/305/466 367/296/472
f 382/306/480 381/304/467 368/303/466
f 373/281/403 374/282/403 386/283/403 384/284/403
f 371/285/454 391/286/481 389/287/482 377/288/455
f 391/289/483 385/290/484 390/291/438 389/292/437
f 389/293/437 390/291/438 378/294/440 377/295/440
f 385/290/485 387/296/486 376/297/462 372/298/461
f 384/299/487 388/300/487 375/301/465 373/302/465
f 388/303/488 391/286/483 392/304/489
f 387/296/486 386/283/490 374/282/468 376/297/462
f 385/290/485 372/298/461 378/294/471 390/291/491
f 387/296/492 385/290/484 391/289/483 388/305/488
f 393/306/493 392/304/494 380/307/475 383/308/474
f 391/286/481 371/285/454 380/307/475 392/304/494
f 375/301/477 388/300/495 393/309/495 383/310/477
f 386/283/496 387/296/492 388/305/488 384/311/496
f 393/306/497 388/303/488 392/304/489
f 400/312/498 395/313/499 397/314/499 401/315/500
f 405/316/501 394/317/502 396/318/503 404/319/501
f 403/320/504 398/321/505 395/313/505 400/312/506
f 395/313/507 398/321/507 399/322/507 397/323/507
f 402/324/508 401/325/500 397/326/509 399/327/509
f 404/328/510 396/329/503 401/325/500 402/324/508
f 405/316/511 403/320/504 400/312/506 394/317/511
f 394/317/502 400/312/498 401/315/500 396/330/503
f 404/331/512 402/332/513 403/320/514 405/316/512
f 398/321/515 403/320/514 402/332/513 399/333/515
f 412/312/516 413/315/517 409/314/518 407/313/518
f 417/316/519 416/319/519 408/318/520 406/317/521
f 415/320/522 412/312/523 407/313/524 410/321/524
f 407/313/525 409/323/525 411/322/525 410/321/525
f 414/324/526 411/327/527 409/326/527 413/325/517
f 416/328/528 414/324/526 413/325/517 408/329/520
f 417/316/529 406/317/529 412/312/523 415/320/522
f 406/317/521 408/330/520 413/315/517 412/312/516
f 416/331/530 417/316/530 415/320/531 414/332/532
f 410/321/533 411/333/533 414/332/532 415/320/531
f 424/312/498 425/315/534 421/314/499 419/313/499
f 429/316/501 428/319/501 420/318/535 418/317/502
f 427/320/536 424/312/537 419/313/538 422/321/538
f 419/313/507 421/323/507 423/322/507 422/321/507
f 426/324/539 423/327/540 421/326/540 425/325/534
f 428/328/541 426/324/539 425/325/534 420/329/535
f 429/316/542 418/317/542 424/312/537 427/320/536
f 418/317/502 420/330/535 425/315/534 424/312/498
f 428/331/543 429/316/543 427/320/544 426/332/545
f 422/321/546 423/333/546 426/332/545 427/320/544
f 436/312/516 431/313/518 433/314/518 437/315/547
f 441/316/519 430/317/521 432/318/548 440/319/519
f 439/320/549 434/321/550 431/313/550 436/312/551
f 431/313/525 434/321/525 435/322/525 433/323/525
f 438/324/552 437/325/547 433/326/553 435/327/553
f 440/328/554 432/329/548 437/325/547 438/324/552
f 441/316/555 439/320/549 436/312/551 430/317/555
f 430/317/521 436/312/516 437/315/547 432/330/548
f 440/331/556 438/332/557 439/320/558 441/316/556
f 434/321/559 439/320/558 438/332/557 435/333/559
f 454/334/560 443/335/561 445/336/562 455/337/563
f 455/338/563 445/339/562 447/340/564 456/341/565
f 456/341/565 447/340/564 449/342/566 457/343/567
f 457/343/567 449/342/566 451/344/568 458/345/569
f 458/345/569 451/344/568 453/346/570 459/347/571
f 459/347/571 453/346/570 443/335/561 454/334/560
f 452/348/572 459/347/571 454/334/560 442/349/573
f 450/350/574 458/345/569 459/347/571 452/348/572
f 448/351/575 457/343/567 458/345/569 450/350/574
f 446/352/576 456/341/565 457/343/567 448/351/575
f 444/353/577 455/338/563 456/341/565 446/352/576
f 442/349/573 454/334/560 455/337/563 444/354/577
f 509/355/578 511/356/579 496/357/579 519/358/578
f 510/359/580 508/360/581 518/361/581 497/362/580
f 464/363/403 462/364/403 474/365/403 476/366/403
f 463/367/30 465/368/30 477/369/30 475/370/30
f 466/371/403 464/363/403 476/366/403 478/372/403
f 465/368/30 467/373/30 479/374/30 477/369/30
f 468/375/403 466/371/403 478/372/403 480/376/403
f 467/373/30 469/377/30 481/378/30 479/374/30
f 470/379/403 468/375/403 480/376/403 482/380/403
f 469/377/30 471/381/30 483/382/30 481/378/30
f 460/383/403 470/379/403 482/380/403 472/384/403
f 471/381/30 461/385/30 473/386/30 483/382/30
f 485/387/30 495/388/30 493/389/30 491/390/30 489/391/30 487/392/30
f 468/375/582 470/379/583 494/393/583 492/394/582
f 471/381/583 469/377/582 493/389/582 495/388/583
f 462/364/584 464/363/585 488/395/585 486/396/584
f 470/379/583 460/383/586 484/397/586 494/393/583
f 465/368/585 463/367/584 487/392/584 489/391/585
f 461/385/586 471/381/583 495/388/583 485/387/586
f 464/363/585 466/371/587 490/398/587 488/395/585
f 467/373/587 465/368/585 489/391/585 491/390/587
f 466/371/587 468/375/582 492/394/582 490/398/587
f 469/377/582 467/373/587 491/390/587 493/389/582
f 513/399/588 515/400/589 500/401/589 498/402/588
f 514/403/590 512/404/591 499/405/591 501/406/590
f 517/407/592 506/408/593 503/409/593 504/410/592
f 516/411/594 514/403/590 501/406/590 505/412/594
f 515/400/589 517/407/592 504/410/592 500/401/589
f 512/404/591 510/359/580 497/362/580 499/405/591
f 511/356/579 513/399/588 498/402/588 496/357/579
f 507/413/595 516/411/594 505/412/594 502/414/595
f 517/415/583 483/416/583 473/417/586 506/418/586
f 482/419/583 516/420/583 507/421/586 472/422/586
f 509/423/584 475/424/584 477/425/585 511/426/585
f 474/427/584 508/428/584 510/429/585 476/430/585
f 511/426/585 477/425/585 479/431/587 513/432/587
f 476/430/585 510/429/585 512/433/587 478/434/587
f 513/432/587 479/431/587 481/435/582 515/436/582
f 478/434/587 512/433/587 514/437/582 480/438/582
f 515/436/582 481/435/582 483/416/583 517/415/583
f 480/438/582 514/437/582 516/420/583 482/419/583
f 526/439/596 523/440/597 530/441/598 533/442/599
f 525/443/600 532/444/601 528/445/602 521/446/603
f 524/447/604 526/439/596 533/442/599 531/448/604
f 523/440/597 520/449/403 527/450/403 530/441/598
f 521/446/603 528/445/602 529/451/30 522/452/30
f 525/443/600 524/447/604 531/448/604 532/444/601
f 494/393/403 484/397/403 486/396/403 488/395/403 490/398/403 492/394/403
f 509/355/578 519/358/578 558/357/605 567/356/605
f 566/359/606 559/362/606 518/361/581 508/360/581
f 534/363/403 542/366/403 474/365/403 462/364/403
f 463/367/30 475/370/30 543/369/30 535/368/30
f 536/371/403 544/372/403 542/366/403 534/363/403
f 535/368/30 543/369/30 545/374/30 537/373/30
f 538/375/403 546/376/403 544/372/403 536/371/403
f 537/373/30 545/374/30 547/378/30 539/377/30
f 540/379/403 548/380/403 546/376/403 538/375/403
f 539/377/30 547/378/30 549/382/30 541/381/30
f 460/383/403 472/384/403 548/380/403 540/379/403
f 541/381/30 549/382/30 473/386/30 461/385/30
f 485/387/30 487/392/30 551/391/30 553/390/30 555/389/30 557/388/30
f 538/375/607 554/394/607 556/393/608 540/379/608
f 541/381/608 557/388/608 555/389/607 539/377/607
f 462/364/584 486/396/584 550/395/609 534/363/609
f 540/379/608 556/393/608 484/397/586 460/383/586
f 535/368/609 551/391/609 487/392/584 463/367/584
f 461/385/586 485/387/586 557/388/608 541/381/608
f 534/363/609 550/395/609 552/398/610 536/371/610
f 537/373/610 553/390/610 551/391/609 535/368/609
f 536/371/610 552/398/610 554/394/607 538/375/607
f 539/377/607 555/389/607 553/390/610 537/373/610
f 569/399/611 560/402/611 562/401/612 571/400/612
f 570/403/613 563/406/613 561/405/614 568/404/614
f 573/407/615 564/410/615 503/409/593 506/408/593
f 572/411/616 565/412/616 563/406/613 570/403/613
f 571/400/612 562/401/612 564/410/615 573/407/615
f 568/404/614 561/405/614 559/362/606 566/359/606
f 567/356/605 558/357/605 560/402/611 569/399/611
f 507/413/595 502/414/595 565/412/616 572/411/616
f 573/415/608 506/418/586 473/417/586 549/416/608
f 548/419/608 472/422/586 507/421/586 572/420/608
f 509/423/584 567/426/609 543/425/609 475/424/584
f 474/427/584 542/430/609 566/429/609 508/428/584
f 567/426/609 569/432/610 545/431/610 543/425/609
f 542/430/609 544/434/610 568/433/610 566/429/609
f 569/432/610 571/436/607 547/435/607 545/431/610
f 544/434/610 546/438/607 570/437/607 568/433/610
f 571/436/607 573/415/608 549/416/608 547/435/607
f 546/438/607 548/419/608 572/420/608 570/437/607
f 578/439/617 583/442/618 580/441/619 575/440/620
f 577/443/621 574/446/622 579/445/623 582/444/624
f 576/447/625 581/448/625 583/442/618 578/439/617
f 575/440/620 580/441/619 527/450/403 520/449/403
f 574/446/622 522/452/30 529/451/30 579/445/623
f 577/443/621 582/444/624 581/448/625 576/447/625
f 556/393/403 554/394/403 552/398/403 550/395/403 486/396/403 484/397/403
f 584/453/626 596/454/627 597/455/628 585/456/628
f 612/457/629 598/458/630 596/454/627 584/453/626
f 586/459/631 599/460/632 600/461/633 613/462/634
f 585/456/628 597/455/628 599/460/632 586/459/631
f 587/463/635 601/464/636 602/465/637 588/466/638
f 588/466/638 602/465/637 598/458/630 612/457/629
f 613/462/634 600/461/633 603/467/639 589/468/640
f 589/468/640 603/467/639 604/469/641 590/470/642
f 592/471/643 606/472/643 605/473/644 591/474/645
f 591/474/645 605/473/644 607/475/646 614/476/647
f 615/477/648 609/478/649 608/479/650 593/480/651
f 593/480/651 608/479/650 606/472/643 592/471/643
f 594/481/652 610/482/653 601/483/636 587/484/635
f 614/476/647 607/475/646 610/482/653 594/481/652
f 595/485/654 611/486/655 609/478/649 615/477/648
f 590/487/642 604/488/641 611/486/655 595/485/654
f 632/489/656 633/490/657 617/491/657 616/492/658
f 634/493/659 632/489/656 616/492/658 618/494/660
f 635/495/661 636/496/662 620/497/663 619/498/664
f 633/490/657 635/495/661 619/498/664 617/491/657
f 637/499/665 638/500/666 622/501/667 621/502/668
f 638/500/666 634/493/659 618/494/660 622/501/667
f 636/496/662 639/503/669 623/504/670 620/497/663
f 639/503/669 640/505/671 624/506/672 623/504/670
f 642/507/673 641/508/674 625/509/675 626/510/673
f 641/508/674 643/511/676 627/512/677 625/509/675
f 645/513/678 644/514/679 628/515/680 629/516/681
f 644/514/679 642/507/673 626/510/673 628/515/680
f 646/517/682 637/518/665 621/519/668 630/520/683
f 643/511/676 646/517/682 630/520/683 627/512/677
f 647/521/684 645/513/678 629/516/681 631/522/685
f 640/523/671 647/521/684 631/522/685 624/524/672
f 605/525/686 606/526/687 626/527/687 625/528/688
f 613/529/689 589/530/690 639/531/691 636/532/692
f 607/533/693 605/525/686 625/528/688 627/534/694
f 589/530/690 590/535/695 640/536/696 639/531/691
f 608/537/697 609/538/698 629/539/699 628/540/700
f 592/541/701 591/542/702 641/543/703 642/544/701
f 606/526/687 608/537/697 628/540/700 626/527/687
f 591/542/702 614/545/704 643/546/705 641/543/703
f 601/547/706 610/548/707 630/549/708 621/550/709
f 615/551/710 593/552/711 644/553/712 645/554/713
f 610/548/707 607/533/693 627/534/694 630/549/708
f 597/555/714 596/556/715 616/557/716 617/558/714
f 593/552/711 592/541/701 642/544/701 644/553/712
f 609/538/698 611/559/717 631/560/718 629/539/699
f 596/556/715 598/561/719 618/562/720 616/557/716
f 594/563/721 587/564/722 637/565/723 646/566/724
f 611/559/717 604/567/725 624/568/726 631/560/718
f 600/569/727 599/570/728 619/571/729 620/572/730
f 614/545/704 594/563/721 646/566/724 643/546/705
f 584/573/731 585/574/732 633/575/732 632/576/733
f 599/570/728 597/555/714 617/558/714 619/571/729
f 595/577/734 615/551/710 645/554/713 647/578/735
f 612/579/736 584/573/731 632/576/733 634/580/737
f 602/581/738 601/547/706 621/550/709 622/582/739
f 590/535/695 595/577/734 647/578/735 640/536/696
f 586/583/740 613/529/689 636/532/692 635/584/741
f 598/561/719 602/581/738 622/582/739 618/562/720
f 585/574/732 586/583/740 635/584/741 633/575/732
f 603/585/742 600/569/727 620/572/730 623/586/743
f 587/564/722 588/587/744 638/588/745 637/565/723
f 604/567/725 603/585/742 623/586/743 624/568/726
f 588/587/744 612/579/736 634/580/737 638/588/745
f 664/589/403 649/590/403 651/591/746 665/592/746
f 665/592/746 651/591/746 653/593/586 666/594/586
f 666/594/586 653/593/586 655/595/747 667/596/747
f 667/596/747 655/595/747 657/597/30 668/598/30
f 668/598/30 657/597/30 659/599/748 669/600/748
f 669/600/748 659/599/748 661/601/584 670/602/584
f 670/602/584 661/601/584 663/603/749 671/604/749
f 671/604/749 663/603/749 649/605/403 664/606/403
f 660/607/584 662/608/749 679/609/749 678/610/584
f 650/611/750 648/612/750 664/613/750 665/614/750
f 652/615/750 650/611/750 665/614/750 666/616/750
f 654/617/750 652/615/750 666/616/750 667/618/750
f 656/619/750 654/617/750 667/618/750 668/620/750
f 658/621/750 656/619/750 668/620/750 669/622/750
f 660/607/750 658/621/750 669/622/750 670/623/750
f 662/608/750 660/607/750 670/623/750 671/624/750
f 648/625/750 662/608/750 671/624/750 664/626/750
f 672/627/750 673/628/750 674/629/750 675/630/750 676/631/750 677/632/750 678/610/750 679/609/750
f 656/619/30 658/621/748 677/632/748 676/631/30
f 652/615/586 654/617/747 675/630/747 674/629/586
f 648/612/403 650/611/746 673/628/746 672/627/403
f 662/608/749 648/625/403 672/627/403 679/609/749
f 658/621/748 660/607/584 678/610/584 677/632/748
f 654/617/747 656/619/30 676/631/30 675/630/747
f 650/611/746 652/615/586 674/629/586 673/628/746
f 696/589/403 697/592/746 683/591/746 681/590/403
f 697/592/746 698/594/586 685/593/586 683/591/746
f 698/594/586 699/596/747 687/595/747 685/593/586
f 699/596/747 700/598/30 689/597/30 687/595/747
f 700/598/30 701/600/748 691/599/748 689/597/30
f 701/600/748 702/602/584 693/601/584 691/599/748
f 702/602/584 703/604/749 695/603/749 693/601/584
f 703/604/749 696/606/403 681/605/403 695/603/749
f 692/607/584 710/610/584 711/609/749 694/608/749
f 682/611/751 697/614/751 696/613/751 680/612/751
f 684/615/751 698/616/751 697/614/751 682/611/751
f 686/617/751 699/618/751 698/616/751 684/615/751
f 688/619/751 700/620/751 699/618/751 686/617/751
f 690/621/751 701/622/751 700/620/751 688/619/751
f 692/607/751 702/623/751 701/622/751 690/621/751
f 694/608/751 703/624/751 702/623/751 692/607/751
f 680/625/751 696/626/751 703/624/751 694/608/751
f 704/627/751 711/609/751 710/610/751 709/632/751 708/631/751 707/630/751 706/629/751 705/628/751
f 688/619/30 708/631/30 709/632/748 690/621/748
f 684/615/586 706/629/586 707/630/747 686/617/747
f 680/612/403 704/627/403 705/628/746 682/611/746
f 694/608/749 711/609/749 704/627/403 680/625/403
f 690/621/748 709/632/748 710/610/584 692/607/584
f 686/617/747 707/630/747 708/631/30 688/619/30
f 682/611/746 705/628/746 706/629/586 684/615/586
f 733/633/752 730/634/752 715/635/752 714/636/752
f 731/637/753 721/638/754 720/639/755 734/640/756
f 728/641/757 719/642/758 718/643/759 729/644/760
f 733/645/761 714/646/762 721/647/754 731/648/753
f 727/649/763 729/644/760 718/643/759 717/650/764
f 725/651/765 713/652/766 719/653/758 728/654/757
f 730/655/767 725/651/765 728/654/757 735/656/768
f 734/640/756 732/657/769 729/644/760 727/649/763
f 712/658/770 724/659/771 726/660/772 716/661/773
f 735/662/768 728/641/757 729/644/760 732/657/769
f 716/663/773 726/664/772 727/649/763 717/650/764
f 712/665/774 713/666/774 725/667/775 724/668/776
f 722/669/777 735/662/768 732/657/769 723/670/778
f 720/639/755 723/670/778 732/657/769 734/640/756
f 715/671/779 730/655/767 735/656/768 722/672/777
f 724/659/771 733/645/761 731/648/753 726/660/772
f 726/664/772 731/637/753 734/640/756 727/649/763
f 724/668/776 725/667/775 730/634/752 733/633/752
f 757/633/780 738/636/780 739/635/780 754/634/780
f 755/637/781 758/640/782 744/639/783 745/638/784
f 752/641/785 753/644/786 742/643/787 743/642/788
f 757/645/789 755/648/781 745/647/784 738/646/790
f 751/649/791 741/650/792 742/643/787 753/644/786
f 749/651/793 752/654/785 743/653/788 737/652/794
f 754/655/795 759/656/796 752/654/785 749/651/793
f 758/640/782 751/649/791 753/644/786 756/657/797
f 736/658/798 740/661/799 750/660/800 748/659/801
f 759/662/796 756/657/797 753/644/786 752/641/785
f 740/663/799 741/650/792 751/649/791 750/664/800
f 736/665/802 748/668/803 749/667/804 737/666/802
f 746/669/805 747/670/806 756/657/797 759/662/796
f 744/639/783 758/640/782 756/657/797 747/670/806
f 739/671/807 746/672/805 759/656/796 754/655/795
f 748/659/801 750/660/800 755/648/781 757/645/789
f 750/664/800 751/649/791 758/640/782 755/637/781
f 748/668/803 757/633/780 754/634/780 749/667/804
f 780/673/586 783/674/586 782/675/608 781/676/608
f 781/676/608 782/675/608 785/677/607 784/678/607
f 784/678/607 785/677/607 787/679/610 786/680/610
f 786/681/610 787/682/610 789/683/609 788/684/609
f 788/684/609 789/683/609 791/685/584 790/686/584
f 790/686/584 791/685/584 793/687/585 792/688/585
f 792/688/585 793/687/585 795/689/587 794/690/587
f 794/690/587 795/689/587 797/691/582 796/692/582
f 779/693/808 777/694/809 776/695/810 778/696/811
f 796/692/582 797/691/582 799/697/583 798/698/583
f 798/698/583 799/697/583 783/674/586 780/673/586
f 761/699/812 779/693/808 778/696/811 760/700/813
f 762/701/814 760/702/813 780/703/815 781/704/816
f 761/705/812 763/706/817 782/707/818 783/708/819
f 764/709/820 762/701/814 781/704/816 784/710/821
f 763/706/817 765/711/822 785/712/823 782/707/818
f 766/713/824 764/709/820 784/710/821 786/714/825
f 765/711/822 767/715/826 787/716/827 785/712/823
f 768/717/828 766/713/824 786/714/825 788/718/829
f 767/715/826 769/719/830 789/720/831 787/716/827
f 770/721/832 768/717/828 788/718/829 790/722/833
f 769/719/830 771/723/834 791/724/835 789/720/831
f 772/725/836 770/721/832 790/722/833 792/726/837
f 771/723/834 773/727/838 793/728/839 791/724/835
f 774/729/840 772/725/836 792/726/837 794/730/841
f 773/727/838 775/731/842 795/732/843 793/728/839
f 776/733/810 774/729/840 794/730/841 796/734/844
f 775/731/842 777/735/809 797/736/845 795/732/843
f 778/737/811 776/733/810 796/734/844 798/738/846
f 777/735/809 779/739/808 799/740/847 797/736/845
f 760/702/813 778/737/811 798/738/846 780/703/815
f 779/739/808 761/705/812 783/708/819 799/740/847
f 777/694/809 775/741/842 774/742/840 776/695/810
f 775/741/842 773/743/838 772/744/836 774/742/840
f 773/743/838 771/745/834 770/746/832 772/744/836
f 771/745/834 769/747/830 768/748/828 770/746/832
f 769/747/830 767/749/826 766/750/824 768/748/828
f 767/751/826 765/752/822 764/753/820 766/754/824
f 765/752/822 763/755/817 762/756/814 764/753/820
f 763/755/817 761/699/812 760/700/813 762/756/814
f 820/673/586 821/676/583 822/675/583 823/674/586
f 821/676/583 824/678/582 825/677/582 822/675/583
f 824/678/582 826/680/587 827/679/587 825/677/582
f 826/681/587 828/684/585 829/683/585 827/682/587
f 828/684/585 830/686/584 831/685/584 829/683/585
f 830/686/584 832/688/609 833/687/609 831/685/584
f 832/688/609 834/690/610 835/689/610 833/687/609
f 834/690/610 836/692/607 837/691/607 835/689/610
f 819/693/817 818/696/814 816/695/820 817/694/822
f 836/692/607 838/698/608 839/697/608 837/691/607
f 838/698/608 820/673/586 823/674/586 839/697/608
f 801/699/812 800/700/813 818/696/814 819/693/817
f 802/701/811 821/704/846 820/703/815 800/702/813
f 801/705/812 823/708/819 822/707/847 803/706/808
f 804/709/810 824/710/844 821/704/846 802/701/811
f 803/706/808 822/707/847 825/712/845 805/711/809
f 806/713/840 826/714/841 824/710/844 804/709/810
f 805/711/809 825/712/845 827/716/843 807/715/842
f 808/717/836 828/718/837 826/714/841 806/713/840
f 807/715/842 827/716/843 829/720/839 809/719/838
f 810/721/832 830/722/833 828/718/837 808/717/836
f 809/719/838 829/720/839 831/724/835 811/723/834
f 812/725/828 832/726/829 830/722/833 810/721/832
f 811/723/834 831/724/835 833/728/831 813/727/830
f 814/729/824 834/730/825 832/726/829 812/725/828
f 813/727/830 833/728/831 835/732/827 815/731/826
f 816/733/820 836/734/821 834/730/825 814/729/824
f 815/731/826 835/732/827 837/736/823 817/735/822
f 818/737/814 838/738/816 836/734/821 816/733/820
f 817/735/822 837/736/823 839/740/818 819/739/817
f 800/702/813 820/703/815 838/738/816 818/737/814
f 819/739/817 839/740/818 823/708/819 801/705/812
f 817/694/822 816/695/820 814/742/824 815/741/826
f 815/741/826 814/742/824 812/744/828 813/743/830
f 813/743/830 812/744/828 810/746/832 811/745/834
f 811/745/834 810/746/832 808/748/836 809/747/838
f 809/747/838 808/748/836 806/750/840 807/749/842
f 807/751/842 806/754/840 804/753/810 805/752/809
f 805/752/809 804/753/810 802/756/811 803/755/808
f 803/755/808 802/756/811 800/700/813 801/699/812
f 919/757/848 917/758/849 896/759/849 900/760/848
f 901/761/850 904/762/851 930/763/851 898/764/850
f 851/765/852 849/766/853 864/767/854 865/768/855
f 917/758/849 915/769/856 894/770/856 896/759/849
f 906/771/857 908/772/858 926/773/858 928/774/857
f 854/775/859 856/776/860 890/777/403
f 862/778/861 860/779/862 870/780/863 872/781/864
f 849/766/853 847/782/865 863/783/866 864/767/854
f 843/784/867 841/785/868 861/786/869 860/779/862
f 847/782/865 845/787/870 862/778/861 863/783/866
f 845/787/870 843/784/867 860/779/862 862/778/861
f 841/785/868 859/788/871 869/789/872 861/786/869
f 859/788/871 857/790/873 868/791/874 869/789/872
f 857/790/873 855/792/875 867/793/876 868/791/874
f 855/792/875 853/794/877 866/795/878 867/793/876
f 853/794/877 851/796/852 865/797/855 866/795/878
f 869/789/872 868/791/874 878/798/879 879/799/880
f 866/795/878 865/797/855 875/800/881 876/801/882
f 863/783/866 862/778/861 872/781/864 873/802/883
f 861/786/869 869/789/872 879/799/880 871/803/884
f 867/793/876 866/795/878 876/801/882 877/804/885
f 864/767/854 863/783/866 873/802/883 874/805/886
f 860/779/862 861/786/869 871/803/884 870/780/863
f 868/791/874 867/793/876 877/804/885 878/798/879
f 865/768/855 864/767/854 874/805/886 875/806/881
f 870/807/30 871/808/30 879/809/30 878/810/30 877/811/30 876/812/30 875/813/30 874/814/30 873/815/30 872/816/30
f 842/817/403 840/818/403 880/819/403 881/820/403
f 844/821/403 842/817/403 881/820/403 882/822/403
f 846/823/403 844/821/403 882/822/403 883/824/403
f 848/825/403 846/823/403 883/824/403 884/826/403
f 850/827/403 848/825/403 884/826/403 885/828/403
f 852/829/403 850/827/403 885/828/403 886/830/403
f 854/831/403 852/829/403 886/830/403 887/832/403
f 856/833/403 854/831/403 887/832/403 888/834/403
f 858/835/403 856/833/403 888/834/403 889/836/403
f 840/818/403 858/835/403 889/836/403 880/819/403
f 848/837/887 850/838/888 890/777/403
f 842/839/889 844/840/890 890/777/403
f 856/776/860 858/841/891 890/777/403
f 850/838/888 852/842/892 890/777/403
f 844/840/890 846/843/893 890/777/403
f 858/841/891 840/844/894 890/777/403
f 852/842/892 854/775/859 890/777/403
f 846/843/893 848/837/887 890/777/403
f 840/844/894 842/839/889 890/777/403
f 920/845/895 901/761/850 898/764/850 899/846/895
f 916/847/896 918/848/897 895/849/897 893/850/896
f 913/851/898 911/852/899 921/853/899 892/854/898
f 903/855/900 902/856/901 897/857/901 929/858/900
f 912/859/902 914/860/903 891/861/903 922/862/902
f 909/863/904 907/864/905 925/865/905 923/866/904
f 908/772/858 910/867/906 924/868/906 926/773/858
f 918/848/897 920/845/895 899/846/895 895/849/897
f 905/869/907 903/855/900 929/858/900 927/870/907
f 915/769/856 913/851/898 892/854/898 894/770/856
f 904/762/851 906/771/857 928/774/857 930/763/851
f 914/860/903 916/847/896 893/850/896 891/861/903
f 911/852/899 909/863/904 923/866/904 921/853/899
f 902/856/901 919/757/848 900/760/848 897/857/901
f 910/867/906 912/859/902 922/862/902 924/868/906
f 907/864/905 905/869/907 927/870/907 925/865/905
f 920/871/583 859/788/871 841/785/868 901/872/586
f 880/873/586 902/874/586 903/875/608 881/876/608
f 901/872/586 841/785/868 843/784/867 904/877/608
f 889/878/583 919/879/583 902/874/586 880/873/586
f 904/877/608 843/784/867 845/787/870 906/880/607
f 881/876/608 903/875/608 905/881/607 882/882/607
f 906/880/607 845/787/870 847/782/865 908/883/610
f 882/882/607 905/881/607 907/884/610 883/885/610
f 908/883/610 847/782/865 849/766/853 910/886/609
f 883/885/610 907/884/610 909/887/609 884/888/609
f 910/886/609 849/766/853 851/765/852 912/889/584
f 884/888/609 909/887/609 911/890/584 885/891/584
f 912/892/584 851/796/852 853/794/877 914/893/585
f 885/894/584 911/895/584 913/896/585 886/897/585
f 914/893/585 853/794/877 855/792/875 916/898/587
f 886/897/585 913/896/585 915/899/587 887/900/587
f 916/898/587 855/792/875 857/790/873 918/901/582
f 887/900/587 915/899/587 917/902/582 888/903/582
f 918/901/582 857/790/873 859/788/871 920/871/583
f 888/903/582 917/902/582 919/879/583 889/878/583
f 1010/757/900 991/760/900 987/759/907 1008/758/907
f 992/761/850 989/764/850 1021/763/895 995/762/895
f 942/765/852 956/768/855 955/767/878 940/766/877
f 1008/758/907 987/759/907 985/770/905 1006/769/905
f 997/771/897 1019/774/897 1017/773/896 999/772/896
f 945/775/893 981/777/403 947/776/890
f 953/778/874 963/781/879 961/780/880 951/779/872
f 940/766/877 955/767/878 954/783/876 938/782/875
f 934/784/871 951/779/872 952/786/869 932/785/868
f 938/782/875 954/783/876 953/778/874 936/787/873
f 936/787/873 953/778/874 951/779/872 934/784/871
f 932/785/868 952/786/869 960/789/862 950/788/867
f 950/788/867 960/789/862 959/791/861 948/790/870
f 948/790/870 959/791/861 958/793/866 946/792/865
f 946/792/865 958/793/866 957/795/854 944/794/853
f 944/794/853 957/795/854 956/797/855 942/796/852
f 960/789/862 970/799/863 969/798/864 959/791/861
f 957/795/854 967/801/886 966/800/881 956/797/855
f 954/783/876 964/802/885 963/781/879 953/778/874
f 952/786/869 962/803/884 970/799/863 960/789/862
f 958/793/866 968/804/883 967/801/886 957/795/854
f 955/767/878 965/805/882 964/802/885 954/783/876
f 951/779/872 961/780/880 962/803/884 952/786/869
f 959/791/861 969/798/864 968/804/883 958/793/866
f 956/768/855 966/806/881 965/805/882 955/767/878
f 961/807/30 963/816/30 964/815/30 965/814/30 966/813/30 967/812/30 968/811/30 969/810/30 970/809/30 962/808/30
f 933/817/403 972/820/403 971/819/403 931/818/403
f 935/821/403 973/822/403 972/820/403 933/817/403
f 937/823/403 974/824/403 973/822/403 935/821/403
f 939/825/403 975/826/403 974/824/403 937/823/403
f 941/827/403 976/828/403 975/826/403 939/825/403
f 943/829/403 977/830/403 976/828/403 941/827/403
f 945/831/403 978/832/403 977/830/403 943/829/403
f 947/833/403 979/834/403 978/832/403 945/831/403
f 949/835/403 980/836/403 979/834/403 947/833/403
f 931/818/403 971/819/403 980/836/403 949/835/403
f 939/837/892 981/777/403 941/838/888
f 933/839/891 981/777/403 935/840/860
f 947/776/890 981/777/403 949/841/889
f 941/838/888 981/777/403 943/842/887
f 935/840/860 981/777/403 937/843/859
f 949/841/889 981/777/403 931/844/894
f 943/842/887 981/777/403 945/775/893
f 937/843/859 981/777/403 939/837/892
f 931/844/894 981/777/403 933/839/891
f 1011/845/851 990/846/851 989/764/850 992/761/850
f 1007/847/858 984/850/858 986/849/857 1009/848/857
f 1004/851/904 983/854/904 1012/853/899 1002/852/899
f 994/855/848 1020/858/848 988/857/901 993/856/901
f 1003/859/902 1013/862/902 982/861/906 1005/860/906
f 1000/863/898 1014/866/898 1016/865/856 998/864/856
f 999/772/896 1017/773/896 1015/868/903 1001/867/903
f 1009/848/857 986/849/857 990/846/851 1011/845/851
f 996/869/849 1018/870/849 1020/858/848 994/855/848
f 1006/769/905 985/770/905 983/854/904 1004/851/904
f 995/762/895 1021/763/895 1019/774/897 997/771/897
f 1005/860/906 982/861/906 984/850/858 1007/847/858
f 1002/852/899 1012/853/899 1014/866/898 1000/863/898
f 993/856/901 988/857/901 991/760/900 1010/757/900
f 1001/867/903 1015/868/903 1013/862/902 1003/859/902
f 998/864/856 1016/865/856 1018/870/849 996/869/849
f 1011/871/608 992/872/586 932/785/868 950/788/867
f 971/873/586 972/876/583 994/875/583 993/874/586
f 992/872/586 995/877/583 934/784/871 932/785/868
f 980/878/608 971/873/586 993/874/586 1010/879/608
f 995/877/583 997/880/582 936/787/873 934/784/871
f 972/876/583 973/882/582 996/881/582 994/875/583
f 997/880/582 999/883/587 938/782/875 936/787/873
f 973/882/582 974/885/587 998/884/587 996/881/582
f 999/883/587 1001/886/585 940/766/877 938/782/875
f 974/885/587 975/888/585 1000/887/585 998/884/587
f 1001/886/585 1003/889/584 942/765/852 940/766/877
f 975/888/585 976/891/584 1002/890/584 1000/887/585
f 1003/892/584 1005/893/609 944/794/853 942/796/852
f 976/894/584 977/897/609 1004/896/609 1002/895/584
f 1005/893/609 1007/898/610 946/792/865 944/794/853
f 977/897/609 978/900/610 1006/899/610 1004/896/609
f 1007/898/610 1009/901/607 948/790/870 946/792/865
f 978/900/610 979/903/607 1008/902/607 1006/899/610
f 1009/901/607 1011/871/608 950/788/867 948/790/870
f 979/903/607 980/878/608 1010/879/608 1008/902/607
f 1027/904/908 1026/905/909 1038/906/909 1039/907/910
f 1028/908/911 1027/904/908 1039/907/910 1040/909/912
f 1023/910/913 1022/911/914 1029/912/914 1030/913/915
f 1022/911/914 1028/908/911 1040/909/912 1029/912/914
f 1024/914/916 1023/910/913 1030/913/915 1031/915/917
f 1025/916/918 1024/914/916 1031/915/917 1032/917/918
f 1034/918/919 1036/919/919 1035/920/920
f 1029/921/921 1040/922/921 1039/923/921 1038/924/922 1032/925/922 1031/926/921 1030/927/921
f 1032/925/922 1038/924/922 1037/928/923 1033/929/923
f 1033/929/923 1037/928/923 1036/919/919 1034/918/919
f 1044/930/924 1042/931/925 1057/932/926 1055/933/927
f 1048/934/928 1051/935/929 1052/936/930 1047/937/930
f 1046/938/931 1053/939/932 1050/940/933 1049/941/934
f 1045/942/935 1044/930/924 1055/933/927 1054/943/935
f 1042/931/925 1043/944/936 1056/945/937 1057/932/926
f 1045/942/935 1054/943/935 1053/939/932 1046/938/931
f 1049/941/934 1050/940/933 1051/935/929 1048/934/928
f 1043/944/936 1041/946/938 1058/947/938 1056/945/937
f 1061/948/939 1070/949/940 1072/950/941 1059/951/942
f 1064/952/943 1047/937/930 1052/936/930 1067/953/944
f 1063/954/945 1065/955/946 1066/956/947 1068/957/948
f 1062/958/949 1069/959/949 1070/949/940 1061/948/939
f 1059/951/942 1072/950/941 1071/960/950 1060/961/951
f 1062/958/949 1063/954/945 1068/957/948 1069/959/949
f 1065/955/946 1064/952/943 1067/953/944 1066/956/947
f 1060/961/951 1071/960/950 1058/947/938 1041/946/938
f 1076/962/952 1087/963/953 1089/964/954 1074/965/955
f 1080/966/956 1079/967/957 1084/968/957 1083/969/958
f 1078/970/959 1081/971/960 1082/972/961 1085/973/962
f 1077/974/963 1086/975/964 1087/963/953 1076/962/952
f 1074/965/955 1089/964/954 1088/976/965 1075/977/966
f 1077/974/963 1078/970/959 1085/973/962 1086/975/964
f 1081/971/960 1080/966/956 1083/969/958 1082/972/961
f 1075/977/966 1088/976/965 1090/978/967 1073/979/967
f 1093/980/968 1091/981/969 1104/982/970 1102/983/971
f 1096/984/972 1099/985/973 1084/968/957 1079/967/957
f 1095/986/974 1100/987/975 1098/988/976 1097/989/977
f 1094/990/978 1093/980/968 1102/983/971 1101/991/979
f 1091/981/969 1092/992/980 1103/993/981 1104/982/970
f 1094/990/978 1101/991/979 1100/987/975 1095/986/974
f 1097/989/977 1098/988/976 1099/985/973 1096/984/972
f 1092/992/980 1073/979/967 1090/978/967 1103/993/981
f 1055/994/982 1057/995/983 1089/996/984 1087/997/985
f 1051/998/986 1050/999/987 1082/1000/988 1083/1001/989
f 1050/999/987 1053/1002/990 1085/1003/991 1082/1000/988
f 1053/1002/990 1054/1004/992 1086/1005/992 1085/1003/991
f 1052/1006/993 1051/998/986 1083/1001/989 1084/1007/993
f 1057/995/983 1056/1008/994 1088/1009/995 1089/996/984
f 1056/1008/994 1058/1010/996 1090/1011/996 1088/1009/995
f 1054/1004/992 1055/994/982 1087/997/985 1086/1005/992
f 1072/1012/997 1070/1013/998 1102/1014/999 1104/1015/1000
f 1066/1016/1001 1067/1017/1002 1099/1018/1003 1098/1019/1004
f 1068/1020/1005 1066/1016/1001 1098/1019/1004 1100/1021/1006
f 1069/1022/1007 1068/1020/1005 1100/1021/1006 1101/1023/1007
f 1067/1017/1002 1052/1006/993 1084/1007/993 1099/1018/1003
f 1071/1024/1008 1072/1012/997 1104/1015/1000 1103/1025/1009
f 1058/1026/996 1071/1024/1008 1103/1025/1009 1090/1027/996
f 1070/1013/998 1069/1022/1007 1101/1023/1007 1102/1014/999
f 1117/334/1010 1118/337/1011 1108/336/1012 1106/335/1013
f 1118/338/1011 1119/341/1014 1110/340/1015 1108/339/1012
f 1119/341/1014 1120/343/1016 1112/342/1017 1110/340/1015
f 1120/343/1016 1121/345/1018 1114/344/1019 1112/342/1017
f 1121/345/1018 1122/347/1020 1116/346/1021 1114/344/1019
f 1122/347/1020 1117/334/1010 1106/335/1013 1116/346/1021
f 1115/348/1022 1105/349/1023 1117/334/1010 1122/347/1020
f 1113/350/1024 1115/348/1022 1122/347/1020 1121/345/1018
f 1111/351/1025 1113/350/1024 1121/345/1018 1120/343/1016
f 1109/352/1026 1111/351/1025 1120/343/1016 1119/341/1014
f 1107/353/1027 1109/352/1026 1119/341/1014 1118/338/1011
f 1105/349/1023 1107/354/1027 1118/337/1011 1117/334/1010
f 252/1028/1028 272/1029/1029 1130/168/1030 1134/191/1031
f 253/1030/1032 252/1028/1028 1134/191/1031 1133/175/1033
f 244/1031/1034 245/1032/1035 1132/164/1036 1131/171/1037
f 116/1033/1038 253/1030/1032 1133/175/1033 1124/172/1038
f 272/1029/1029 244/1031/1034 1131/171/1037 1130/168/1030
f 245/1032/1035 107/1034/1039 1129/167/1039 1132/164/1036
f 118/1028/1040 1128/191/1041 1123/168/1042 143/1029/1043
f 119/1030/1044 1127/175/1045 1128/191/1041 118/1028/1040
f 108/1031/1046 1125/171/1047 1126/164/1048 109/1032/1049
f 116/1033/1038 1124/172/1038 1127/175/1045 119/1030/1044
f 143/1029/1043 1123/168/1042 1125/171/1047 108/1031/1046
f 109/1032/1049 1126/164/1048 1129/167/1039 107/1034/1039
f 1152/1035/607 1153/1036/1050 1154/1037/1051 1151/1038/607
f 1148/1039/609 1149/1040/610 1150/1041/610 1147/1042/609
f 1136/1043/584 1148/1039/609 1147/1042/609 1135/1044/584
f 1153/1036/1050 1145/1045/1052 1146/1046/1053 1154/1037/1051
f 1149/1040/610 1152/1035/607 1151/1038/607 1150/1041/610
f 1144/1047/1054 1141/1048/582 1142/1049/582 1143/1050/1055
f 1140/1040/587 1137/1051/585 1138/1052/585 1139/1041/587
f 1137/1051/585 1136/1043/584 1135/1044/584 1138/1052/585
f 1145/1045/1052 1144/1047/1054 1143/1050/1055 1146/1046/1053
f 1141/1048/582 1140/1040/587 1139/1041/587 1142/1049/582
f 519/358/584 496/357/585 1138/1052/585 1135/1044/584
f 1136/1043/584 518/361/584 559/362/609 1148/1039/609
f 519/358/584 1135/1044/584 1147/1042/609 558/357/609
f 1136/1043/584 1137/1051/585 497/362/585 518/361/584
f 496/357/585 498/402/587 1139/1041/587 1138/1052/585
f 1137/1051/585 1140/1040/587 499/405/587 497/362/585
f 498/402/587 500/401/582 1142/1049/582 1139/1041/587
f 1140/1040/587 1141/1048/582 501/406/582 499/405/587
f 500/401/582 504/410/1056 1143/1050/1055 1142/1049/582
f 1141/1048/582 1144/1047/1054 505/412/1057 501/406/582
f 504/410/1056 503/409/1058 1146/1046/1053 1143/1050/1055
f 1144/1047/1054 1145/1045/1052 502/414/1059 505/412/1057
f 1153/1036/1050 565/412/1060 502/414/1059 1145/1045/1052
f 564/410/1061 1154/1037/1051 1146/1046/1053 503/409/1058
f 1148/1039/609 559/362/609 561/405/610 1149/1040/610
f 558/357/609 1147/1042/609 1150/1041/610 560/402/610
f 560/402/610 1150/1041/610 1151/1038/607 562/401/607
f 1149/1040/610 561/405/610 563/406/607 1152/1035/607
f 1152/1035/607 563/406/607 565/412/1060 1153/1036/1050
f 562/401/607 1151/1038/607 1154/1037/1051 564/410/1061
f 1173/1053/1062 1171/1054/1063 1172/1055/1064 1174/1056/1065
f 1177/1057/1066 1175/1058/1067 1176/1059/1068 1178/1060/1069
f 1165/1061/1070 1163/1062/1071 1164/1063/1072 1166/1064/1073
f 1169/1065/1074 1167/1066/1075 1168/1067/1076 1170/1068/1077
f 1171/1054/1063 1165/1061/1070 1166/1069/1073 1172/1070/1064
f 1163/1062/1071 1169/1065/1074 1170/1071/1077 1164/1072/1072
f 1167/1066/1075 1177/1057/1066 1178/1073/1069 1168/1074/1076
f 1175/1058/1067 1173/1053/1062 1174/1075/1065 1176/1076/1068
f 1171/1054/1063 1173/1053/1062 1175/1058/1067 1177/1057/1066 1167/1066/1075 1169/1065/1074 1163/1062/1071 1165/1061/1070
f 1155/1077/1078 1166/1064/1073 1164/1063/1072 1156/1078/1079
f 1164/1072/1072 1170/1071/1077 1157/1079/1080 1156/1080/1079
f 1160/1081/1081 1172/1070/1064 1166/1069/1073 1155/1082/1078
f 1168/1067/1076 1158/1083/1082 1157/1084/1080 1170/1068/1077
f 1178/1073/1069 1161/1085/1083 1158/1086/1082 1168/1074/1076
f 1172/1055/1064 1160/1087/1081 1159/1088/1084 1174/1056/1065
f 1159/1089/1084 1162/1090/1085 1176/1076/1068 1174/1075/1065
f 1161/1091/1083 1178/1060/1069 1176/1059/1068 1162/1092/1085
f 1197/1053/1086 1195/1054/1087 1196/1055/1088 1198/1056/1089
f 1201/1057/1090 1199/1058/1091 1200/1059/1092 1202/1060/1093
f 1189/1061/1094 1187/1062/1095 1188/1063/1096 1190/1064/1097
f 1193/1065/1098 1191/1066/1099 1192/1067/1100 1194/1068/1101
f 1195/1054/1087 1189/1061/1094 1190/1069/1097 1196/1070/1088
f 1187/1062/1095 1193/1065/1098 1194/1071/1101 1188/1072/1096
f 1191/1066/1099 1201/1057/1090 1202/1073/1093 1192/1074/1100
f 1199/1058/1091 1197/1053/1086 1198/1075/1089 1200/1076/1092
f 1195/1054/1087 1197/1053/1086 1199/1058/1091 1201/1057/1090 1191/1066/1099 1193/1065/1098 1187/1062/1095 1189/1061/1094
f 1179/1077/1102 1190/1064/1097 1188/1063/1096 1180/1078/1103
f 1188/1072/1096 1194/1071/1101 1181/1079/1104 1180/1080/1103
f 1184/1081/1105 1196/1070/1088 1190/1069/1097 1179/1082/1102
f 1192/1067/1100 1182/1083/1106 1181/1084/1104 1194/1068/1101
f 1202/1073/1093 1185/1085/1107 1182/1086/1106 1192/1074/1100
f 1196/1055/1088 1184/1087/1105 1183/1088/1108 1198/1056/1089
f 1183/1089/1108 1186/1090/1109 1200/1076/1092 1198/1075/1089
f 1185/1091/1107 1202/1060/1093 1200/1059/1092 1186/1092/1109
f 1205/1093/1110 1208/1094/1110 1203/1095/1110 1207/1096/1110
f 1206/1097/1111 1204/1098/1111 1207/1096/1111 1203/1095/1111
f 1208/1099/30 1206/1097/30 1203/1095/30
f 1204/1098/403 1205/1100/403 1207/1096/403
f 1218/1101/1112 1219/1102/1112 1220/1103/1112 1217/1104/1112
f 1222/1105/1113 1223/1106/1113 1224/1107/1113 1221/1108/1113
f 1226/1109/1114 1227/1110/1114 1228/1111/1114 1225/1112/1114
f 1230/1113/1115 1231/1114/1115 1232/1115/1115 1229/1116/1115
f 1227/1110/1116 1218/1101/1116 1217/1104/1116 1228/1111/1116
f 1225/1112/1117 1232/1115/1117 1231/1114/1117 1226/1109/1117
f 1229/1116/1118 1224/1107/1118 1223/1106/1118 1230/1113/1118
f 1221/1108/1119 1220/1103/1119 1219/1102/1119 1222/1105/1119
f 1217/1117/584 1213/1118/584 1210/1119/584 1228/1120/584
f 1213/1118/749 1217/1117/749 1220/1121/749 1214/1122/749
f 1204/1123/751 1206/1124/751 1218/1101/751 1227/1110/751
f 1206/1124/751 1219/1102/751 1218/1101/751
f 1220/1121/403 1221/1125/403 1215/1126/403 1214/1122/403
f 1206/1124/751 1208/1127/751 1222/1105/751 1219/1102/751
f 1208/1127/751 1223/1106/751 1222/1105/751
f 1224/1128/746 1216/1129/746 1215/1126/746 1221/1125/746
f 1216/1129/586 1224/1128/586 1229/1130/586 1211/1131/586
f 1208/1127/751 1205/1132/751 1230/1113/751 1223/1106/751
f 1204/1123/751 1227/1110/751 1226/1109/751
f 1228/1133/748 1210/1134/748 1209/1135/748 1225/1136/748
f 1209/1135/30 1212/1137/30 1232/1138/30 1225/1136/30
f 1205/1132/751 1204/1123/751 1226/1109/751 1231/1114/751
f 1211/1131/747 1229/1130/747 1232/1138/747 1212/1137/747
f 1205/1132/751 1231/1114/751 1230/1113/751
f 1233/1139/1120 1244/1140/1120 1243/1141/1121 1235/1142/1121
f 1235/1142/1121 1243/1141/1121 1245/1143/1122 1237/1144/1122
f 1237/1144/1122 1245/1143/1122 1246/1145/1123 1239/1146/1123
f 1239/1146/1123 1246/1145/1123 1247/1147/1124 1241/1148/1124
f 1234/1149/1125 1236/1150/1126 1243/1141/1126 1244/1140/1125
f 1236/1150/1126 1238/1151/1127 1245/1143/1127 1243/1141/1126
f 1238/1151/1127 1240/1152/1128 1246/1145/1128 1245/1143/1127
f 1240/1152/1128 1242/1153/1129 1247/1147/1129 1246/1145/1128
f 1240/1152/1130 1238/1151/1131 1248/1154/1132
f 1236/1150/1133 1234/1149/1134 1248/1154/1132
f 1242/1153/1135 1240/1152/1130 1248/1154/1132
f 1238/1151/1131 1236/1150/1133 1248/1154/1132
f 1233/1139/1120 1249/1142/1136 1255/1141/1136 1244/1140/1120
f 1249/1142/1136 1251/1144/1137 1256/1143/1137 1255/1141/1136
f 1251/1144/1137 1253/1146/1138 1257/1145/1138 1256/1143/1137
f 1253/1146/1138 1241/1148/1124 1247/1147/1124 1257/1145/1138
f 1234/1149/1125 1244/1140/1125 1255/1141/1139 1250/1150/1139
f 1250/1150/1139 1255/1141/1139 1256/1143/1140 1252/1151/1140
f 1252/1151/1140 1256/1143/1140 1257/1145/1141 1254/1152/1141
f 1254/1152/1141 1257/1145/1141 1247/1147/1129 1242/1153/1129
f 1254/1152/1142 1248/1154/1132 1252/1151/1143
f 1250/1150/1144 1248/1154/1132 1234/1149/1134
f 1242/1153/1135 1248/1154/1132 1254/1152/1142
f 1252/1151/1143 1248/1154/1132 1250/1150/1144
f 1262/1155/1145 1265/1156/1145 1264/1157/1146 1263/1158/1146
f 1265/1156/1145 1262/1155/1145 1258/1159/1147 1260/1160/1147
f 1259/1161/751 1258/1159/751 1262/1155/751 1263/1162/751
f 1259/1163/1148 1263/1158/1146 1264/1157/1146 1261/1164/1148
f 1261/1165/750 1264/1166/750 1265/1156/750 1260/1160/750
f 1270/1155/1145 1271/1158/1146 1272/1157/1146 1273/1156/1145
f 1273/1156/1145 1268/1160/1147 1266/1159/1147 1270/1155/1145
f 1267/1161/750 1271/1162/750 1270/1155/750 1266/1159/750
f 1267/1163/1148 1269/1164/1148 1272/1157/1146 1271/1158/1146
f 1269/1165/751 1268/1160/751 1273/1156/751 1272/1166/751
f 1274/1167/1149 1277/1168/1149 1276/1169/1149 1275/1170/1149
f 1280/1171/1150 1279/1172/1150 1278/1173/1150 1281/1174/1150
f 1288/1175/1151 1287/1176/1151 1286/1177/1151 1289/1178/1151
f 1284/1179/1152 1283/1180/1152 1282/1181/1152 1285/1182/1152
f 1275/1183/1153 1276/1169/1153 1281/1174/1153 1278/1184/1153
f 1283/1185/1154 1284/1179/1154 1277/1168/1154 1274/1186/1154
f 1288/1175/1155 1289/1178/1155 1280/1171/1155 1281/1174/1155 1276/1169/1155 1277/1168/1155 1284/1179/1155 1285/1182/1155
f 1279/1187/1156 1280/1171/1156 1289/1178/1156 1286/1188/1156
f 1287/1189/1157 1288/1175/1157 1285/1182/1157 1282/1190/1157
f 1290/1191/1158 1293/1192/1158 1292/1193/1158 1291/1194/1158
f 1296/1195/1159 1295/1196/1159 1294/1197/1159 1297/1198/1159
f 1304/1199/1160 1303/1200/1160 1302/1201/1160 1305/1202/1160
f 1300/1203/1161 1299/1204/1161 1298/1205/1161 1301/1206/1161
f 1291/1194/1153 1292/1193/1153 1297/1198/1153 1294/1197/1153
f 1299/1207/1162 1300/1208/1162 1293/1192/1162 1290/1191/1162
f 1304/1209/1163 1305/1210/1163 1296/1211/1163 1297/1212/1163 1292/1213/1163 1293/1214/1163 1300/1215/1163 1301/1216/1163
f 1295/1196/1164 1296/1195/1164 1305/1202/1164 1302/1201/1164
f 1303/1200/1157 1304/1199/1157 1301/1206/1157 1298/1205/1157
f 1306/1191/1158 1309/1192/1158 1308/1193/1158 1307/1194/1158
f 1312/1195/1159 1311/1196/1159 1310/1197/1159 1313/1198/1159
f 1320/1199/1160 1319/1200/1160 1318/1201/1160 1321/1202/1160
f 1316/1203/1161 1315/1204/1161 1314/1205/1161 1317/1206/1161
f 1307/1194/1153 1308/1193/1153 1313/1198/1153 1310/1197/1153
f 1315/1207/1162 1316/1208/1162 1309/1192/1162 1306/1191/1162
f 1320/1209/1163 1321/1210/1163 1312/1211/1163 1313/1212/1163 1308/1213/1163 1309/1214/1163 1316/1215/1163 1317/1216/1163
f 1311/1196/1164 1312/1195/1164 1321/1202/1164 1318/1201/1164
f 1319/1200/1157 1320/1199/1157 1317/1206/1157 1314/1205/1157
f 1322/1191/1158 1325/1192/1158 1324/1193/1158 1323/1194/1158
f 1328/1195/1159 1327/1196/1159 1326/1197/1159 1329/1198/1159
f 1336/1199/1160 1335/1200/1160 1334/1201/1160 1337/1202/1160
f 1332/1203/1161 1331/1204/1161 1330/1205/1161 1333/1206/1161
f 1323/1194/1153 1324/1193/1153 1329/1198/1153 1326/1197/1153
f 1331/1207/1162 1332/1208/1162 1325/1192/1162 1322/1191/1162
f 1336/1209/1163 1337/1210/1163 1328/1211/1163 1329/1212/1163 1324/1213/1163 1325/1214/1163 1332/1215/1163 1333/1216/1163
f 1327/1196/1164 1328/1195/1164 1337/1202/1164 1334/1201/1164
f 1335/1200/1157 1336/1199/1157 1333/1206/1157 1330/1205/1157
f 1338/1191/1158 1341/1192/1158 1340/1193/1158 1339/1194/1158
f 1344/1195/1159 1343/1196/1159 1342/1197/1159 1345/1198/1159
f 1352/1199/1160 1351/1200/1160 1350/1201/1160 1353/1202/1160
f 1348/1203/1161 1347/1204/1161 1346/1205/1161 1349/1206/1161
f 1339/1194/1153 1340/1193/1153 1345/1198/1153 1342/1197/1153
f 1347/1207/1162 1348/1208/1162 1341/1192/1162 1338/1191/1162
f 1352/1209/1163 1353/1210/1163 1344/1211/1163 1345/1212/1163 1340/1213/1163 1341/1214/1163 1348/1215/1163 1349/1216/1163
f 1343/1196/1164 1344/1195/1164 1353/1202/1164 1350/1201/1164
f 1351/1200/1157 1352/1199/1157 1349/1206/1157 1346/1205/1157
f 1354/1191/1158 1357/1192/1158 1356/1193/1158 1355/1194/1158
f 1360/1195/1159 1359/1196/1159 1358/1197/1159 1361/1198/1159
f 1368/1199/1160 1367/1200/1160 1366/1201/1160 1369/1202/1160
f 1364/1203/1161 1363/1204/1161 1362/1205/1161 1365/1206/1161
f 1355/1194/1153 1356/1193/1153 1361/1198/1153 1358/1197/1153
f 1363/1207/1162 1364/1208/1162 1357/1192/1162 1354/1191/1162
f 1368/1209/1163 1369/1210/1163 1360/1211/1163 1361/1212/1163 1356/1213/1163 1357/1214/1163 1364/1215/1163 1365/1216/1163
f 1359/1196/1164 1360/1195/1164 1369/1202/1164 1366/1201/1164
f 1367/1200/1157 1368/1199/1157 1365/1206/1157 1362/1205/1157
f 1370/1191/1158 1373/1192/1158 1372/1193/1158 1371/1194/1158
f 1376/1195/1159 1375/1196/1159 1374/1197/1159 1377/1198/1159
f 1384/1199/1160 1383/1200/1160 1382/1201/1160 1385/1202/1160
f 1380/1203/1161 1379/1204/1161 1378/1205/1161 1381/1206/1161
f 1371/1194/1153 1372/1193/1153 1377/1198/1153 1374/1197/1153
f 1379/1207/1162 1380/1208/1162 1373/1192/1162 1370/1191/1162
f 1384/1209/1163 1385/1210/1163 1376/1211/1163 1377/1212/1163 1372/1213/1163 1373/1214/1163 1380/1215/1163 1381/1216/1163
f 1375/1196/1164 1376/1195/1164 1385/1202/1164 1382/1201/1164
f 1383/1200/1157 1384/1199/1157 1381/1206/1157 1378/1205/1157
f 1386/1191/1158 1389/1192/1158 1388/1193/1158 1387/1194/1158
f 1392/1195/1159 1391/1196/1159 1390/1197/1159 1393/1198/1159
f 1400/1199/1160 1399/1200/1160 1398/1201/1160 1401/1202/1160
f 1396/1203/1161 1395/1204/1161 1394/1205/1161 1397/1206/1161
f 1387/1194/1153 1388/1193/1153 1393/1198/1153 1390/1197/1153
f 1395/1207/1162 1396/1208/1162 1389/1192/1162 1386/1191/1162
f 1400/1209/1163 1401/1210/1163 1392/1211/1163 1393/1212/1163 1388/1213/1163 1389/1214/1163 1396/1215/1163 1397/1216/1163
f 1391/1196/1164 1392/1195/1164 1401/1202/1164 1398/1201/1164
f 1399/1200/1157 1400/1199/1157 1397/1206/1157 1394/1205/1157
f 1402/1217/1158 1405/1218/1158 1404/1219/1158 1403/1220/1158
f 1408/1221/1159 1407/1222/1159 1406/1223/1159 1409/1224/1159
f 1416/1225/1160 1415/1226/1160 1414/1227/1160 1417/1228/1160
f 1412/1229/1161 1411/1230/1161 1410/1231/1161 1413/1232/1161
f 1403/1220/1153 1404/1219/1153 1409/1224/1153 1406/1223/1153
f 1411/1233/1162 1412/1234/1162 1405/1218/1162 1402/1217/1162
f 1416/1235/1163 1417/1236/1163 1408/1237/1163 1409/1238/1163 1404/1239/1163 1405/1240/1163 1412/1241/1163 1413/1242/1163
f 1407/1222/1164 1408/1221/1164 1417/1228/1164 1414/1227/1164
f 1415/1226/1157 1416/1225/1157 1413/1232/1157 1410/1231/1157
f 1418/1243/1158 1421/1244/1158 1420/1245/1158 1419/1246/1158
f 1424/1247/1159 1423/1248/1159 1422/1249/1159 1425/1250/1159
f 1432/1251/1160 1431/1252/1160 1430/1253/1160 1433/1254/1160
f 1428/1255/1161 1427/1256/1161 1426/1257/1161 1429/1258/1161
f 1419/1246/1153 1420/1245/1153 1425/1250/1153 1422/1249/1153
f 1427/1259/1162 1428/1260/1162 1421/1244/1162 1418/1243/1162
f 1432/1261/1163 1433/1262/1163 1424/1263/1163 1425/1264/1163 1420/1265/1163 1421/1266/1163 1428/1267/1163 1429/1268/1163
f 1423/1248/1164 1424/1247/1164 1433/1254/1164 1430/1253/1164
f 1431/1252/1157 1432/1251/1157 1429/1258/1157 1426/1257/1157
f 1434/1269/1158 1437/1270/1158 1436/1271/1158 1435/1272/1158
f 1440/1273/1159 1439/1274/1159 1438/1275/1159 1441/1276/1159
f 1448/1277/1160 1447/1278/1160 1446/1279/1160 1449/1280/1160
f 1444/1281/1161 1443/1282/1161 1442/1283/1161 1445/1284/1161
f 1435/1272/1153 1436/1271/1153 1441/1276/1153 1438/1275/1153
f 1443/1285/1162 1444/1286/1162 1437/1270/1162 1434/1269/1162
f 1448/1287/1163 1449/1288/1163 1440/1289/1163 1441/1290/1163 1436/1291/1163 1437/1292/1163 1444/1293/1163 1445/1294/1163
f 1439/1274/1164 1440/1273/1164 1449/1280/1164 1446/1279/1164
f 1447/1278/1157 1448/1277/1157 1445/1284/1157 1442/1283/1157
f 1450/1167/1165 1451/1170/1165 1452/1169/1165 1453/1168/1165
f 1456/1171/1166 1457/1174/1166 1454/1173/1166 1455/1172/1166
f 1464/1175/1167 1465/1178/1167 1462/1177/1167 1463/1176/1167
f 1460/1179/1168 1461/1182/1168 1458/1181/1168 1459/1180/1168
f 1451/1183/1169 1454/1184/1169 1457/1174/1169 1452/1169/1169
f 1459/1185/1170 1450/1186/1170 1453/1168/1170 1460/1179/1170
f 1464/1175/1171 1461/1182/1171 1460/1179/1171 1453/1168/1171 1452/1169/1171 1457/1174/1171 1456/1171/1171 1465/1178/1171
f 1455/1187/1172 1462/1188/1172 1465/1178/1172 1456/1171/1172
f 1463/1189/1173 1458/1190/1173 1461/1182/1173 1464/1175/1173
f 1466/1191/1174 1467/1194/1174 1468/1193/1174 1469/1192/1174
f 1472/1195/1175 1473/1198/1175 1470/1197/1175 1471/1196/1175
f 1480/1199/1176 1481/1202/1176 1478/1201/1176 1479/1200/1176
f 1476/1203/1177 1477/1206/1177 1474/1205/1177 1475/1204/1177
f 1467/1194/1169 1470/1197/1169 1473/1198/1169 1468/1193/1169
f 1475/1207/1178 1466/1191/1178 1469/1192/1178 1476/1208/1178
f 1480/1209/1179 1477/1216/1179 1476/1215/1179 1469/1214/1179 1468/1213/1179 1473/1212/1179 1472/1211/1179 1481/1210/1179
f 1471/1196/1180 1478/1201/1180 1481/1202/1180 1472/1195/1180
f 1479/1200/1173 1474/1205/1173 1477/1206/1173 1480/1199/1173
f 1482/1191/1174 1483/1194/1174 1484/1193/1174 1485/1192/1174
f 1488/1195/1175 1489/1198/1175 1486/1197/1175 1487/1196/1175
f 1496/1199/1176 1497/1202/1176 1494/1201/1176 1495/1200/1176
f 1492/1203/1177 1493/1206/1177 1490/1205/1177 1491/1204/1177
f 1483/1194/1169 1486/1197/1169 1489/1198/1169 1484/1193/1169
f 1491/1207/1178 1482/1191/1178 1485/1192/1178 1492/1208/1178
f 1496/1209/1179 1493/1216/1179 1492/1215/1179 1485/1214/1179 1484/1213/1179 1489/1212/1179 1488/1211/1179 1497/1210/1179
f 1487/1196/1180 1494/1201/1180 1497/1202/1180 1488/1195/1180
f 1495/1200/1173 1490/1205/1173 1493/1206/1173 1496/1199/1173
f 1498/1191/1174 1499/1194/1174 1500/1193/1174 1501/1192/1174
f 1504/1195/1175 1505/1198/1175 1502/1197/1175 1503/1196/1175
f 1512/1199/1176 1513/1202/1176 1510/1201/1176 1511/1200/1176
f 1508/1203/1177 1509/1206/1177 1506/1205/1177 1507/1204/1177
f 1499/1194/1169 1502/1197/1169 1505/1198/1169 1500/1193/1169
f 1507/1207/1178 1498/1191/1178 1501/1192/1178 1508/1208/1178
f 1512/1209/1179 1509/1216/1179 1508/1215/1179 1501/1214/1179 1500/1213/1179 1505/1212/1179 1504/1211/1179 1513/1210/1179
f 1503/1196/1180 1510/1201/1180 1513/1202/1180 1504/1195/1180
f 1511/1200/1173 1506/1205/1173 1509/1206/1173 1512/1199/1173
f 1514/1191/1174 1515/1194/1174 1516/1193/1174 1517/1192/1174
f 1520/1195/1175 1521/1198/1175 1518/1197/1175 1519/1196/1175
f 1528/1199/1176 1529/1202/1176 1526/1201/1176 1527/1200/1176
f 1524/1203/1177 1525/1206/1177 1522/1205/1177 1523/1204/1177
f 1515/1194/1169 1518/1197/1169 1521/1198/1169 1516/1193/1169
f 1523/1207/1178 1514/1191/1178 1517/1192/1178 1524/1208/1178
f 1528/1209/1179 1525/1216/1179 1524/1215/1179 1517/1214/1179 1516/1213/1179 1521/1212/1179 1520/1211/1179 1529/1210/1179
f 1519/1196/1180 1526/1201/1180 1529/1202/1180 1520/1195/1180
f 1527/1200/1173 1522/1205/1173 1525/1206/1173 1528/1199/1173
f 1530/1191/1174 1531/1194/1174 1532/1193/1174 1533/1192/1174
f 1536/1195/1175 1537/1198/1175 1534/1197/1175 1535/1196/1175
f 1544/1199/1176 1545/1202/1176 1542/1201/1176 1543/1200/1176
f 1540/1203/1177 1541/1206/1177 1538/1205/1177 1539/1204/1177
f 1531/1194/1169 1534/1197/1169 1537/1198/1169 1532/1193/1169
f 1539/1207/1178 1530/1191/1178 1533/1192/1178 1540/1208/1178
f 1544/1209/1179 1541/1216/1179 1540/1215/1179 1533/1214/1179 1532/1213/1179 1537/1212/1179 1536/1211/1179 1545/1210/1179
f 1535/1196/1180 1542/1201/1180 1545/1202/1180 1536/1195/1180
f 1543/1200/1173 1538/1205/1173 1541/1206/1173 1544/1199/1173
f 1546/1191/1174 1547/1194/1174 1548/1193/1174 1549/1192/1174
f 1552/1195/1175 1553/1198/1175 1550/1197/1175 1551/1196/1175
f 1560/1199/1176 1561/1202/1176 1558/1201/1176 1559/1200/1176
f 1556/1203/1177 1557/1206/1177 1554/1205/1177 1555/1204/1177
f 1547/1194/1169 1550/1197/1169 1553/1198/1169 1548/1193/1169
f 1555/1207/1178 1546/1191/1178 1549/1192/1178 1556/1208/1178
f 1560/1209/1179 1557/1216/1179 1556/1215/1179 1549/1214/1179 1548/1213/1179 1553/1212/1179 1552/1211/1179 1561/1210/1179
f 1551/1196/1180 1558/1201/1180 1561/1202/1180 1552/1195/1180
f 1559/1200/1173 1554/1205/1173 1557/1206/1173 1560/1199/1173
f 1562/1191/1174 1563/1194/1174 1564/1193/1174 1565/1192/1174
f 1568/1195/1175 1569/1198/1175 1566/1197/1175 1567/1196/1175
f 1576/1199/1176 1577/1202/1176 1574/1201/1176 1575/1200/1176
f 1572/1203/1177 1573/1206/1177 1570/1205/1177 1571/1204/1177
f 1563/1194/1169 1566/1197/1169 1569/1198/1169 1564/1193/1169
f 1571/1207/1178 1562/1191/1178 1565/1192/1178 1572/1208/1178
f 1576/1209/1179 1573/1216/1179 1572/1215/1179 1565/1214/1179 1564/1213/1179 1569/1212/1179 1568/1211/1179 1577/1210/1179
f 1567/1196/1180 1574/1201/1180 1577/1202/1180 1568/1195/1180
f 1575/1200/1173 1570/1205/1173 1573/1206/1173 1576/1199/1173
f 1578/1217/1174 1579/1220/1174 1580/1219/1174 1581/1218/1174
f 1584/1221/1175 1585/1224/1175 1582/1223/1175 1583/1222/1175
f 1592/1225/1176 1593/1228/1176 1590/1227/1176 1591/1226/1176
f 1588/1229/1177 1589/1232/1177 1586/1231/1177 1587/1230/1177
f 1579/1220/1169 1582/1223/1169 1585/1224/1169 1580/1219/1169
f 1587/1233/1178 1578/1217/1178 1581/1218/1178 1588/1234/1178
f 1592/1235/1179 1589/1242/1179 1588/1241/1179 1581/1240/1179 1580/1239/1179 1585/1238/1179 1584/1237/1179 1593/1236/1179
f 1583/1222/1180 1590/1227/1180 1593/1228/1180 1584/1221/1180
f 1591/1226/1173 1586/1231/1173 1589/1232/1173 1592/1225/1173
f 1594/1243/1174 1595/1246/1174 1596/1245/1174 1597/1244/1174
f 1600/1247/1175 1601/1250/1175 1598/1249/1175 1599/1248/1175
f 1608/1251/1176 1609/1254/1176 1606/1253/1176 1607/1252/1176
f 1604/1255/1177 1605/1258/1177 1602/1257/1177 1603/1256/1177
f 1595/1246/1169 1598/1249/1169 1601/1250/1169 1596/1245/1169
f 1603/1259/1178 1594/1243/1178 1597/1244/1178 1604/1260/1178
f 1608/1261/1179 1605/1268/1179 1604/1267/1179 1597/1266/1179 1596/1265/1179 1601/1264/1179 1600/1263/1179 1609/1262/1179
f 1599/1248/1180 1606/1253/1180 1609/1254/1180 1600/1247/1180
f 1607/1252/1173 1602/1257/1173 1605/1258/1173 1608/1251/1173
f 1610/1269/1174 1611/1272/1174 1612/1271/1174 1613/1270/1174
f 1616/1273/1175 1617/1276/1175 1614/1275/1175 1615/1274/1175
f 1624/1277/1176 1625/1280/1176 1622/1279/1176 1623/1278/1176
f 1620/1281/1177 1621/1284/1177 1618/1283/1177 1619/1282/1177
f 1611/1272/1169 1614/1275/1169 1617/1276/1169 1612/1271/1169
f 1619/1285/1178 1610/1269/1178 1613/1270/1178 1620/1286/1178
f 1624/1287/1179 1621/1294/1179 1620/1293/1179 1613/1292/1179 1612/1291/1179 1617/1290/1179 1616/1289/1179 1625/1288/1179
f 1615/1274/1180 1622/1279/1180 1625/1280/1180 1616/1273/1180
f 1623/1278/1173 1618/1283/1173 1621/1284/1173 1624/1277/1173
f 1635/1295/1181 1636/1296/1182 1626/1297/1182 1627/1298/1181
f 1637/1299/1183 1635/1295/1181 1627/1298/1181 1628/1300/1183
f 1638/1301/1184 1637/1299/1183 1628/1300/1183 1629/1302/1184
f 1639/1303/1185 1638/1301/1184 1629/1302/1184 1630/1304/1185
f 1640/1305/1186 1639/1303/1185 1630/1304/1185 1631/1306/1186
f 1641/1307/1187 1640/1305/1186 1631/1306/1186 1632/1308/1188
f 1642/1309/1189 1641/1307/1187 1632/1308/1188 1633/1310/1189
f 1636/1296/1182 1642/1309/1189 1633/1310/1189 1626/1297/1182
f 1634/1311/1190 1636/1296/1191 1635/1295/1192
f 1634/1311/1190 1635/1295/1192 1637/1299/1193
f 1634/1311/1190 1637/1299/1193 1638/1301/1194
f 1634/1311/1190 1638/1301/1194 1639/1303/1195
f 1634/1311/1190 1639/1303/1195 1640/1305/1196
f 1634/1311/1190 1640/1305/1196 1641/1307/1197
f 1634/1311/1190 1641/1307/1197 1642/1309/1198
f 1634/1311/1190 1642/1309/1198 1636/1296/1191
f 1652/1312/1181 1653/1313/1182 1643/1314/1182 1644/1315/1181
f 1654/1316/1183 1652/1312/1181 1644/1315/1181 1645/1317/1183
f 1655/1318/1184 1654/1316/1183 1645/1317/1183 1646/1319/1184
f 1656/1320/1185 1655/1318/1184 1646/1319/1184 1647/1321/1185
f 1657/1322/1186 1656/1320/1185 1647/1321/1185 1648/1323/1186
f 1658/1324/1187 1657/1322/1186 1648/1323/1186 1649/1325/1187
f 1659/1326/1189 1658/1324/1187 1649/1325/1187 1650/1327/1189
f 1653/1313/1182 1659/1326/1189 1650/1327/1189 1643/1314/1182
f 1651/1328/1190 1653/1313/1199 1652/1312/1200
f 1651/1328/1190 1652/1312/1200 1654/1316/1201
f 1651/1328/1190 1654/1316/1201 1655/1318/1202
f 1651/1328/1190 1655/1318/1202 1656/1320/1203
f 1651/1328/1190 1656/1320/1203 1657/1322/1204
f 1651/1328/1190 1657/1322/1204 1658/1324/1205
f 1651/1328/1190 1658/1324/1205 1659/1326/1206
f 1651/1328/1190 1659/1326/1206 1653/1313/1199
f 1669/1295/1189 1661/1298/1189 1660/1297/1182 1670/1296/1182
f 1671/1299/1187 1662/1300/1187 1661/1298/1189 1669/1295/1189
f 1672/1301/1186 1663/1302/1186 1662/1300/1187 1671/1299/1187
f 1673/1303/1185 1664/1304/1185 1663/1302/1186 1672/1301/1186
f 1674/1305/1184 1665/1306/1184 1664/1304/1185 1673/1303/1185
f 1675/1307/1183 1666/1308/1183 1665/1306/1184 1674/1305/1184
f 1676/1309/1181 1667/1310/1181 1666/1308/1183 1675/1307/1183
f 1670/1296/1182 1660/1297/1182 1667/1310/1181 1676/1309/1181
f 1668/1311/1190 1669/1295/1198 1670/1296/1191
f 1668/1311/1190 1671/1299/1197 1669/1295/1198
f 1668/1311/1190 1672/1301/1196 1671/1299/1197
f 1668/1311/1190 1673/1303/1195 1672/1301/1196
f 1668/1311/1190 1674/1305/1194 1673/1303/1195
f 1668/1311/1190 1675/1307/1193 1674/1305/1194
f 1668/1311/1190 1676/1309/1192 1675/1307/1193
f 1668/1311/1190 1670/1296/1191 1676/1309/1192
f 1686/1312/1189 1678/1315/1189 1677/1314/1182 1687/1313/1182
f 1688/1316/1187 1679/1317/1187 1678/1315/1189 1686/1312/1189
f 1689/1318/1186 1680/1319/1186 1679/1317/1187 1688/1316/1187
f 1690/1320/1185 1681/1321/1185 1680/1319/1186 1689/1318/1186
f 1691/1322/1184 1682/1323/1184 1681/1321/1185 1690/1320/1185
f 1692/1324/1183 1683/1325/1183 1682/1323/1184 1691/1322/1184
f 1693/1326/1181 1684/1327/1181 1683/1325/1183 1692/1324/1183
f 1687/1313/1182 1677/1314/1182 1684/1327/1181 1693/1326/1181
f 1685/1328/1190 1686/1312/1206 1687/1313/1199
f 1685/1328/1190 1688/1316/1205 1686/1312/1206
f 1685/1328/1190 1689/1318/1204 1688/1316/1205
f 1685/1328/1190 1690/1320/1203 1689/1318/1204
f 1685/1328/1190 1691/1322/1202 1690/1320/1203
f 1685/1328/1190 1692/1324/1201 1691/1322/1202
f 1685/1328/1190 1693/1326/1200 1692/1324/1201
f 1685/1328/1190 1687/1313/1199 1693/1326/1200
o Window
v 0.000000 2.018084 -0.766351
v 0.433049 2.022199 -0.649941
v 0.749453 2.033524 -0.332507
v 0.865651 2.048801 0.102540
v 0.748768 2.056695 0.530775
v 0.439922 2.083574 0.846734
v 0.000000 2.079866 0.968853
v -0.439922 2.083574 0.846734
v -0.748768 2.056695 0.530775
v -0.865651 2.048801 0.102540
v -0.749453 2.033524 -0.332507
v -0.433049 2.022199 -0.649941
v 1.097588 1.362771 0.100284
v 0.000000 1.297859 1.894290
v -0.554070 1.229461 1.446516
v -0.959333 1.032363 0.649079
v -1.097588 1.362771 0.100284
v 0.709452 1.869331 -0.850255
v 0.000000 1.869331 -0.997304
v 1.045206 1.869331 -0.454841
v 0.959333 1.032363 0.649079
v 0.554070 1.229461 1.446516
v -1.045206 1.869331 -0.454841
v -0.709452 1.869331 -0.850255
v 0.000000 2.189908 -0.464332
v 0.282050 2.192588 -0.388513
v 0.488128 2.199964 -0.181764
v 0.563810 2.209915 0.101587
v 0.487682 2.215055 0.380503
v 0.286527 2.232562 0.586290
v 0.000000 2.230147 0.665828
v -0.286527 2.232562 0.586290
v -0.487682 2.215055 0.380503
v -0.563810 2.209915 0.101587
v -0.488128 2.199964 -0.181764
v -0.282050 2.192588 -0.388513
v -0.245904 2.320680 -0.051366
v 0.140643 2.321099 -0.157051
v -0.133530 2.330167 0.358693
v 0.254130 2.336370 0.252839
v 0.677434 1.756275 -0.800901
v 0.000000 1.760594 -0.930829
v 0.959405 1.775623 -0.444856
v 0.476180 1.162906 1.370713
v 0.849136 0.994762 0.597258
v -0.677434 1.756275 -0.800901
v -0.959405 1.775623 -0.444856
v -0.849136 0.994762 0.597258
v -0.982389 1.319671 0.066908
v -0.476180 1.162906 1.370713
v 0.000000 1.208812 1.803114
v 0.405785 1.910851 -0.594256
v 0.000000 1.908464 -0.701342
v 0.681963 1.928065 -0.308714
v 0.770081 1.965848 0.087456
v 0.656370 1.979931 0.488203
v 0.376003 1.993939 0.782527
v 0.000000 1.978136 0.892084
v -0.376003 1.993939 0.782527
v -0.656370 1.979931 0.488203
v -0.770081 1.965848 0.087456
v -0.681963 1.928065 -0.308714
v -0.405785 1.910851 -0.594256
v 0.982389 1.319671 0.066908
v 0.254031 2.079785 -0.336236
v -0.000586 2.075480 -0.408221
v 0.442961 2.084855 -0.150902
v 0.510557 2.094161 0.104361
v 0.436361 2.100927 0.356350
v 0.258924 2.114977 0.545617
v 0.001276 2.112216 0.617527
v -0.258217 2.115630 0.544243
v -0.442123 2.098104 0.358387
v -0.511930 2.093560 0.105124
v -0.440179 2.086157 -0.150277
v -0.255166 2.077871 -0.339935
v -0.221093 2.196963 -0.033445
v -0.119090 2.205142 0.338627
v 0.126889 2.197816 -0.127818
v 0.228783 2.211932 0.242106
vn -0.0000 0.8601 -0.5101
vn 0.2139 0.8737 -0.4369
vn 0.2512 0.8871 -0.3873
vn -0.0000 0.8532 -0.5216
vn 0.5296 0.8275 -0.1867
vn 0.6732 0.7353 -0.0783
vn 0.7499 0.6509 0.1184
vn 0.9039 0.3382 0.2619
vn 0.7250 0.6023 0.3340
vn 0.8647 0.2950 0.4066
vn 0.5015 0.7033 0.5038
vn 0.6112 0.5222 0.5948
vn -0.0000 0.7982 0.6024
vn -0.0000 0.6987 0.7154
vn -0.5015 0.7033 0.5038
vn -0.6112 0.5222 0.5948
vn -0.7250 0.6023 0.3340
vn -0.8647 0.2950 0.4066
vn -0.7499 0.6509 0.1184
vn -0.9039 0.3382 0.2619
vn -0.5296 0.8275 -0.1867
vn -0.6732 0.7353 -0.0783
vn -0.2139 0.8737 -0.4369
vn -0.2512 0.8871 -0.3873
vn 0.0046 0.8979 -0.4403
vn 0.2199 0.8851 -0.4102
vn -0.2221 0.9175 0.3299
vn -0.3575 0.9177 0.1735
vn 0.4027 0.8955 0.1895
vn 0.2166 0.9226 0.3191
vn -0.2109 0.9001 -0.3812
vn 0.3544 0.9032 -0.2422
vn -0.4071 0.9130 -0.0277
vn -0.0100 0.9253 0.3790
vn 0.4178 0.9083 -0.0218
vn -0.3762 0.8930 -0.2471
vn -0.1947 0.9707 -0.1406
vn -0.1133 0.9810 0.1575
vn 0.1079 0.9673 -0.2294
vn 0.1989 0.9764 0.0842
vn -0.0001 -0.8604 0.5097
vn -0.0000 -0.8540 0.5203
vn -0.2370 -0.8881 0.3937
vn -0.2086 -0.8749 0.4371
vn -0.6549 -0.7505 0.0882
vn -0.5322 -0.8264 0.1839
vn -0.9065 -0.3287 -0.2649
vn -0.7453 -0.6571 -0.1134
vn -0.8699 -0.2838 -0.4033
vn -0.7188 -0.6131 -0.3279
vn -0.6183 -0.5193 -0.5899
vn -0.5014 -0.7075 -0.4980
vn -0.0000 -0.6995 -0.7147
vn -0.0000 -0.8019 -0.5975
vn 0.6183 -0.5193 -0.5899
vn 0.5013 -0.7076 -0.4980
vn 0.8699 -0.2838 -0.4033
vn 0.7188 -0.6130 -0.3281
vn 0.9065 -0.3287 -0.2649
vn 0.7453 -0.6570 -0.1132
vn 0.6549 -0.7505 0.0882
vn 0.5322 -0.8264 0.1838
vn 0.2370 -0.8881 0.3937
vn 0.2087 -0.8748 0.4372
vn -0.2191 -0.8841 0.4127
vn -0.0045 -0.8962 0.4437
vn 0.3440 -0.9241 -0.1663
vn 0.2123 -0.9230 -0.3211
vn -0.2073 -0.9272 -0.3120
vn -0.3910 -0.9020 -0.1830
vn 0.2102 -0.8991 0.3840
vn -0.3491 -0.9042 0.2462
vn 0.3949 -0.9181 0.0330
vn 0.0102 -0.9281 -0.3721
vn -0.4066 -0.9132 0.0275
vn 0.3700 -0.8945 0.2508
vn 0.1983 -0.9697 0.1424
vn 0.1156 -0.9802 -0.1610
vn -0.1096 -0.9663 0.2330
vn -0.2023 -0.9755 -0.0866
vn -0.3782 -0.9255 -0.0174
vn -0.3811 -0.9240 -0.0298
vn -0.3169 -0.8445 0.4318
vn -0.3284 -0.8289 0.4529
vn -0.4394 -0.5266 -0.7277
vn -0.4318 -0.5258 -0.7329
vn -0.5791 -0.5830 -0.5698
vn -0.5877 -0.5780 -0.5662
vn -0.0000 -0.8179 0.5753
vn 0.3169 -0.8445 0.4318
vn 0.3284 -0.8289 0.4529
vn 0.4727 -0.7243 -0.5019
vn 0.4702 -0.7321 -0.4929
vn 0.5791 -0.5830 -0.5698
vn 0.5877 -0.5780 -0.5662
vn 0.4394 -0.5266 -0.7277
vn 0.4318 -0.5258 -0.7329
vn -0.0000 -0.4825 -0.8759
vn 0.3782 -0.9255 -0.0174
vn 0.3811 -0.9240 -0.0298
vn -0.4702 -0.7321 -0.4929
vn -0.4727 -0.7243 -0.5019
vt 0.487388 0.669789
vt 0.472835 0.689816
vt 0.451065 0.690797
vt 0.477542 0.657239
vt 0.471613 0.714388
vt 0.452424 0.722205
vt 0.483462 0.734301
vt 0.461463 0.766724
vt 0.501373 0.744703
vt 0.486688 0.797098
vt 0.521694 0.746881
vt 0.540904 0.797098
vt 0.541907 0.739099
vt 0.580928 0.788421
vt 0.554118 0.721210
vt 0.598503 0.751444
vt 0.556681 0.701001
vt 0.610862 0.698898
vt 0.550785 0.681275
vt 0.587279 0.667510
vt 0.534296 0.665087
vt 0.546381 0.648378
vt 0.510227 0.660464
vt 0.516345 0.639631
vt 0.498625 0.684051
vt 0.489999 0.696262
vt 0.539807 0.715689
vt 0.541691 0.702906
vt 0.506731 0.730548
vt 0.519631 0.731670
vt 0.512405 0.678635
vt 0.489138 0.710841
vt 0.537232 0.690482
vt 0.532036 0.726631
vt 0.495612 0.723271
vt 0.526742 0.681198
vt 0.520627 0.693918
vt 0.527635 0.711645
vt 0.503656 0.701041
vt 0.511481 0.718540
vt 0.643347 0.761331
vt 0.633350 0.773729
vt 0.607878 0.741445
vt 0.629828 0.742401
vt 0.610864 0.713812
vt 0.629517 0.720540
vt 0.620592 0.673297
vt 0.641557 0.703428
vt 0.645391 0.644076
vt 0.658534 0.694315
vt 0.697378 0.644076
vt 0.676919 0.691965
vt 0.733502 0.650734
vt 0.694260 0.698551
vt 0.746975 0.684906
vt 0.704075 0.714282
vt 0.756921 0.735600
vt 0.705370 0.732692
vt 0.733330 0.765374
vt 0.699885 0.750995
vt 0.696068 0.782852
vt 0.685730 0.766196
vt 0.670057 0.791457
vt 0.664535 0.770426
vt 0.646932 0.736364
vt 0.654339 0.747512
vt 0.693341 0.731348
vt 0.691914 0.719740
vt 0.673971 0.704905
vt 0.662407 0.706128
vt 0.666519 0.752779
vt 0.646193 0.723269
vt 0.689187 0.742455
vt 0.685072 0.709645
vt 0.652158 0.712274
vt 0.679512 0.750483
vt 0.674195 0.738991
vt 0.680800 0.723135
vt 0.659202 0.732288
vt 0.666454 0.716804
vt 0.467255 0.422061
vt 0.466068 0.428538
vt 0.422037 0.418283
vt 0.421060 0.411770
vt 0.544774 0.467783
vt 0.538282 0.468886
vt 0.531833 0.446300
vt 0.536945 0.442150
vt 0.384762 0.418831
vt 0.389166 0.423727
vt 0.380275 0.455838
vt 0.373903 0.454178
vt 0.382108 0.534943
vt 0.388524 0.533462
vt 0.396525 0.567981
vt 0.391857 0.572626
vt 0.416519 0.583122
vt 0.418302 0.576783
vt 0.453749 0.580496
vt 0.453745 0.587081
vt 0.544774 0.505220
vt 0.538225 0.504527
vt 0.379250 0.501203
vt 0.385817 0.500707
vt 0.498352 0.434694
vt 0.500504 0.428470
s 1
usemtl Glass
f 1694/1329/1207 1695/1330/1208 1711/1331/1209 1712/1332/1210
f 1695/1330/1208 1696/1333/1211 1713/1334/1212 1711/1331/1209
f 1696/1333/1211 1697/1335/1213 1706/1336/1214 1713/1334/1212
f 1697/1335/1213 1698/1337/1215 1714/1338/1216 1706/1336/1214
f 1698/1337/1215 1699/1339/1217 1715/1340/1218 1714/1338/1216
f 1699/1339/1217 1700/1341/1219 1707/1342/1220 1715/1340/1218
f 1700/1341/1219 1701/1343/1221 1708/1344/1222 1707/1342/1220
f 1701/1343/1221 1702/1345/1223 1709/1346/1224 1708/1344/1222
f 1702/1345/1223 1703/1347/1225 1710/1348/1226 1709/1346/1224
f 1703/1347/1225 1704/1349/1227 1716/1350/1228 1710/1348/1226
f 1704/1349/1227 1705/1351/1229 1717/1352/1230 1716/1350/1228
f 1705/1351/1229 1694/1329/1207 1712/1332/1210 1717/1352/1230
f 1695/1330/1208 1694/1329/1207 1718/1353/1231 1719/1354/1232
f 1702/1345/1223 1701/1343/1221 1725/1355/1233 1726/1356/1234
f 1699/1339/1217 1698/1337/1215 1722/1357/1235 1723/1358/1236
f 1694/1329/1207 1705/1351/1229 1729/1359/1237 1718/1353/1231
f 1696/1333/1211 1695/1330/1208 1719/1354/1232 1720/1360/1238
f 1703/1347/1225 1702/1345/1223 1726/1356/1234 1727/1361/1239
f 1700/1341/1219 1699/1339/1217 1723/1358/1236 1724/1362/1240
f 1697/1335/1213 1696/1333/1211 1720/1360/1238 1721/1363/1241
f 1704/1349/1227 1703/1347/1225 1727/1361/1239 1728/1364/1242
f 1701/1343/1221 1700/1341/1219 1724/1362/1240 1725/1355/1233
f 1698/1337/1215 1697/1335/1213 1721/1363/1241 1722/1357/1235
f 1705/1351/1229 1704/1349/1227 1728/1364/1242 1729/1359/1237
f 1728/1364/1242 1727/1361/1239 1730/1365/1243 1729/1359/1237
f 1727/1361/1239 1726/1356/1234 1732/1366/1244 1730/1365/1243
f 1726/1356/1234 1725/1355/1233 1724/1362/1240 1732/1366/1244
f 1729/1359/1237 1730/1365/1243 1731/1367/1245 1718/1353/1231
f 1730/1365/1243 1732/1366/1244 1733/1368/1246 1731/1367/1245
f 1732/1366/1244 1724/1362/1240 1723/1358/1236 1733/1368/1246
f 1718/1353/1231 1731/1367/1245 1720/1360/1238 1719/1354/1232
f 1731/1367/1245 1733/1368/1246 1721/1363/1241 1720/1360/1238
f 1733/1368/1246 1723/1358/1236 1722/1357/1235 1721/1363/1241
f 1746/1369/1247 1735/1370/1248 1734/1371/1249 1745/1372/1250
f 1745/1372/1250 1734/1371/1249 1736/1373/1251 1747/1374/1252
f 1747/1374/1252 1736/1373/1251 1757/1375/1253 1748/1376/1254
f 1748/1376/1254 1757/1375/1253 1738/1377/1255 1749/1378/1256
f 1749/1378/1256 1738/1377/1255 1737/1379/1257 1750/1380/1258
f 1750/1380/1258 1737/1379/1257 1744/1381/1259 1751/1382/1260
f 1751/1382/1260 1744/1381/1259 1743/1383/1261 1752/1384/1262
f 1752/1384/1262 1743/1383/1261 1741/1385/1263 1753/1386/1264
f 1753/1386/1264 1741/1385/1263 1742/1387/1265 1754/1388/1266
f 1754/1388/1266 1742/1387/1265 1740/1389/1267 1755/1390/1268
f 1755/1390/1268 1740/1389/1267 1739/1391/1269 1756/1392/1270
f 1756/1392/1270 1739/1391/1269 1735/1370/1248 1746/1369/1247
f 1745/1372/1250 1758/1393/1271 1759/1394/1272 1746/1369/1247
f 1753/1386/1264 1766/1395/1273 1765/1396/1274 1752/1384/1262
f 1750/1380/1258 1763/1397/1275 1762/1398/1276 1749/1378/1256
f 1746/1369/1247 1759/1394/1272 1769/1399/1277 1756/1392/1270
f 1747/1374/1252 1760/1400/1278 1758/1393/1271 1745/1372/1250
f 1754/1388/1266 1767/1401/1279 1766/1395/1273 1753/1386/1264
f 1751/1382/1260 1764/1402/1280 1763/1397/1275 1750/1380/1258
f 1748/1376/1254 1761/1403/1281 1760/1400/1278 1747/1374/1252
f 1755/1390/1268 1768/1404/1282 1767/1401/1279 1754/1388/1266
f 1752/1384/1262 1765/1396/1274 1764/1402/1280 1751/1382/1260
f 1749/1378/1256 1762/1398/1276 1761/1403/1281 1748/1376/1254
f 1756/1392/1270 1769/1399/1277 1768/1404/1282 1755/1390/1268
f 1768/1404/1282 1769/1399/1277 1770/1405/1283 1767/1401/1279
f 1767/1401/1279 1770/1405/1283 1771/1406/1284 1766/1395/1273
f 1766/1395/1273 1771/1406/1284 1764/1402/1280 1765/1396/1274
f 1769/1399/1277 1759/1394/1272 1772/1407/1285 1770/1405/1283
f 1770/1405/1283 1772/1407/1285 1773/1408/1286 1771/1406/1284
f 1771/1406/1284 1773/1408/1286 1763/1397/1275 1764/1402/1280
f 1759/1394/1272 1758/1393/1271 1760/1400/1278 1772/1407/1285
f 1772/1407/1285 1760/1400/1278 1761/1403/1281 1773/1408/1286
f 1773/1408/1286 1761/1403/1281 1762/1398/1276 1763/1397/1275
f 1709/1409/1287 1741/1410/1288 1743/1411/1289 1708/1412/1290
f 1717/1413/1291 1739/1414/1292 1740/1415/1293 1716/1416/1294
f 1707/1417/1295 1744/1418/1295 1737/1419/1296 1715/1420/1297
f 1706/1421/1298 1757/1422/1299 1736/1423/1300 1713/1424/1301
f 1711/1425/1302 1734/1426/1303 1735/1427/1304 1712/1428/1304
f 1708/1412/1290 1743/1411/1289 1744/1418/1295 1707/1417/1295
f 1712/1429/1304 1735/1430/1304 1739/1414/1292 1717/1413/1291
f 1714/1431/1305 1738/1432/1306 1757/1422/1299 1706/1421/1298
f 1716/1416/1294 1740/1415/1293 1742/1433/1307 1710/1434/1308
f 1713/1424/1301 1736/1423/1300 1734/1426/1303 1711/1425/1302
f 1710/1434/1308 1742/1433/1307 1741/1410/1288 1709/1409/1287
f 1715/1420/1297 1737/1419/1296 1738/1432/1306 1714/1431/1305
o Door_L
v 0.000000 1.603466 -5.080018
v 0.839968 0.763498 -5.080018
v 0.593947 1.357445 -5.080018
v 1.074032 1.209486 -4.824520
v 0.000000 1.927882 -4.826002
v 0.446880 1.841182 -4.829477
v 0.000000 0.763498 -5.345879
v 1.158285 0.763498 -4.815570
v 0.000000 -0.076469 -5.080018
v 0.593947 0.169551 -5.080018
v 1.074032 0.317510 -4.824520
v 0.000000 -0.400886 -4.826002
v 0.446879 -0.314185 -4.829477
v 0.826746 1.590244 -4.832840
v 0.826746 -0.063248 -4.832840
v 0.663788 1.039134 -5.225961
v 0.000000 1.483127 -5.225961
v 0.276187 1.429543 -5.225961
v 0.715859 0.763498 -5.225961
v 0.663788 0.487863 -5.225961
v 0.000000 0.043870 -5.225961
v 0.276187 0.097453 -5.225961
v 0.510957 1.274455 -5.225961
v 0.510957 0.252541 -5.225961
v 0.737477 1.069733 -4.972270
v 0.000000 1.563015 -4.972270
v 0.306847 1.503482 -4.972270
v 0.795328 0.763498 -4.972270
v 0.737477 0.457264 -4.972270
v 0.000000 -0.036018 -4.972270
v 0.306847 0.023514 -4.972270
v 0.567679 1.331178 -4.972270
v 0.567679 0.195819 -4.972270
v 0.594217 1.010245 -5.212666
v 0.000000 1.407703 -5.212666
v 0.247240 1.359735 -5.212666
v 0.640830 0.763498 -5.212666
v 0.594217 0.516752 -5.212666
v 0.000000 0.119294 -5.212666
v 0.247240 0.167261 -5.212666
v 0.457404 1.220902 -5.212666
v 0.457404 0.306094 -5.212666
v 0.594217 1.010245 -4.985565
v 0.000000 1.407703 -4.985565
v 0.247240 1.359735 -4.985565
v 0.640830 0.763498 -4.985565
v 0.594217 0.516752 -4.985565
v 0.000000 0.119294 -4.985565
v 0.247240 0.167261 -4.985565
v 0.457404 1.220902 -4.985565
v 0.457404 0.306094 -4.985565
v 0.763187 0.763498 -4.923293
v 0.535786 1.300241 -4.925736
v 0.982122 1.166890 -4.682408
v -0.033252 1.529865 -4.925308
v -0.029871 1.832942 -4.682642
v 0.403753 1.751686 -4.685990
v -0.038117 0.763498 -5.175570
v 1.158285 0.763498 -4.671943
v 0.535786 0.226755 -4.925736
v 0.982122 0.360106 -4.682408
v -0.033252 -0.002869 -4.925308
v -0.029871 -0.305946 -4.682642
v 0.403753 -0.224690 -4.685990
v 0.751838 1.516970 -4.693278
v 0.751838 0.010026 -4.693278
vn 0.1905 0.4217 -0.8865
vn 0.1712 0.5440 -0.8214
vn 0.2471 0.5128 -0.8222
vn 0.3333 0.3278 -0.8840
vn 0.4292 0.4199 -0.7997
vn 0.5266 0.2441 -0.8143
vn 0.4399 -0.0000 -0.8980
vn 0.2184 -0.0000 -0.9759
vn 0.5681 -0.0000 -0.8230
vn 0.1905 -0.4217 -0.8865
vn 0.3333 -0.3278 -0.8840
vn 0.2471 -0.5128 -0.8222
vn 0.1712 -0.5440 -0.8214
vn 0.5266 -0.2441 -0.8143
vn 0.4292 -0.4199 -0.7997
vn 0.3604 0.8830 -0.3009
vn 0.1820 0.9379 -0.2953
vn 0.3607 0.8828 -0.3009
vn 0.3604 -0.8830 -0.3009
vn 0.3607 -0.8828 -0.3009
vn 0.1820 -0.9379 -0.2953
vn 0.6769 0.6715 -0.3015
vn 0.6767 0.6717 -0.3015
vn 0.6769 -0.6715 -0.3015
vn 0.6767 -0.6717 -0.3015
vn 0.9543 -0.0000 -0.2989
vn 0.8856 0.3546 -0.3000
vn 0.8853 0.3554 -0.3000
vn 0.8853 -0.3554 -0.3000
vn 0.8856 -0.3546 -0.3000
vn -0.3781 -0.9258 -0.0000
vn -0.1905 -0.9817 -0.0000
vn -0.3781 0.9258 -0.0000
vn -0.1905 0.9817 -0.0000
vn -0.7099 -0.7043 -0.0000
vn -0.7099 0.7043 -0.0000
vn -1.0000 -0.0000 -0.0000
vn -0.9282 -0.3722 -0.0000
vn -0.9282 0.3722 -0.0000
vn -0.1745 -0.0000 -0.9847
vn -0.1614 -0.0644 -0.9848
vn -0.1612 -0.0649 -0.9848
vn -0.1228 -0.1217 -0.9849
vn -0.1227 -0.1218 -0.9849
vn -0.0656 0.1604 -0.9849
vn -0.0337 0.1735 -0.9843
vn -0.0654 0.1605 -0.9849
vn -0.1227 0.1218 -0.9849
vn -0.1228 0.1217 -0.9849
vn -0.1612 0.0649 -0.9848
vn -0.1614 0.0644 -0.9848
vn -0.0656 -0.1604 -0.9849
vn -0.0654 -0.1605 -0.9849
vn -0.0337 -0.1735 -0.9843
vn -0.1881 -0.4261 0.8849
vn -0.3250 -0.3378 0.8833
vn -0.2463 -0.5189 0.8186
vn -0.1678 -0.5512 0.8173
vn -0.4991 -0.2701 0.8234
vn -0.4325 -0.4229 0.7963
vn -0.2167 -0.0000 0.9762
vn -0.4170 -0.0000 0.9089
vn -0.5321 -0.0000 0.8467
vn -0.1881 0.4261 0.8849
vn -0.1678 0.5512 0.8173
vn -0.2463 0.5189 0.8186
vn -0.3250 0.3378 0.8833
vn -0.4325 0.4229 0.7963
vn -0.4991 0.2701 0.8234
vn 0.1591 0.8115 0.5623
vn 0.3091 0.7550 0.5783
vn 0.3173 0.7513 0.5787
vn 0.7969 -0.3785 0.4709
vn 0.7994 -0.3767 0.4681
vn 0.5719 -0.5711 0.5889
vn -0.9829 -0.1175 -0.1417
vn -0.9811 -0.0930 -0.1699
vn -0.9809 -0.0916 -0.1716
vn 0.3173 -0.7513 0.5787
vn 0.3091 -0.7550 0.5783
vn 0.1591 -0.8115 0.5623
vn 0.5719 0.5711 0.5889
vn -0.9798 -0.0000 -0.1999
vn -0.9811 0.0930 -0.1699
vn -0.9809 0.0916 -0.1716
vn 0.7969 0.3785 0.4709
vn 0.7994 0.3767 0.4681
vn 0.9383 -0.0000 0.3459
vn -0.9829 0.1175 -0.1417
vt 0.766122 0.876025
vt 0.785596 0.881841
vt 0.775919 0.902105
vt 0.748705 0.901690
vt 0.760051 0.917939
vt 0.739763 0.927398
vt 0.719459 0.909386
vt 0.723741 0.867308
vt 0.717452 0.929109
vt 0.680474 0.867308
vt 0.692363 0.895956
vt 0.665624 0.890880
vt 0.660227 0.869083
vt 0.695943 0.922939
vt 0.677977 0.909586
vt 0.746647 0.501808
vt 0.739960 0.490131
vt 0.751121 0.483055
vt 0.758511 0.496601
vt 0.746647 0.579780
vt 0.758511 0.584987
vt 0.751121 0.598533
vt 0.739960 0.591457
vt 0.751534 0.514565
vt 0.763801 0.511079
vt 0.751534 0.567023
vt 0.763800 0.570509
vt 0.754717 0.540794
vt 0.754107 0.527823
vt 0.766695 0.525959
vt 0.767555 0.540794
vt 0.766695 0.555629
vt 0.754107 0.553765
vt 0.743318 0.503364
vt 0.732964 0.508101
vt 0.727539 0.497302
vt 0.737277 0.492410
vt 0.743318 0.578224
vt 0.737277 0.589178
vt 0.727539 0.584286
vt 0.732964 0.573487
vt 0.747719 0.515681
vt 0.737181 0.519036
vt 0.747719 0.565907
vt 0.737181 0.562551
vt 0.751298 0.540794
vt 0.740966 0.540794
vt 0.739913 0.530074
vt 0.750473 0.528313
vt 0.750473 0.553275
vt 0.739913 0.551513
vt 0.967752 0.150992
vt 0.940274 0.161877
vt 0.944914 0.136885
vt 0.966062 0.131956
vt 0.915091 0.164611
vt 0.927738 0.148323
vt 0.967752 0.190547
vt 0.927561 0.186281
vt 0.905119 0.183899
vt 0.959449 0.229221
vt 0.953801 0.247477
vt 0.934158 0.238219
vt 0.934868 0.212810
vt 0.919766 0.223431
vt 0.910820 0.204850
vt 0.990150 0.164020
vt 0.997327 0.168452
vt 0.984807 0.185714
vt 0.977294 0.181877
vt 0.965718 0.267580
vt 0.974134 0.267003
vt 0.976817 0.287085
vt 0.968685 0.289327
vt 0.990168 0.013681
vt 0.997263 0.018244
vt 0.985772 0.033082
vt 0.978118 0.029537
vt 0.977294 0.309578
vt 0.984807 0.305741
vt 0.997327 0.323003
vt 0.990150 0.327435
vt 0.976817 0.204370
vt 0.968685 0.202129
vt 0.965578 0.070233
vt 0.974013 0.070233
vt 0.985772 0.107384
vt 0.978118 0.110929
vt 0.965718 0.223875
vt 0.974134 0.224452
vt 0.974640 0.245728
vt 0.967697 0.245728
vt 0.997263 0.122221
vt 0.990168 0.126784
vt 0.205954 0.009220
vt 0.193692 0.005358
vt 0.194335 0.001713
vt 0.205312 0.001713
vt 0.210414 0.001706
vt 0.221390 0.001706
vt 0.222033 0.005352
vt 0.209771 0.009213
s 1
usemtl SpaceShip
f 1774/1435/1309 1778/1436/1310 1779/1437/1311 1776/1438/1312
f 1776/1438/1312 1779/1437/1311 1787/1439/1313 1777/1440/1314
f 1774/1435/1309 1776/1438/1312 1775/1441/1315 1780/1442/1316
f 1776/1438/1312 1777/1440/1314 1781/1443/1317 1775/1441/1315
f 1782/1444/1318 1783/1445/1319 1786/1446/1320 1785/1447/1321
f 1783/1445/1319 1784/1448/1322 1788/1449/1323 1786/1446/1320
f 1782/1444/1318 1780/1442/1316 1775/1441/1315 1783/1445/1319
f 1783/1445/1319 1775/1441/1315 1781/1443/1317 1784/1448/1322
f 1791/1450/1324 1790/1451/1325 1799/1452/1325 1800/1453/1326
f 1795/1454/1327 1804/1455/1328 1803/1456/1329 1794/1457/1329
f 1796/1458/1330 1791/1450/1324 1800/1453/1326 1805/1459/1331
f 1797/1460/1332 1806/1461/1333 1804/1455/1328 1795/1454/1327
f 1792/1462/1334 1789/1463/1335 1798/1464/1336 1801/1465/1334
f 1792/1462/1334 1801/1465/1334 1802/1466/1337 1793/1467/1338
f 1789/1463/1335 1796/1458/1330 1805/1459/1331 1798/1464/1336
f 1793/1467/1338 1802/1466/1337 1806/1461/1333 1797/1460/1332
f 1809/1468/1339 1818/1469/1339 1817/1470/1340 1808/1471/1340
f 1813/1472/1341 1812/1473/1342 1821/1474/1342 1822/1475/1341
f 1814/1476/1343 1823/1477/1343 1818/1469/1339 1809/1468/1339
f 1815/1478/1344 1813/1472/1341 1822/1475/1341 1824/1479/1344
f 1810/1480/1345 1819/1481/1345 1816/1482/1346 1807/1483/1346
f 1810/1480/1345 1811/1484/1347 1820/1485/1347 1819/1481/1345
f 1807/1483/1346 1816/1482/1346 1823/1477/1343 1814/1476/1343
f 1811/1484/1347 1815/1478/1344 1824/1479/1344 1820/1485/1347
f 1792/1462/1348 1810/1480/1348 1807/1483/1349 1789/1463/1350
f 1789/1463/1350 1807/1483/1349 1814/1476/1351 1796/1458/1352
f 1795/1454/1353 1794/1457/1354 1812/1473/1354 1813/1472/1355
f 1797/1460/1356 1795/1454/1353 1813/1472/1355 1815/1478/1357
f 1792/1462/1348 1793/1467/1358 1811/1484/1359 1810/1480/1348
f 1793/1467/1358 1797/1460/1356 1815/1478/1357 1811/1484/1359
f 1791/1450/1360 1809/1468/1361 1808/1471/1362 1790/1451/1362
f 1796/1458/1352 1814/1476/1351 1809/1468/1361 1791/1450/1360
f 1828/1486/1363 1826/1487/1364 1830/1488/1365 1829/1489/1366
f 1826/1487/1364 1827/1490/1367 1838/1491/1368 1830/1488/1365
f 1828/1486/1363 1831/1492/1369 1825/1493/1370 1826/1487/1364
f 1826/1487/1364 1825/1493/1370 1832/1494/1371 1827/1490/1367
f 1835/1495/1372 1836/1496/1373 1837/1497/1374 1833/1498/1375
f 1833/1498/1375 1837/1497/1374 1839/1499/1376 1834/1500/1377
f 1835/1495/1372 1833/1498/1375 1825/1493/1370 1831/1492/1369
f 1833/1498/1375 1834/1500/1377 1832/1494/1371 1825/1493/1370
f 1778/1501/1378 1829/1502/1378 1830/1503/1379 1779/1504/1380
f 1784/1505/1381 1834/1506/1382 1839/1507/1383 1788/1508/1383
f 1785/1509/1384 1836/1510/1384 1835/1511/1385 1782/1512/1386
f 1786/1513/1387 1837/1514/1388 1836/1515/1389 1785/1516/1389
f 1779/1504/1380 1830/1503/1379 1838/1517/1390 1787/1518/1390
f 1780/1519/1391 1831/1520/1391 1828/1521/1392 1774/1522/1393
f 1788/1508/1383 1839/1507/1383 1837/1514/1388 1786/1513/1387
f 1777/1523/1394 1827/1524/1395 1832/1525/1396 1781/1526/1396
f 1782/1512/1386 1835/1511/1385 1831/1520/1391 1780/1519/1391
f 1781/1526/1396 1832/1525/1396 1834/1506/1382 1784/1505/1381
f 1774/1522/1393 1828/1521/1392 1829/1527/1397 1778/1528/1397
f 1787/1518/1390 1838/1517/1390 1827/1524/1395 1777/1523/1394
f 1799/1529/1345 1790/1530/1345 1808/1531/1345 1817/1532/1345
f 1821/1533/1345 1812/1534/1345 1794/1535/1345 1803/1536/1345
o DoorInside.001
v -0.922740 -0.025382 -2.768101
v -0.544491 -0.194610 -2.803770
v 0.000000 -0.191899 -2.812968
v -1.042442 0.291981 -2.759139
v -1.056462 0.771364 -2.756420
v -1.042859 1.250983 -2.761228
v -0.541656 1.732970 -2.800296
v -0.919432 1.608515 -2.766129
v 0.000000 1.747813 -2.810146
v 0.922740 -0.025382 -2.768101
v 0.544491 -0.194610 -2.803770
v 1.042442 0.291981 -2.759139
v 1.056462 0.771364 -2.756420
v 1.042859 1.250983 -2.761228
v 0.541656 1.732970 -2.800296
v 0.919432 1.608515 -2.766129
v -0.910496 -0.028020 -2.693291
v -0.533672 -0.195342 -2.728877
v 0.000000 -0.189526 -2.737842
v -1.041962 0.291517 -2.684001
v -1.059525 0.771812 -2.681302
v -1.043373 1.252157 -2.686093
v -0.532540 1.744250 -2.725599
v -0.909461 1.616859 -2.691345
v 0.000000 1.756898 -2.735180
v 0.910496 -0.028020 -2.693291
v 0.533672 -0.195342 -2.728877
v 1.041962 0.291517 -2.684001
v 1.059525 0.771812 -2.681302
v 1.043373 1.252157 -2.686093
v 0.532540 1.744250 -2.725599
v 0.909461 1.616859 -2.691345
vn -0.9411 0.3359 0.0381
vn -0.4035 -0.9140 0.0416
vn -0.9272 -0.3677 0.0711
vn -0.9993 -0.0328 -0.0172
vn 0.0081 -0.9999 0.0104
vn -0.3222 0.9431 -0.0827
vn -0.0278 0.9907 -0.1331
vn -0.9992 0.0307 -0.0241
vn 0.9411 0.3359 0.0381
vn 0.4035 -0.9140 0.0416
vn 0.9272 -0.3677 0.0711
vn 0.9993 -0.0328 -0.0172
vn -0.0081 -0.9999 0.0104
vn 0.3222 0.9431 -0.0827
vn 0.0278 0.9907 -0.1331
vn 0.9992 0.0307 -0.0241
vn -0.0000 -0.0014 1.0000
vn -0.0000 0.0015 -1.0000
vt 0.115144 0.958537
vt 0.115454 0.965867
vt 0.094185 0.966411
vt 0.094439 0.959080
vt 0.208750 0.950431
vt 0.209394 0.957739
vt 0.186864 0.961478
vt 0.186106 0.954181
vt 0.168019 0.963355
vt 0.167609 0.956030
vt 0.141756 0.964997
vt 0.141403 0.957669
vt 0.238552 0.949322
vt 0.238605 0.956658
vt 0.485800 0.958900
vt 0.485170 0.966209
vt 0.463373 0.962967
vt 0.464010 0.955659
vt 0.434229 0.961542
vt 0.434365 0.954207
vt 0.382792 0.956996
vt 0.383151 0.964323
vt 0.361876 0.964086
vt 0.362080 0.956753
vt 0.291063 0.953422
vt 0.290411 0.960729
vt 0.267830 0.957316
vt 0.268368 0.950000
vt 0.309585 0.955004
vt 0.309281 0.962334
vt 0.335812 0.956264
vt 0.335565 0.963596
vt 0.404686 0.954562
vt 0.405053 0.961889
vt 0.039910 0.695561
vt 0.032618 0.675574
vt 0.031722 0.649273
vt 0.032646 0.622975
vt 0.039850 0.605461
vt 0.060748 0.596250
vt 0.089978 0.596629
vt 0.119207 0.596250
vt 0.140105 0.605461
vt 0.147309 0.622975
vt 0.148233 0.649273
vt 0.147337 0.675574
vt 0.140045 0.695561
vt 0.119149 0.702559
vt 0.089978 0.703190
vt 0.060806 0.702559
vt 0.404259 0.761112
vt 0.383318 0.767952
vt 0.353647 0.768702
vt 0.323976 0.767952
vt 0.303035 0.761112
vt 0.296316 0.741519
vt 0.295559 0.715258
vt 0.296289 0.689011
vt 0.302850 0.671617
vt 0.323825 0.662298
vt 0.353647 0.662508
vt 0.383470 0.662298
vt 0.404444 0.671617
vt 0.411006 0.689011
vt 0.411735 0.715258
vt 0.410978 0.741519
s 1
usemtl SpaceShip
f 1845/1537/1398 1861/1538/1398 1863/1539/1398 1847/1540/1398
f 1841/1541/1399 1857/1542/1399 1856/1543/1399 1840/1544/1399
f 1840/1544/1400 1856/1543/1400 1859/1545/1400 1843/1546/1400
f 1843/1546/1401 1859/1545/1401 1860/1547/1401 1844/1548/1401
f 1842/1549/1402 1858/1550/1402 1857/1542/1402 1841/1541/1402
f 1847/1551/1403 1863/1552/1403 1862/1553/1403 1846/1554/1403
f 1846/1554/1404 1862/1553/1404 1864/1555/1404 1848/1556/1404
f 1844/1548/1405 1860/1547/1405 1861/1538/1405 1845/1537/1405
f 1855/1557/1406 1871/1558/1406 1869/1559/1406 1853/1560/1406
f 1849/1561/1407 1865/1562/1407 1866/1563/1407 1850/1564/1407
f 1851/1565/1408 1867/1566/1408 1865/1562/1408 1849/1561/1408
f 1852/1567/1409 1868/1568/1409 1867/1566/1409 1851/1565/1409
f 1850/1564/1410 1866/1563/1410 1858/1550/1410 1842/1549/1410
f 1854/1569/1411 1870/1570/1411 1871/1558/1411 1855/1557/1411
f 1848/1556/1412 1864/1555/1412 1870/1570/1412 1854/1569/1412
f 1853/1560/1413 1869/1559/1413 1868/1568/1413 1852/1567/1413
f 1863/1571/1414 1861/1572/1414 1860/1573/1414 1859/1574/1414 1856/1575/1414 1857/1576/1414 1858/1577/1414 1866/1578/1414 1865/1579/1414 1867/1580/1414 1868/1581/1414 1869/1582/1414 1871/1583/1414 1870/1584/1414 1864/1585/1414 1862/1586/1414
f 1847/1587/1415 1846/1588/1415 1848/1589/1415 1854/1590/1415 1855/1591/1415 1853/1592/1415 1852/1593/1415 1851/1594/1415 1849/1595/1415 1850/1596/1415 1842/1597/1415 1841/1598/1415 1840/1599/1415 1843/1600/1415 1844/1601/1415 1845/1602/1415
o Door_R
v 0.000000 -0.076468 -5.080017
v -0.839968 0.763500 -5.080017
v -0.593947 0.169553 -5.080017
v -1.074032 0.317512 -4.824520
v 0.000000 -0.400884 -4.826002
v -0.446879 -0.314184 -4.829477
v 0.000000 0.763500 -5.345879
v -1.158285 0.763500 -4.815570
v -0.000000 1.603468 -5.080017
v -0.593947 1.357447 -5.080017
v -1.074032 1.209488 -4.824520
v -0.000000 1.927884 -4.826001
v -0.446880 1.841183 -4.829476
v -0.826746 -0.063246 -4.832839
v -0.826746 1.590246 -4.832839
v -0.663788 0.487864 -5.225960
v 0.000000 0.043871 -5.225960
v -0.276186 0.097455 -5.225960
v -0.715859 0.763500 -5.225960
v -0.663788 1.039135 -5.225960
v -0.000000 1.483129 -5.225960
v -0.276187 1.429545 -5.225960
v -0.510957 0.252543 -5.225960
v -0.510957 1.274457 -5.225960
v -0.737477 0.457265 -4.972270
v 0.000000 -0.036016 -4.972270
v -0.306846 0.023516 -4.972270
v -0.795328 0.763500 -4.972270
v -0.737477 1.069734 -4.972270
v -0.000000 1.563016 -4.972270
v -0.306847 1.503484 -4.972270
v -0.567679 0.195820 -4.972270
v -0.567680 1.331179 -4.972270
v -0.594217 0.516753 -5.212666
v 0.000000 0.119295 -5.212666
v -0.247239 0.167263 -5.212666
v -0.640830 0.763500 -5.212666
v -0.594217 1.010246 -5.212666
v -0.000000 1.407705 -5.212666
v -0.247240 1.359737 -5.212666
v -0.457404 0.306096 -5.212666
v -0.457404 1.220904 -5.212666
v -0.594217 0.516753 -4.985564
v 0.000000 0.119295 -4.985564
v -0.247239 0.167263 -4.985564
v -0.640830 0.763500 -4.985564
v -0.594217 1.010246 -4.985564
v -0.000000 1.407705 -4.985564
v -0.247240 1.359737 -4.985564
v -0.457404 0.306096 -4.985564
v -0.457404 1.220904 -4.985564
v -0.763187 0.763500 -4.923293
v -0.535785 0.226757 -4.925735
v -0.982122 0.360108 -4.682407
v 0.033253 -0.002867 -4.925307
v 0.029871 -0.305944 -4.682642
v -0.403753 -0.224688 -4.685990
v 0.038117 0.763500 -5.175570
v -1.158285 0.763500 -4.671942
v -0.535786 1.300243 -4.925735
v -0.982122 1.166891 -4.682407
v 0.033252 1.529867 -4.925307
v 0.029871 1.832944 -4.682642
v -0.403753 1.751688 -4.685990
v -0.751838 0.010028 -4.693277
v -0.751838 1.516972 -4.693277
vn -0.1905 -0.4217 -0.8865
vn -0.1712 -0.5440 -0.8214
vn -0.2471 -0.5128 -0.8222
vn -0.3333 -0.3278 -0.8840
vn -0.4292 -0.4199 -0.7997
vn -0.5266 -0.2441 -0.8143
vn -0.4399 -0.0000 -0.8980
vn -0.2184 -0.0000 -0.9759
vn -0.5681 -0.0000 -0.8230
vn -0.1905 0.4217 -0.8865
vn -0.3333 0.3278 -0.8840
vn -0.2471 0.5128 -0.8222
vn -0.1712 0.5440 -0.8214
vn -0.5266 0.2441 -0.8143
vn -0.4292 0.4199 -0.7997
vn -0.3604 -0.8830 -0.3009
vn -0.1820 -0.9379 -0.2953
vn -0.3607 -0.8828 -0.3009
vn -0.3604 0.8830 -0.3009
vn -0.3607 0.8828 -0.3009
vn -0.1820 0.9379 -0.2953
vn -0.6769 -0.6715 -0.3015
vn -0.6767 -0.6717 -0.3015
vn -0.6769 0.6715 -0.3015
vn -0.6767 0.6717 -0.3015
vn -0.9543 -0.0000 -0.2989
vn -0.8856 -0.3546 -0.3000
vn -0.8853 -0.3554 -0.3000
vn -0.8853 0.3554 -0.3000
vn -0.8856 0.3546 -0.3000
vn 0.3781 0.9258 -0.0000
vn 0.1905 0.9817 -0.0000
vn 0.3781 -0.9258 -0.0000
vn 0.1905 -0.9817 -0.0000
vn 0.7099 0.7043 -0.0000
vn 0.7099 -0.7043 -0.0000
vn 1.0000 -0.0000 -0.0000
vn 0.9282 0.3722 -0.0000
vn 0.9282 -0.3722 -0.0000
vn 0.1745 -0.0000 -0.9847
vn 0.1614 0.0644 -0.9848
vn 0.1612 0.0649 -0.9848
vn 0.1228 0.1217 -0.9849
vn 0.1227 0.1218 -0.9849
vn 0.0656 -0.1604 -0.9849
vn 0.0337 -0.1735 -0.9843
vn 0.0654 -0.1605 -0.9849
vn 0.1227 -0.1218 -0.9849
vn 0.1228 -0.1217 -0.9849
vn 0.1612 -0.0649 -0.9848
vn 0.1614 -0.0644 -0.9848
vn 0.0656 0.1604 -0.9849
vn 0.0654 0.1605 -0.9849
vn 0.0337 0.1735 -0.9843
vn 0.1881 0.4261 0.8849
vn 0.3250 0.3378 0.8833
vn 0.2463 0.5189 0.8186
vn 0.1678 0.5512 0.8173
vn 0.4991 0.2701 0.8234
vn 0.4325 0.4229 0.7963
vn 0.2167 -0.0000 0.9762
vn 0.4170 -0.0000 0.9089
vn 0.5321 -0.0000 0.8467
vn 0.1881 -0.4261 0.8849
vn 0.1678 -0.5512 0.8173
vn 0.2463 -0.5189 0.8186
vn 0.3250 -0.3378 0.8833
vn 0.4325 -0.4229 0.7963
vn 0.4991 -0.2701 0.8234
vn -0.1591 -0.8115 0.5623
vn -0.3091 -0.7550 0.5783
vn -0.3173 -0.7513 0.5787
vn -0.7969 0.3785 0.4709
vn -0.7994 0.3767 0.4681
vn -0.5719 0.5711 0.5889
vn 0.9829 0.1175 -0.1417
vn 0.9811 0.0930 -0.1699
vn 0.9809 0.0916 -0.1716
vn -0.3173 0.7513 0.5787
vn -0.3091 0.7550 0.5783
vn -0.1592 0.8115 0.5623
vn -0.5719 -0.5711 0.5889
vn 0.9798 -0.0000 -0.1999
vn 0.9811 -0.0930 -0.1699
vn 0.9809 -0.0916 -0.1716
vn -0.7969 -0.3785 0.4709
vn -0.7994 -0.3767 0.4681
vn -0.9383 -0.0000 0.3459
vn 0.9829 -0.1175 -0.1417
vt 0.766122 0.876025
vt 0.785596 0.881841
vt 0.775919 0.902105
vt 0.748705 0.901690
vt 0.760051 0.917939
vt 0.739763 0.927398
vt 0.719459 0.909386
vt 0.723741 0.867308
vt 0.717452 0.929109
vt 0.680474 0.867308
vt 0.692363 0.895956
vt 0.665624 0.890880
vt 0.660227 0.869083
vt 0.695943 0.922939
vt 0.677977 0.909586
vt 0.746647 0.501808
vt 0.739960 0.490131
vt 0.751121 0.483055
vt 0.758511 0.496601
vt 0.746647 0.579780
vt 0.758511 0.584987
vt 0.751121 0.598533
vt 0.739960 0.591457
vt 0.751534 0.514565
vt 0.763801 0.511079
vt 0.751534 0.567023
vt 0.763800 0.570509
vt 0.754717 0.540794
vt 0.754107 0.527823
vt 0.766695 0.525959
vt 0.767555 0.540794
vt 0.766695 0.555629
vt 0.754107 0.553765
vt 0.743318 0.503364
vt 0.732964 0.508101
vt 0.727539 0.497302
vt 0.737277 0.492410
vt 0.743318 0.578224
vt 0.737277 0.589178
vt 0.727539 0.584286
vt 0.732964 0.573487
vt 0.747719 0.515681
vt 0.737181 0.519036
vt 0.747719 0.565907
vt 0.737181 0.562551
vt 0.751298 0.540794
vt 0.740966 0.540794
vt 0.739913 0.530074
vt 0.750473 0.528313
vt 0.750473 0.553275
vt 0.739913 0.551513
vt 0.967752 0.150992
vt 0.940274 0.161877
vt 0.944914 0.136885
vt 0.966062 0.131956
vt 0.915091 0.164611
vt 0.927738 0.148323
vt 0.967752 0.190547
vt 0.927561 0.186281
vt 0.905119 0.183899
vt 0.959449 0.229221
vt 0.953801 0.247477
vt 0.934158 0.238219
vt 0.934868 0.212810
vt 0.919766 0.223431
vt 0.910820 0.204850
vt 0.990150 0.164020
vt 0.997327 0.168452
vt 0.984807 0.185714
vt 0.977294 0.181877
vt 0.965718 0.267580
vt 0.974134 0.267003
vt 0.976817 0.287085
vt 0.968685 0.289327
vt 0.990168 0.013681
vt 0.997263 0.018244
vt 0.985772 0.033082
vt 0.978118 0.029537
vt 0.977294 0.309578
vt 0.984807 0.305741
vt 0.997327 0.323003
vt 0.990150 0.327435
vt 0.976817 0.204370
vt 0.968685 0.202129
vt 0.965578 0.070233
vt 0.974013 0.070233
vt 0.985772 0.107384
vt 0.978118 0.110929
vt 0.965718 0.223875
vt 0.974134 0.224452
vt 0.974640 0.245728
vt 0.967697 0.245728
vt 0.997263 0.122221
vt 0.990168 0.126784
vt 0.205954 0.009220
vt 0.193692 0.005358
vt 0.194335 0.001713
vt 0.205312 0.001713
vt 0.210414 0.001706
vt 0.221390 0.001706
vt 0.222033 0.005352
vt 0.209771 0.009213
s 1
usemtl SpaceShip
f 1872/1603/1416 1876/1604/1417 1877/1605/1418 1874/1606/1419
f 1874/1606/1419 1877/1605/1418 1885/1607/1420 1875/1608/1421
f 1872/1603/1416 1874/1606/1419 1873/1609/1422 1878/1610/1423
f 1874/1606/1419 1875/1608/1421 1879/1611/1424 1873/1609/1422
f 1880/1612/1425 1881/1613/1426 1884/1614/1427 1883/1615/1428
f 1881/1613/1426 1882/1616/1429 1886/1617/1430 1884/1614/1427
f 1880/1612/1425 1878/1610/1423 1873/1609/1422 1881/1613/1426
f 1881/1613/1426 1873/1609/1422 1879/1611/1424 1882/1616/1429
f 1889/1618/1431 1888/1619/1432 1897/1620/1432 1898/1621/1433
f 1893/1622/1434 1902/1623/1435 1901/1624/1436 1892/1625/1436
f 1894/1626/1437 1889/1618/1431 1898/1621/1433 1903/1627/1438
f 1895/1628/1439 1904/1629/1440 1902/1623/1435 1893/1622/1434
f 1890/1630/1441 1887/1631/1442 1896/1632/1443 1899/1633/1441
f 1890/1630/1441 1899/1633/1441 1900/1634/1444 1891/1635/1445
f 1887/1631/1442 1894/1626/1437 1903/1627/1438 1896/1632/1443
f 1891/1635/1445 1900/1634/1444 1904/1629/1440 1895/1628/1439
f 1907/1636/1446 1916/1637/1446 1915/1638/1447 1906/1639/1447
f 1911/1640/1448 1910/1641/1449 1919/1642/1449 1920/1643/1448
f 1912/1644/1450 1921/1645/1450 1916/1637/1446 1907/1636/1446
f 1913/1646/1451 1911/1640/1448 1920/1643/1448 1922/1647/1451
f 1908/1648/1452 1917/1649/1452 1914/1650/1453 1905/1651/1453
f 1908/1648/1452 1909/1652/1454 1918/1653/1454 1917/1649/1452
f 1905/1651/1453 1914/1650/1453 1921/1645/1450 1912/1644/1450
f 1909/1652/1454 1913/1646/1451 1922/1647/1451 1918/1653/1454
f 1890/1630/1455 1908/1648/1455 1905/1651/1456 1887/1631/1457
f 1887/1631/1457 1905/1651/1456 1912/1644/1458 1894/1626/1459
f 1893/1622/1460 1892/1625/1461 1910/1641/1461 1911/1640/1462
f 1895/1628/1463 1893/1622/1460 1911/1640/1462 1913/1646/1464
f 1890/1630/1455 1891/1635/1465 1909/1652/1466 1908/1648/1455
f 1891/1635/1465 1895/1628/1463 1913/1646/1464 1909/1652/1466
f 1889/1618/1467 1907/1636/1468 1906/1639/1469 1888/1619/1469
f 1894/1626/1459 1912/1644/1458 1907/1636/1468 1889/1618/1467
f 1926/1654/1470 1924/1655/1471 1928/1656/1472 1927/1657/1473
f 1924/1655/1471 1925/1658/1474 1936/1659/1475 1928/1656/1472
f 1926/1654/1470 1929/1660/1476 1923/1661/1477 1924/1655/1471
f 1924/1655/1471 1923/1661/1477 1930/1662/1478 1925/1658/1474
f 1933/1663/1479 1934/1664/1480 1935/1665/1481 1931/1666/1482
f 1931/1666/1482 1935/1665/1481 1937/1667/1483 1932/1668/1484
f 1933/1663/1479 1931/1666/1482 1923/1661/1477 1929/1660/1476
f 1931/1666/1482 1932/1668/1484 1930/1662/1478 1923/1661/1477
f 1876/1669/1485 1927/1670/1485 1928/1671/1486 1877/1672/1487
f 1882/1673/1488 1932/1674/1489 1937/1675/1490 1886/1676/1490
f 1883/1677/1491 1934/1678/1491 1933/1679/1492 1880/1680/1493
f 1884/1681/1494 1935/1682/1495 1934/1683/1496 1883/1684/1496
f 1877/1672/1487 1928/1671/1486 1936/1685/1497 1885/1686/1497
f 1878/1687/1498 1929/1688/1498 1926/1689/1499 1872/1690/1500
f 1886/1676/1490 1937/1675/1490 1935/1682/1495 1884/1681/1494
f 1875/1691/1501 1925/1692/1502 1930/1693/1503 1879/1694/1503
f 1880/1680/1493 1933/1679/1492 1929/1688/1498 1878/1687/1498
f 1879/1694/1503 1930/1693/1503 1932/1674/1489 1882/1673/1488
f 1872/1690/1500 1926/1689/1499 1927/1695/1504 1876/1696/1504
f 1885/1686/1497 1936/1685/1497 1925/1692/1502 1875/1691/1501
f 1897/1697/1452 1888/1698/1452 1906/1699/1452 1915/1700/1452
f 1919/1701/1452 1910/1702/1452 1892/1703/1452 1901/1704/1452
o Door
v -0.440122 -0.229214 -1.865443
v -0.228521 -0.229214 -1.490812
v -0.383000 -0.229214 -1.648499
v 0.441197 -0.229214 -1.865443
v 0.225087 -0.229214 -1.486012
v 0.375645 -0.229214 -1.630610
v 0.002455 -0.229214 -1.426703
v -0.228521 -0.229214 -2.240073
v -0.383000 -0.229214 -2.082386
v 0.225087 -0.229214 -2.244874
v 0.375645 -0.229214 -2.100276
v 0.002455 -0.229214 -2.304183
v -0.367417 -0.184439 -1.865443
v -0.190728 -0.184439 -1.552623
v -0.319720 -0.184439 -1.684293
v 0.368492 -0.184439 -1.865443
v 0.188038 -0.184439 -1.548614
v 0.313756 -0.184439 -1.669355
v 0.002138 -0.184439 -1.499091
v -0.190728 -0.184439 -2.178263
v -0.319720 -0.184439 -2.046593
v 0.188038 -0.184439 -2.182271
v 0.313756 -0.184439 -2.061531
v 0.002138 -0.184439 -2.231795
v -0.218863 -0.168355 -1.865443
v -0.113508 -0.168355 -1.678918
v -0.190422 -0.168355 -1.757429
v 0.219937 -0.168355 -1.865443
v 0.112338 -0.168355 -1.676528
v 0.187300 -0.168355 -1.748522
v 0.001492 -0.168355 -1.646999
v -0.113508 -0.168355 -2.051968
v -0.190422 -0.168355 -1.973457
v 0.112338 -0.168355 -2.054358
v 0.187300 -0.168355 -1.982364
v 0.001492 -0.168355 -2.083887
v 0.000000 -0.157718 -1.865443
v -0.418026 -0.265092 -1.865443
v -0.217225 -0.265056 -1.509870
v -0.363781 -0.265092 -1.659404
v 0.419101 -0.265092 -1.865443
v 0.214202 -0.265096 -1.505234
v 0.356765 -0.265133 -1.641961
v 0.002545 -0.265049 -1.448869
v -0.217225 -0.265057 -2.221015
v -0.363781 -0.265092 -2.071482
v 0.214202 -0.265096 -2.225652
v 0.356765 -0.265133 -2.088925
v 0.002545 -0.265049 -2.282017
v -0.352438 -0.223823 -1.865443
v -0.183107 -0.223797 -1.565597
v -0.306689 -0.223820 -1.691693
v 0.353440 -0.223795 -1.865443
v 0.180740 -0.223834 -1.561663
v 0.300879 -0.223823 -1.677005
v 0.002237 -0.223788 -1.514162
v -0.183107 -0.223797 -2.165288
v -0.306689 -0.223820 -2.039192
v 0.180740 -0.223834 -2.169223
v 0.300879 -0.223823 -2.053881
v 0.002237 -0.223788 -2.216724
v -0.215367 -0.210346 -1.865443
v -0.111730 -0.210344 -1.681945
v -0.187382 -0.210346 -1.759155
v 0.216435 -0.210345 -1.865443
v 0.110636 -0.210346 -1.679571
v 0.184304 -0.210346 -1.750302
v 0.001515 -0.210344 -1.650513
v -0.111730 -0.210344 -2.048940
v -0.187382 -0.210346 -1.971730
v 0.110636 -0.210346 -2.051315
v 0.184304 -0.210346 -1.980584
v 0.001515 -0.210344 -2.080372
v 0.000008 -0.199854 -1.865443
v 0.033722 -0.173127 -1.654297
v -0.028945 -0.173127 -1.654297
v 0.033722 -0.173127 -1.748721
v 0.033722 -0.054343 -1.715941
v -0.028945 -0.173127 -1.748721
v -0.028945 -0.054343 -1.715941
v 0.033722 -0.054343 -1.696298
v 0.033722 -0.096344 -1.654297
v -0.028945 -0.096344 -1.654297
v -0.028945 -0.054343 -1.696298
v 0.024607 -0.109925 -1.708710
v -0.019830 -0.109925 -1.708710
v 0.024607 -0.077986 -1.708710
v 0.012109 -0.065488 -1.708710
v -0.007332 -0.065488 -1.708710
v -0.019830 -0.077986 -1.708710
v -0.019830 -0.109925 -1.865443
v 0.024607 -0.109925 -1.865443
v -0.007332 -0.065488 -1.865443
v -0.019830 -0.077986 -1.865443
v 0.012109 -0.065488 -1.865443
v 0.024607 -0.077986 -1.865443
v 0.033722 -0.173127 -2.076589
v -0.028945 -0.173127 -2.076589
v 0.033722 -0.173127 -1.982165
v 0.033722 -0.054343 -2.014944
v -0.028945 -0.173127 -1.982165
v -0.028945 -0.054343 -2.014944
v 0.033722 -0.054343 -2.034588
v 0.033722 -0.096344 -2.076589
v -0.028945 -0.096344 -2.076589
v -0.028945 -0.054343 -2.034588
v 0.024607 -0.109925 -2.022176
v -0.019830 -0.109925 -2.022176
v 0.024607 -0.077986 -2.022176
v 0.012109 -0.065488 -2.022176
v -0.007332 -0.065488 -2.022176
v -0.019830 -0.077986 -2.022176
vn 0.2583 0.8516 -0.4562
vn 0.1732 0.9349 -0.3097
vn 0.3056 0.9347 -0.1815
vn 0.4481 0.8524 -0.2694
vn -0.4561 0.8515 0.2588
vn -0.3093 0.9346 0.1756
vn -0.3555 0.9347 -0.0000
vn -0.5244 0.8515 -0.0000
vn -0.0021 0.8504 -0.5261
vn -0.0023 0.9338 -0.3577
vn 0.4481 0.8524 0.2694
vn 0.3056 0.9347 0.1815
vn 0.1732 0.9349 0.3097
vn 0.2583 0.8516 0.4562
vn 0.3572 0.9340 -0.0000
vn 0.5244 0.8515 -0.0000
vn -0.0023 0.9338 0.3577
vn -0.0021 0.8504 0.5261
vn -0.2681 0.8506 -0.4523
vn -0.1809 0.9341 -0.3079
vn -0.4561 0.8515 -0.2588
vn -0.3093 0.9346 -0.1756
vn -0.1809 0.9341 0.3079
vn -0.2681 0.8506 0.4523
vn 0.0404 0.9966 0.0722
vn -0.0005 0.9965 0.0834
vn -0.0422 0.9965 -0.0718
vn -0.0005 0.9965 -0.0834
vn 0.0831 0.9965 -0.0000
vn 0.0711 0.9966 0.0422
vn -0.0721 0.9966 -0.0410
vn -0.0422 0.9965 0.0718
vn -0.0721 0.9966 0.0410
vn -0.0830 0.9966 -0.0000
vn 0.0404 0.9966 -0.0722
vn 0.0711 0.9966 -0.0422
vn -0.0002 1.0000 -0.0000
vn -0.2624 -0.8465 0.4633
vn -0.4549 -0.8475 0.2736
vn -0.3066 -0.9342 0.1822
vn -0.1737 -0.9345 0.3107
vn 0.4632 -0.8464 -0.2628
vn 0.5326 -0.8464 -0.0000
vn 0.3567 -0.9342 -0.0000
vn 0.3103 -0.9342 -0.1762
vn 0.0021 -0.8453 0.5343
vn 0.0023 -0.9334 0.3589
vn -0.4549 -0.8475 -0.2736
vn -0.2624 -0.8465 -0.4633
vn -0.1737 -0.9345 -0.3107
vn -0.3066 -0.9342 -0.1822
vn -0.5324 -0.8465 -0.0000
vn -0.3584 -0.9336 -0.0000
vn 0.0021 -0.8453 -0.5343
vn 0.0023 -0.9334 -0.3589
vn 0.2723 -0.8455 0.4593
vn 0.1815 -0.9336 0.3090
vn 0.4632 -0.8464 0.2628
vn 0.3103 -0.9342 0.1762
vn 0.2723 -0.8455 -0.4593
vn 0.1815 -0.9336 -0.3090
vn 0.0005 -0.9970 -0.0777
vn -0.0377 -0.9970 -0.0673
vn 0.0005 -0.9970 0.0777
vn 0.0393 -0.9970 0.0669
vn -0.0662 -0.9970 -0.0394
vn -0.0774 -0.9970 -0.0000
vn 0.0672 -0.9970 0.0381
vn 0.0393 -0.9970 -0.0669
vn 0.0672 -0.9970 -0.0381
vn 0.0773 -0.9970 -0.0000
vn -0.0662 -0.9970 0.0394
vn -0.0377 -0.9970 0.0673
vn 0.0002 -1.0000 -0.0000
vn 0.7310 -0.5239 0.4373
vn 0.4180 -0.5237 0.7423
vn 0.4177 -0.5237 0.7425
vn 0.7312 -0.5239 0.4370
vn 0.8519 -0.5238 -0.0000
vn -0.4326 -0.5255 0.7327
vn -0.7403 -0.5247 0.4202
vn -0.7403 -0.5247 0.4203
vn -0.4323 -0.5255 0.7328
vn -0.8515 -0.5243 -0.0000
vn -0.0044 -0.5258 0.8506
vn -0.0045 -0.5258 0.8506
vn 0.4180 -0.5237 -0.7423
vn 0.7310 -0.5239 -0.4373
vn 0.7312 -0.5239 -0.4370
vn 0.4177 -0.5237 -0.7425
vn -0.7403 -0.5247 -0.4202
vn -0.4326 -0.5255 -0.7327
vn -0.4323 -0.5255 -0.7328
vn -0.7403 -0.5247 -0.4203
vn -0.0044 -0.5258 -0.8506
vn -0.0045 -0.5258 -0.8506
vn -0.0000 0.2660 -0.9640
vn -0.0000 0.9239 0.3827
vn -0.0000 0.3827 0.9239
vn 1.0000 -0.0000 -0.0000
vn -0.0000 -0.0000 1.0000
vn -0.0000 1.0000 -0.0000
vn -1.0000 -0.0000 -0.0000
vn 0.3827 0.9239 -0.0000
vn 0.9239 0.3827 -0.0000
vn -0.3827 0.9239 -0.0000
vn -0.9239 0.3827 -0.0000
vn -0.0000 -1.0000 -0.0000
vn -0.0000 0.2660 0.9640
vn -0.0000 0.9239 -0.3827
vn -0.0000 0.3827 -0.9239
vn -0.0000 -0.0000 -1.0000
vt 0.395982 0.099118
vt 0.392760 0.102497
vt 0.384805 0.097749
vt 0.386101 0.093301
vt 0.373423 0.140097
vt 0.374510 0.135578
vt 0.384454 0.135485
vt 0.385686 0.139922
vt 0.402424 0.110072
vt 0.397890 0.111340
vt 0.361306 0.100182
vt 0.364709 0.103325
vt 0.360337 0.111494
vt 0.355835 0.110258
vt 0.374004 0.097826
vt 0.372749 0.093301
vt 0.360498 0.121716
vt 0.355959 0.122965
vt 0.402400 0.123278
vt 0.397930 0.121969
vt 0.396285 0.133753
vt 0.393024 0.130440
vt 0.365941 0.130845
vt 0.362784 0.134271
vt 0.367985 0.113575
vt 0.368062 0.119649
vt 0.390354 0.119785
vt 0.390342 0.113467
vt 0.376109 0.105411
vt 0.370595 0.108720
vt 0.387441 0.124830
vt 0.371308 0.125070
vt 0.376404 0.127892
vt 0.382328 0.127822
vt 0.387279 0.108221
vt 0.382540 0.105405
vt 0.379224 0.116635
vt 0.130930 0.009250
vt 0.125777 0.013336
vt 0.123699 0.010715
vt 0.128852 0.006629
vt 0.122877 0.011367
vt 0.124955 0.013987
vt 0.122471 0.015957
vt 0.120393 0.013336
vt 0.121131 0.004661
vt 0.119728 0.011003
vt 0.117182 0.007792
vt 0.117182 0.015882
vt 0.119260 0.018503
vt 0.127137 0.020348
vt 0.124592 0.017136
vt 0.131086 0.017217
vt 0.142996 0.010360
vt 0.134631 0.010360
vt 0.134631 0.009417
vt 0.142996 0.009417
vt 0.142996 0.007713
vt 0.134631 0.007713
vt 0.142996 0.011398
vt 0.134631 0.011398
vt 0.134631 0.014046
vt 0.134631 0.012341
vt 0.142996 0.012341
vt 0.142996 0.014046
vt 0.142996 0.016417
vt 0.134631 0.016417
s 1
usemtl SpaceShip
f 1947/1705/1505 1959/1706/1506 1960/1707/1507 1948/1708/1508
f 1940/1709/1509 1952/1710/1510 1950/1711/1511 1938/1712/1512
f 1949/1713/1513 1961/1714/1514 1959/1706/1506 1947/1705/1505
f 1943/1715/1515 1955/1716/1516 1954/1717/1517 1942/1718/1518
f 1948/1708/1508 1960/1707/1507 1953/1719/1519 1941/1720/1520
f 1942/1718/1518 1954/1717/1517 1956/1721/1521 1944/1722/1522
f 1945/1723/1523 1957/1724/1524 1961/1714/1514 1949/1713/1513
f 1941/1720/1520 1953/1719/1519 1955/1716/1516 1943/1715/1515
f 1946/1725/1525 1958/1726/1526 1957/1724/1524 1945/1723/1523
f 1944/1722/1522 1956/1721/1521 1951/1727/1527 1939/1728/1528
f 1939/1728/1528 1951/1727/1527 1952/1710/1510 1940/1709/1509
f 1938/1712/1512 1950/1711/1511 1958/1726/1526 1946/1725/1525
f 1954/1717/1517 1966/1729/1529 1968/1730/1530 1956/1721/1521
f 1957/1724/1524 1969/1731/1531 1973/1732/1532 1961/1714/1514
f 1953/1719/1519 1965/1733/1533 1967/1734/1534 1955/1716/1516
f 1958/1726/1526 1970/1735/1535 1969/1731/1531 1957/1724/1524
f 1956/1721/1521 1968/1730/1530 1963/1736/1536 1951/1727/1527
f 1951/1727/1527 1963/1736/1536 1964/1737/1537 1952/1710/1510
f 1950/1711/1511 1962/1738/1538 1970/1735/1535 1958/1726/1526
f 1959/1706/1506 1971/1739/1539 1972/1740/1540 1960/1707/1507
f 1952/1710/1510 1964/1737/1537 1962/1738/1538 1950/1711/1511
f 1961/1714/1514 1973/1732/1532 1971/1739/1539 1959/1706/1506
f 1955/1716/1516 1967/1734/1534 1966/1729/1529 1954/1717/1517
f 1960/1707/1507 1972/1740/1540 1965/1733/1533 1953/1719/1519
f 1966/1729/1529 1974/1741/1541 1968/1730/1530
f 1969/1731/1531 1974/1741/1541 1973/1732/1532
f 1965/1733/1533 1974/1741/1541 1967/1734/1534
f 1970/1735/1535 1974/1741/1541 1969/1731/1531
f 1968/1730/1530 1974/1741/1541 1963/1736/1536
f 1963/1736/1536 1974/1741/1541 1964/1737/1537
f 1962/1738/1538 1974/1741/1541 1970/1735/1535
f 1971/1739/1539 1974/1741/1541 1972/1740/1540
f 1964/1737/1537 1974/1741/1541 1962/1738/1538
f 1973/1732/1532 1974/1741/1541 1971/1739/1539
f 1967/1734/1534 1974/1741/1541 1966/1729/1529
f 1972/1740/1540 1974/1741/1541 1965/1733/1533
f 1984/1705/1542 1985/1708/1543 1997/1707/1544 1996/1706/1545
f 1977/1709/1546 1975/1712/1547 1987/1711/1548 1989/1710/1549
f 1986/1713/1550 1984/1705/1542 1996/1706/1545 1998/1714/1551
f 1980/1715/1552 1979/1718/1553 1991/1717/1554 1992/1716/1555
f 1985/1708/1543 1978/1720/1556 1990/1719/1557 1997/1707/1544
f 1979/1718/1553 1981/1722/1558 1993/1721/1559 1991/1717/1554
f 1982/1723/1560 1986/1713/1550 1998/1714/1551 1994/1724/1561
f 1978/1720/1556 1980/1715/1552 1992/1716/1555 1990/1719/1557
f 1983/1725/1562 1982/1723/1560 1994/1724/1561 1995/1726/1563
f 1981/1722/1558 1976/1728/1564 1988/1727/1565 1993/1721/1559
f 1976/1728/1564 1977/1709/1546 1989/1710/1549 1988/1727/1565
f 1975/1712/1547 1983/1725/1562 1995/1726/1563 1987/1711/1548
f 1991/1717/1554 1993/1721/1559 2005/1730/1566 2003/1729/1567
f 1994/1724/1561 1998/1714/1551 2010/1732/1568 2006/1731/1569
f 1990/1719/1557 1992/1716/1555 2004/1734/1570 2002/1733/1571
f 1995/1726/1563 1994/1724/1561 2006/1731/1569 2007/1735/1572
f 1993/1721/1559 1988/1727/1565 2000/1736/1573 2005/1730/1566
f 1988/1727/1565 1989/1710/1549 2001/1737/1574 2000/1736/1573
f 1987/1711/1548 1995/1726/1563 2007/1735/1572 1999/1738/1575
f 1996/1706/1545 1997/1707/1544 2009/1740/1576 2008/1739/1577
f 1989/1710/1549 1987/1711/1548 1999/1738/1575 2001/1737/1574
f 1998/1714/1551 1996/1706/1545 2008/1739/1577 2010/1732/1568
f 1992/1716/1555 1991/1717/1554 2003/1729/1567 2004/1734/1570
f 1997/1707/1544 1990/1719/1557 2002/1733/1571 2009/1740/1576
f 2003/1729/1567 2005/1730/1566 2011/1741/1578
f 2006/1731/1569 2010/1732/1568 2011/1741/1578
f 2002/1733/1571 2004/1734/1570 2011/1741/1578
f 2007/1735/1572 2006/1731/1569 2011/1741/1578
f 2005/1730/1566 2000/1736/1573 2011/1741/1578
f 2000/1736/1573 2001/1737/1574 2011/1741/1578
f 1999/1738/1575 2007/1735/1572 2011/1741/1578
f 2008/1739/1577 2009/1740/1576 2011/1741/1578
f 2001/1737/1574 1999/1738/1575 2011/1741/1578
f 2010/1732/1568 2008/1739/1577 2011/1741/1578
f 2004/1734/1570 2003/1729/1567 2011/1741/1578
f 2009/1740/1576 2002/1733/1571 2011/1741/1578
f 1943/1715/1579 1942/1718/1580 1979/1718/1581 1980/1715/1582
f 1941/1720/1583 1943/1715/1579 1980/1715/1582 1978/1720/1583
f 1939/1728/1584 1940/1709/1585 1977/1709/1586 1976/1728/1587
f 1940/1709/1585 1938/1712/1588 1975/1712/1588 1977/1709/1586
f 1942/1718/1580 1944/1722/1589 1981/1722/1590 1979/1718/1581
f 1944/1722/1589 1939/1728/1584 1976/1728/1587 1981/1722/1590
f 1947/1705/1591 1948/1708/1592 1985/1708/1593 1984/1705/1594
f 1948/1708/1592 1941/1720/1583 1978/1720/1583 1985/1708/1593
f 1946/1725/1595 1945/1723/1596 1982/1723/1597 1983/1725/1598
f 1938/1712/1588 1946/1725/1595 1983/1725/1598 1975/1712/1588
f 1949/1713/1599 1947/1705/1591 1984/1705/1594 1986/1713/1600
f 1945/1723/1596 1949/1713/1599 1986/1713/1600 1982/1723/1597
f 2016/1742/1601 2017/1743/1601 2015/1744/1601 2014/1745/1601
f 2018/1746/1602 2021/1747/1602 2020/1748/1603 2019/1749/1603
f 2014/1750/1604 2015/1744/1604 2018/1746/1604 2019/1751/1604 2012/1752/1604
f 2012/1753/1605 2019/1749/1603 2020/1748/1603 2013/1754/1605
f 2017/1743/1606 2021/1747/1602 2018/1746/1602 2015/1744/1606
f 2013/1755/1607 2020/1756/1607 2021/1747/1607 2017/1743/1607 2016/1757/1607
f 2032/1758/1608 2025/1759/1608 2024/1760/1609 2033/1761/1609
f 2029/1762/1604 2033/1761/1609 2024/1760/1609 2022/1763/1604
f 2030/1764/1610 2026/1765/1610 2025/1759/1608 2032/1758/1608
f 2023/1766/1607 2027/1767/1611 2031/1768/1611 2028/1769/1607
f 2026/1765/1610 2030/1764/1610 2031/1768/1611 2027/1767/1611
f 2023/1766/1612 2028/1769/1612 2029/1770/1612 2022/1771/1612
f 2038/1742/1613 2036/1745/1613 2037/1744/1613 2039/1743/1613
f 2040/1746/1614 2041/1749/1615 2042/1748/1615 2043/1747/1614
f 2036/1750/1604 2034/1752/1604 2041/1751/1604 2040/1746/1604 2037/1744/1604
f 2034/1753/1616 2035/1754/1616 2042/1748/1615 2041/1749/1615
f 2039/1743/1606 2037/1744/1606 2040/1746/1614 2043/1747/1614
f 2035/1755/1607 2038/1757/1607 2039/1743/1607 2043/1747/1607 2042/1756/1607
f 2032/1758/1608 2033/1761/1609 2046/1760/1609 2047/1759/1608
f 2029/1762/1604 2044/1763/1604 2046/1760/1609 2033/1761/1609
f 2030/1764/1610 2032/1758/1608 2047/1759/1608 2048/1765/1610
f 2045/1766/1607 2028/1769/1607 2031/1768/1611 2049/1767/1611
f 2048/1765/1610 2049/1767/1611 2031/1768/1611 2030/1764/1610
f 2045/1766/1612 2044/1771/1612 2029/1770/1612 2028/1769/1612
o FloorHole
v 0.000000 -0.284054 -2.636039
v -0.655575 -0.284054 -2.265754
v -0.379635 -0.284054 -2.536080
v 0.000000 -0.284054 -1.093800
v -0.663975 -0.284054 -1.471976
v -0.410940 -0.284054 -1.208510
v -0.767761 -0.284054 -1.861565
v 0.655575 -0.284054 -2.265754
v 0.379635 -0.284054 -2.536080
v 0.663975 -0.284054 -1.471976
v 0.410940 -0.284054 -1.208510
v 0.767761 -0.284054 -1.861565
v 0.000000 -0.227286 -2.293697
v -0.364529 -0.227286 -2.087801
v -0.211094 -0.227286 -2.238115
v 0.000000 -0.227286 -1.436143
v -0.369200 -0.227286 -1.646426
v -0.228501 -0.227286 -1.499927
v -0.426909 -0.227286 -1.863055
v 0.364529 -0.227286 -2.087801
v 0.211094 -0.227286 -2.238115
v 0.369200 -0.227286 -1.646426
v 0.228501 -0.227286 -1.499927
v 0.426909 -0.227286 -1.863055
vn -0.1412 0.9864 -0.0837
vn -0.1417 0.9864 -0.0830
vn -0.0808 0.9865 -0.1422
vn -0.0807 0.9865 -0.1423
vn 0.0807 0.9865 -0.1423
vn -0.0000 0.9865 -0.1636
vn 0.0808 0.9865 -0.1422
vn 0.1423 0.9865 0.0806
vn 0.1429 0.9865 0.0796
vn 0.0830 0.9866 0.1402
vn 0.0840 0.9866 0.1396
vn 0.1643 0.9864 -0.0006
vn 0.1643 0.9864 -0.0012
vn -0.1423 0.9865 0.0806
vn -0.0840 0.9866 0.1396
vn -0.0830 0.9866 0.1402
vn -0.1429 0.9865 0.0796
vn -0.0000 0.9865 0.1636
vn -0.1643 0.9864 -0.0012
vn -0.1643 0.9864 -0.0006
vn 0.1412 0.9864 -0.0837
vn 0.1417 0.9864 -0.0830
vt 0.499990 0.120648
vt 0.482250 0.125728
vt 0.476535 0.115839
vt 0.489606 0.102745
vt 0.450461 0.091870
vt 0.471463 0.092163
vt 0.466513 0.109981
vt 0.454904 0.109830
vt 0.420482 0.142741
vt 0.438367 0.137912
vt 0.443481 0.147429
vt 0.429763 0.159967
vt 0.420719 0.121120
vt 0.438516 0.125994
vt 0.489030 0.161792
vt 0.472184 0.171759
vt 0.466902 0.153938
vt 0.476198 0.148422
vt 0.454283 0.153952
vt 0.449326 0.171787
vt 0.482229 0.138131
vt 0.499990 0.143146
vt 0.432330 0.101851
vt 0.444908 0.115358
s 1
usemtl SpaceShip
f 2051/1772/1617 2063/1773/1618 2064/1774/1619 2052/1775/1620
f 2058/1776/1621 2050/1777/1622 2062/1778/1622 2070/1779/1623
f 2059/1780/1624 2071/1781/1625 2072/1782/1626 2060/1783/1627
f 2052/1775/1620 2064/1774/1619 2062/1778/1622 2050/1777/1622
f 2059/1780/1624 2061/1784/1628 2073/1785/1629 2071/1781/1625
f 2054/1786/1630 2055/1787/1631 2067/1788/1632 2066/1789/1633
f 2060/1783/1627 2072/1782/1626 2065/1790/1634 2053/1791/1634
f 2054/1786/1630 2066/1789/1633 2068/1792/1635 2056/1793/1636
f 2061/1784/1628 2057/1794/1637 2069/1795/1638 2073/1785/1629
f 2055/1787/1631 2053/1791/1634 2065/1790/1634 2067/1788/1632
f 2057/1794/1637 2058/1776/1621 2070/1779/1623 2069/1795/1638
f 2056/1793/1636 2068/1792/1635 2063/1773/1618 2051/1772/1617
o ButtonInside
v -1.087027 0.850659 -2.131033
v -1.087027 0.799644 -2.114457
v -1.087027 0.768115 -2.071061
v -1.087027 0.768115 -2.017420
v -1.087027 0.799644 -1.974024
v -1.087027 0.850659 -1.957448
v -1.087027 0.901674 -1.974024
v -1.087027 0.933204 -2.017420
v -1.087027 0.933204 -2.071061
v -1.087027 0.901674 -2.114457
v -1.033371 0.850659 -2.114578
v -1.049020 0.850659 -2.131033
v -1.033371 0.809316 -2.101145
v -1.049020 0.799644 -2.114457
v -1.033371 0.783764 -2.065976
v -1.049020 0.768115 -2.071061
v -1.033371 0.783764 -2.022505
v -1.049020 0.768115 -2.017420
v -1.033371 0.809316 -1.987336
v -1.049020 0.799644 -1.974024
v -1.033371 0.850659 -1.973903
v -1.049020 0.850659 -1.957448
v -1.033371 0.892003 -1.987336
v -1.049020 0.901674 -1.974024
v -1.033371 0.917554 -2.022505
v -1.049020 0.933204 -2.017420
v -1.033371 0.917554 -2.065976
v -1.049020 0.933204 -2.071061
v -1.033371 0.892003 -2.101145
v -1.049020 0.901674 -2.114457
vn -1.0000 -0.0000 -0.0000
vn 0.3686 -0.5464 -0.7521
vn 0.3686 -0.0000 -0.9296
vn 0.9022 -0.0000 -0.4314
vn 0.9022 -0.2535 -0.3490
vn 0.3686 -0.8841 -0.2873
vn 0.9022 -0.4102 -0.1333
vn 0.3686 -0.8841 0.2873
vn 0.9022 -0.4102 0.1333
vn 0.3686 -0.5464 0.7521
vn 0.9022 -0.2535 0.3490
vn 0.3686 -0.0000 0.9296
vn 0.9022 -0.0000 0.4314
vn 0.3686 0.5464 0.7521
vn 0.9022 0.2535 0.3490
vn 0.3686 0.8841 0.2873
vn 0.9022 0.4102 0.1333
vn 0.3686 0.8841 -0.2873
vn 0.9022 0.4102 -0.1333
vn 0.3686 0.5464 -0.7521
vn 0.9022 0.2535 -0.3490
vn -0.0000 -0.0000 -1.0000
vn -0.0000 -0.5878 -0.8090
vn -0.0000 0.5878 -0.8090
vn -0.0000 -0.9511 -0.3090
vn -0.0000 -0.9511 0.3090
vn -0.0000 -0.5878 0.8090
vn -0.0000 -0.0000 1.0000
vn -0.0000 0.5878 0.8090
vn -0.0000 0.9511 0.3090
vn -0.0000 0.9511 -0.3090
vt 0.170430 0.020455
vt 0.171917 0.022300
vt 0.171965 0.024712
vt 0.170538 0.026770
vt 0.168306 0.027765
vt 0.165982 0.027145
vt 0.164462 0.025293
vt 0.164446 0.022864
vt 0.165739 0.020772
vt 0.168066 0.019949
vt 0.168673 0.033640
vt 0.171480 0.034527
vt 0.170779 0.035542
vt 0.168679 0.034855
vt 0.165831 0.034545
vt 0.166579 0.035577
vt 0.164024 0.036991
vt 0.165224 0.037362
vt 0.164029 0.040001
vt 0.165209 0.039599
vt 0.165765 0.042427
vt 0.166494 0.041435
vt 0.168638 0.043405
vt 0.168636 0.042116
vt 0.171538 0.042423
vt 0.170762 0.041427
vt 0.173262 0.039943
vt 0.172057 0.039586
vt 0.173262 0.036929
vt 0.172086 0.037342
vt 0.171830 0.018543
vt 0.174196 0.021641
vt 0.168059 0.017548
vt 0.174202 0.025537
vt 0.171954 0.028719
vt 0.168308 0.030145
vt 0.164554 0.029057
vt 0.162183 0.025949
vt 0.162183 0.022068
vt 0.164377 0.018819
s 1
f 2074/1796/1639 2075/1797/1639 2076/1798/1639 2077/1799/1639 2078/1800/1639 2079/1801/1639 2080/1802/1639 2081/1803/1639 2082/1804/1639 2083/1805/1639
f 2087/1806/1640 2085/1807/1641 2084/1808/1642 2086/1809/1643
f 2089/1810/1644 2087/1806/1640 2086/1809/1643 2088/1811/1645
f 2091/1812/1646 2089/1810/1644 2088/1811/1645 2090/1813/1647
f 2093/1814/1648 2091/1812/1646 2090/1813/1647 2092/1815/1649
f 2095/1816/1650 2093/1814/1648 2092/1815/1649 2094/1817/1651
f 2097/1818/1652 2095/1816/1650 2094/1817/1651 2096/1819/1653
f 2099/1820/1654 2097/1818/1652 2096/1819/1653 2098/1821/1655
f 2101/1822/1656 2099/1820/1654 2098/1821/1655 2100/1823/1657
f 2103/1824/1658 2101/1822/1656 2100/1823/1657 2102/1825/1659
f 2085/1807/1641 2103/1824/1658 2102/1825/1659 2084/1808/1642
f 2086/1809/1643 2084/1808/1642 2102/1825/1659 2100/1823/1657 2098/1821/1655 2096/1819/1653 2094/1817/1651 2092/1815/1649 2090/1813/1647 2088/1811/1645
f 2074/1796/1660 2085/1826/1641 2087/1827/1640 2075/1797/1661
f 2083/1805/1662 2103/1828/1658 2085/1826/1641 2074/1796/1660
f 2075/1797/1661 2087/1827/1640 2089/1829/1644 2076/1798/1663
f 2076/1798/1663 2089/1829/1644 2091/1830/1646 2077/1799/1664
f 2077/1799/1664 2091/1830/1646 2093/1831/1648 2078/1800/1665
f 2078/1800/1665 2093/1831/1648 2095/1832/1650 2079/1801/1666
f 2079/1801/1666 2095/1832/1650 2097/1833/1652 2080/1802/1667
f 2080/1802/1667 2097/1833/1652 2099/1834/1654 2081/1803/1668
f 2081/1803/1668 2099/1834/1654 2101/1835/1656 2082/1804/1669
f 2082/1804/1669 2101/1835/1656 2103/1828/1658 2083/1805/1662
o ButtonOutSide
v -1.208351 0.936040 -3.828810
v -1.216929 0.885751 -3.812234
v -1.222230 0.854671 -3.768838
v -1.222230 0.854671 -3.715198
v -1.216929 0.885751 -3.671802
v -1.208351 0.936040 -3.655226
v -1.199773 0.986329 -3.671802
v -1.194472 1.017410 -3.715198
v -1.194472 1.017410 -3.768838
v -1.199773 0.986329 -3.812234
v -1.155460 0.927019 -3.812356
v -1.170886 0.929650 -3.828810
v -1.162411 0.886264 -3.798923
v -1.179464 0.879361 -3.812234
v -1.166707 0.861076 -3.763754
v -1.184765 0.848281 -3.768838
v -1.166707 0.861076 -3.720282
v -1.184765 0.848281 -3.715198
v -1.162411 0.886264 -3.685113
v -1.179464 0.879361 -3.671802
v -1.155460 0.927019 -3.671680
v -1.170886 0.929650 -3.655226
v -1.148508 0.967774 -3.685113
v -1.162308 0.979939 -3.671802
v -1.144212 0.992962 -3.720282
v -1.157007 1.011019 -3.715198
v -1.144212 0.992962 -3.763754
v -1.157007 1.011019 -3.768838
v -1.148508 0.967774 -3.798923
v -1.162308 0.979939 -3.812234
vn -0.9858 0.1681 -0.0000
vn 0.2715 -0.6006 -0.7521
vn 0.3634 -0.0620 -0.9296
vn 0.8893 -0.1517 -0.4314
vn 0.8467 -0.4016 -0.3490
vn 0.2147 -0.9335 -0.2873
vn 0.8204 -0.5561 -0.1333
vn 0.2147 -0.9335 0.2873
vn 0.8204 -0.5561 0.1333
vn 0.2715 -0.6006 0.7521
vn 0.8467 -0.4016 0.3490
vn 0.3634 -0.0620 0.9296
vn 0.8893 -0.1517 0.4314
vn 0.4552 0.4766 0.7521
vn 0.9320 0.0982 0.3490
vn 0.5120 0.8095 0.2873
vn 0.9583 0.2527 0.1333
vn 0.5120 0.8095 -0.2873
vn 0.9583 0.2527 -0.1333
vn 0.4552 0.4766 -0.7521
vn 0.9320 0.0982 -0.3490
vn -0.0000 -0.0000 -1.0000
vn -0.0988 -0.5794 -0.8090
vn 0.0988 0.5794 -0.8090
vn -0.1599 -0.9375 -0.3090
vn -0.1599 -0.9375 0.3090
vn -0.0988 -0.5794 0.8090
vn -0.0000 -0.0000 1.0000
vn 0.0988 0.5794 0.8090
vn 0.1599 0.9375 0.3090
vn 0.1599 0.9375 -0.3090
vt 0.170430 0.020455
vt 0.171917 0.022300
vt 0.171965 0.024712
vt 0.170538 0.026770
vt 0.168306 0.027765
vt 0.165982 0.027145
vt 0.164462 0.025293
vt 0.164446 0.022864
vt 0.165739 0.020772
vt 0.168066 0.019949
vt 0.168673 0.033640
vt 0.171480 0.034527
vt 0.170779 0.035542
vt 0.168679 0.034855
vt 0.165831 0.034545
vt 0.166579 0.035577
vt 0.164024 0.036991
vt 0.165224 0.037362
vt 0.164029 0.040001
vt 0.165209 0.039599
vt 0.165765 0.042427
vt 0.166494 0.041435
vt 0.168638 0.043405
vt 0.168636 0.042116
vt 0.171538 0.042423
vt 0.170762 0.041427
vt 0.173262 0.039943
vt 0.172057 0.039586
vt 0.173262 0.036929
vt 0.172086 0.037342
vt 0.171830 0.018543
vt 0.174196 0.021641
vt 0.168059 0.017548
vt 0.174202 0.025537
vt 0.171954 0.028719
vt 0.168308 0.030145
vt 0.164554 0.029057
vt 0.162183 0.025949
vt 0.162183 0.022068
vt 0.164377 0.018819
s 1
f 2104/1836/1670 2105/1837/1670 2106/1838/1670 2107/1839/1670 2108/1840/1670 2109/1841/1670 2110/1842/1670 2111/1843/1670 2112/1844/1670 2113/1845/1670
f 2117/1846/1671 2115/1847/1672 2114/1848/1673 2116/1849/1674
f 2119/1850/1675 2117/1846/1671 2116/1849/1674 2118/1851/1676
f 2121/1852/1677 2119/1850/1675 2118/1851/1676 2120/1853/1678
f 2123/1854/1679 2121/1852/1677 2120/1853/1678 2122/1855/1680
f 2125/1856/1681 2123/1854/1679 2122/1855/1680 2124/1857/1682
f 2127/1858/1683 2125/1856/1681 2124/1857/1682 2126/1859/1684
f 2129/1860/1685 2127/1858/1683 2126/1859/1684 2128/1861/1686
f 2131/1862/1687 2129/1860/1685 2128/1861/1686 2130/1863/1688
f 2133/1864/1689 2131/1862/1687 2130/1863/1688 2132/1865/1690
f 2115/1847/1672 2133/1864/1689 2132/1865/1690 2114/1848/1673
f 2116/1849/1674 2114/1848/1673 2132/1865/1690 2130/1863/1688 2128/1861/1686 2126/1859/1684 2124/1857/1682 2122/1855/1680 2120/1853/1678 2118/1851/1676
f 2104/1836/1691 2115/1866/1672 2117/1867/1671 2105/1837/1692
f 2113/1845/1693 2133/1868/1689 2115/1866/1672 2104/1836/1691
f 2105/1837/1692 2117/1867/1671 2119/1869/1675 2106/1838/1694
f 2106/1838/1694 2119/1869/1675 2121/1870/1677 2107/1839/1695
f 2107/1839/1695 2121/1870/1677 2123/1871/1679 2108/1840/1696
f 2108/1840/1696 2123/1871/1679 2125/1872/1681 2109/1841/1697
f 2109/1841/1697 2125/1872/1681 2127/1873/1683 2110/1842/1698
f 2110/1842/1698 2127/1873/1683 2129/1874/1685 2111/1843/1699
f 2111/1843/1699 2129/1874/1685 2131/1875/1687 2112/1844/1700
f 2112/1844/1700 2131/1875/1687 2133/1868/1689 2113/1845/1693
o ButtonInside.001
v 1.035485 0.946189 -1.187295
v 1.035485 0.895174 -1.203871
v 1.035485 0.863645 -1.247267
v 1.035485 0.863645 -1.300908
v 1.035485 0.895174 -1.344304
v 1.035485 0.946189 -1.360880
v 1.035485 0.997205 -1.344304
v 1.035485 1.028734 -1.300908
v 1.035485 1.028734 -1.247267
v 1.035485 0.997205 -1.203871
v 0.981829 0.946189 -1.203750
v 0.997479 0.946189 -1.187295
v 0.981829 0.904846 -1.217183
v 0.997479 0.895174 -1.203871
v 0.981829 0.879294 -1.252352
v 0.997479 0.863645 -1.247267
v 0.981829 0.879294 -1.295823
v 0.997478 0.863645 -1.300908
v 0.981829 0.904846 -1.330992
v 0.997478 0.895174 -1.344304
v 0.981829 0.946189 -1.344425
v 0.997478 0.946189 -1.360880
v 0.981829 0.987533 -1.330992
v 0.997478 0.997205 -1.344304
v 0.981829 1.013085 -1.295823
v 0.997478 1.028734 -1.300908
v 0.981829 1.013085 -1.252352
v 0.997479 1.028734 -1.247267
v 0.981829 0.987533 -1.217183
v 0.997479 0.997205 -1.203871
vn 1.0000 -0.0000 -0.0000
vn -0.3686 -0.5464 0.7521
vn -0.3686 -0.0000 0.9296
vn -0.9022 -0.0000 0.4314
vn -0.9022 -0.2535 0.3490
vn -0.3686 -0.8841 0.2873
vn -0.9022 -0.4102 0.1333
vn -0.3686 -0.8841 -0.2873
vn -0.9022 -0.4102 -0.1333
vn -0.3686 -0.5464 -0.7521
vn -0.9022 -0.2535 -0.3490
vn -0.3686 -0.0000 -0.9296
vn -0.9022 -0.0000 -0.4314
vn -0.3686 0.5464 -0.7521
vn -0.9022 0.2535 -0.3490
vn -0.3686 0.8841 -0.2873
vn -0.9022 0.4102 -0.1333
vn -0.3686 0.8841 0.2873
vn -0.9022 0.4102 0.1333
vn -0.3686 0.5464 0.7521
vn -0.9022 0.2535 0.3490
vn -0.0000 -0.0000 1.0000
vn -0.0000 -0.5878 0.8090
vn -0.0000 0.5878 0.8090
vn -0.0000 -0.9511 0.3090
vn -0.0000 -0.9511 -0.3090
vn -0.0000 -0.5878 -0.8090
vn -0.0000 -0.0000 -1.0000
vn -0.0000 0.5878 -0.8090
vn -0.0000 0.9511 -0.3090
vn -0.0000 0.9511 0.3090
vt 0.170430 0.020455
vt 0.171917 0.022300
vt 0.171965 0.024712
vt 0.170538 0.026770
vt 0.168306 0.027765
vt 0.165982 0.027145
vt 0.164462 0.025293
vt 0.164446 0.022864
vt 0.165739 0.020772
vt 0.168066 0.019949
vt 0.168673 0.033640
vt 0.171480 0.034527
vt 0.170779 0.035542
vt 0.168679 0.034855
vt 0.165831 0.034545
vt 0.166579 0.035577
vt 0.164024 0.036991
vt 0.165224 0.037362
vt 0.164029 0.040001
vt 0.165209 0.039599
vt 0.165765 0.042427
vt 0.166494 0.041435
vt 0.168638 0.043405
vt 0.168636 0.042116
vt 0.171538 0.042423
vt 0.170762 0.041427
vt 0.173262 0.039943
vt 0.172057 0.039586
vt 0.173262 0.036929
vt 0.172086 0.037342
vt 0.171830 0.018543
vt 0.174196 0.021641
vt 0.168059 0.017548
vt 0.174202 0.025537
vt 0.171954 0.028719
vt 0.168308 0.030145
vt 0.164554 0.029057
vt 0.162183 0.025949
vt 0.162183 0.022068
vt 0.164377 0.018819
s 1
usemtl SpaceShip
f 2134/1876/1701 2135/1877/1701 2136/1878/1701 2137/1879/1701 2138/1880/1701 2139/1881/1701 2140/1882/1701 2141/1883/1701 2142/1884/1701 2143/1885/1701
f 2147/1886/1702 2145/1887/1703 2144/1888/1704 2146/1889/1705
f 2149/1890/1706 2147/1886/1702 2146/1889/1705 2148/1891/1707
f 2151/1892/1708 2149/1890/1706 2148/1891/1707 2150/1893/1709
f 2153/1894/1710 2151/1892/1708 2150/1893/1709 2152/1895/1711
f 2155/1896/1712 2153/1894/1710 2152/1895/1711 2154/1897/1713
f 2157/1898/1714 2155/1896/1712 2154/1897/1713 2156/1899/1715
f 2159/1900/1716 2157/1898/1714 2156/1899/1715 2158/1901/1717
f 2161/1902/1718 2159/1900/1716 2158/1901/1717 2160/1903/1719
f 2163/1904/1720 2161/1902/1718 2160/1903/1719 2162/1905/1721
f 2145/1887/1703 2163/1904/1720 2162/1905/1721 2144/1888/1704
f 2146/1889/1705 2144/1888/1704 2162/1905/1721 2160/1903/1719 2158/1901/1717 2156/1899/1715 2154/1897/1713 2152/1895/1711 2150/1893/1709 2148/1891/1707
f 2134/1876/1722 2145/1906/1703 2147/1907/1702 2135/1877/1723
f 2143/1885/1724 2163/1908/1720 2145/1906/1703 2134/1876/1722
f 2135/1877/1723 2147/1907/1702 2149/1909/1706 2136/1878/1725
f 2136/1878/1725 2149/1909/1706 2151/1910/1708 2137/1879/1726
f 2137/1879/1726 2151/1910/1708 2153/1911/1710 2138/1880/1727
f 2138/1880/1727 2153/1911/1710 2155/1912/1712 2139/1881/1728
f 2139/1881/1728 2155/1912/1712 2157/1913/1714 2140/1882/1729
f 2140/1882/1729 2157/1913/1714 2159/1914/1716 2141/1883/1730
f 2141/1883/1730 2159/1914/1716 2161/1915/1718 2142/1884/1731
f 2142/1884/1731 2161/1915/1718 2163/1908/1720 2143/1885/1724
o Paper
v 0.842894 0.506107 -1.123698
v 0.842894 0.506107 -1.424477
v 1.071319 0.741223 -1.123698
v 1.071319 0.741223 -1.424477
v 0.901990 0.566935 -1.424477
v 0.955916 0.622440 -1.424477
v 1.013618 0.681831 -1.424477
v 1.013618 0.681831 -1.123698
v 0.955916 0.622440 -1.123698
v 0.901990 0.566935 -1.123698
v 0.845243 0.508525 -1.164802
v 0.832759 0.495676 -1.212104
v 0.837436 0.500490 -1.259168
v 0.850810 0.514256 -1.298445
v 0.846334 0.509649 -1.335982
v 0.853438 0.516960 -1.384924
v 1.065422 0.735153 -1.382094
v 1.081886 0.752099 -1.337660
v 1.084133 0.754412 -1.293051
v 1.067823 0.737624 -1.250171
v 1.083462 0.753722 -1.221916
v 1.065215 0.734940 -1.164376
v 1.013618 0.681831 -1.269235
v 0.901990 0.566935 -1.273606
v 0.955916 0.622440 -1.273012
v 0.850066 0.499139 -1.123698
v 0.850066 0.499139 -1.424477
v 1.078491 0.734254 -1.123698
v 1.078491 0.734254 -1.424477
v 0.909163 0.559967 -1.424477
v 0.963089 0.615472 -1.424477
v 1.020790 0.674863 -1.424477
v 1.020790 0.674863 -1.123698
v 0.963089 0.615472 -1.123698
v 0.909163 0.559967 -1.123698
v 0.852415 0.501557 -1.164802
v 0.839931 0.488707 -1.212104
v 0.844608 0.493521 -1.259168
v 0.857983 0.507288 -1.298445
v 0.853506 0.502680 -1.335982
v 0.860610 0.509992 -1.384924
v 1.072595 0.728185 -1.382094
v 1.089058 0.745131 -1.337660
v 1.091305 0.747444 -1.293051
v 1.074995 0.730656 -1.250171
v 1.090635 0.746753 -1.221916
v 1.072388 0.727972 -1.164376
v 1.020790 0.674863 -1.269235
v 0.909163 0.559967 -1.273606
v 0.963089 0.615472 -1.273012
vn -0.7172 0.6968 -0.0000
vn 0.7172 -0.6968 -0.0000
vn -0.6508 -0.6699 0.3573
vn -0.0000 -0.0000 -1.0000
vn 0.6812 0.7012 -0.2105
vn -0.0000 -0.0000 1.0000
vn -0.6945 -0.7148 -0.0817
vn -0.6900 -0.7102 0.1397
vn -0.6926 -0.7129 0.1100
vn -0.6661 -0.6856 -0.2937
vn -0.6261 -0.6444 -0.4390
vn -0.6868 -0.7070 0.1687
vn -0.6967 -0.7171 -0.0179
vn -0.6822 -0.7022 -0.2039
vn 0.6833 0.7034 0.1958
vn 0.6153 0.6333 -0.4695
vn 0.6696 0.6892 -0.2768
vn 0.6950 0.7154 -0.0721
vn 0.6116 0.6296 0.4791
vn 0.5456 0.5616 -0.6220
vn 0.6342 0.6528 0.4142
vt 0.543720 0.068273
vt 0.545905 0.072939
vt 0.543711 0.073132
vt 0.545886 0.055350
vt 0.543734 0.059313
vt 0.543711 0.054894
vt 0.551719 0.068287
vt 0.543727 0.063734
vt 0.551695 0.063747
vt 0.559778 0.063761
vt 0.551501 0.059324
vt 0.559786 0.059340
vt 0.559770 0.068300
vt 0.559795 0.054922
vt 0.557532 0.055368
vt 0.555164 0.054103
vt 0.552784 0.053926
vt 0.550489 0.055170
vt 0.548970 0.053956
vt 0.559763 0.073160
vt 0.557654 0.072278
vt 0.555041 0.072844
vt 0.553037 0.072490
vt 0.550940 0.073610
vt 0.548427 0.073976
s 1
usemtl SpaceShip
f 2173/1916/1732 2174/1917/1732 2164/1918/1732
f 2185/1919/1732 2171/1920/1732 2166/1921/1732
f 2187/1922/1732 2173/1916/1732 2172/1923/1732 2188/1924/1732
f 2169/1925/1732 2188/1924/1732 2186/1926/1732 2170/1927/1732
f 2168/1928/1732 2187/1922/1732 2188/1924/1732 2169/1925/1732
f 2188/1924/1732 2172/1923/1732 2171/1920/1732 2186/1926/1732
f 2167/1929/1732 2170/1927/1732 2180/1930/1732
f 2180/1930/1732 2170/1927/1732 2181/1931/1732
f 2181/1931/1732 2170/1927/1732 2186/1926/1732 2182/1932/1732
f 2182/1932/1732 2186/1926/1732 2183/1933/1732
f 2183/1933/1732 2186/1926/1732 2171/1920/1732 2184/1934/1732
f 2184/1934/1732 2171/1920/1732 2185/1919/1732
f 2168/1928/1732 2165/1935/1732 2179/1936/1732
f 2168/1928/1732 2179/1936/1732 2178/1937/1732
f 2168/1928/1732 2178/1937/1732 2177/1938/1732 2187/1922/1732
f 2187/1922/1732 2177/1938/1732 2176/1939/1732
f 2187/1922/1732 2176/1939/1732 2175/1940/1732 2173/1916/1732
f 2173/1916/1732 2175/1940/1732 2174/1917/1732
f 2198/1916/1733 2189/1918/1733 2199/1917/1733
f 2210/1919/1733 2191/1921/1733 2196/1920/1733
f 2212/1922/1733 2213/1924/1733 2197/1923/1733 2198/1916/1733
f 2194/1925/1733 2195/1927/1733 2211/1926/1733 2213/1924/1733
f 2193/1928/1733 2194/1925/1733 2213/1924/1733 2212/1922/1733
f 2213/1924/1733 2211/1926/1733 2196/1920/1733 2197/1923/1733
f 2192/1929/1733 2205/1930/1733 2195/1927/1733
f 2205/1930/1733 2206/1931/1733 2195/1927/1733
f 2206/1931/1733 2207/1932/1733 2211/1926/1733 2195/1927/1733
f 2207/1932/1733 2208/1933/1733 2211/1926/1733
f 2208/1933/1733 2209/1934/1733 2196/1920/1733 2211/1926/1733
f 2209/1934/1733 2210/1919/1733 2196/1920/1733
f 2193/1928/1733 2204/1936/1733 2190/1935/1733
f 2193/1928/1733 2203/1937/1733 2204/1936/1733
f 2193/1928/1733 2212/1922/1733 2202/1938/1733 2203/1937/1733
f 2212/1922/1733 2201/1939/1733 2202/1938/1733
f 2212/1922/1733 2198/1916/1733 2200/1940/1733 2201/1939/1733
f 2198/1916/1733 2199/1917/1733 2200/1940/1733
f 2179/1936/1734 2165/1935/1734 2190/1935/1734 2204/1936/1734
f 2170/1927/1735 2167/1929/1735 2192/1929/1735 2195/1927/1735
f 2185/1919/1736 2166/1921/1736 2191/1921/1736 2210/1919/1736
f 2173/1916/1737 2164/1918/1737 2189/1918/1737 2198/1916/1737
f 2165/1935/1735 2168/1928/1735 2193/1928/1735 2190/1935/1735
f 2168/1928/1735 2169/1925/1735 2194/1925/1735 2193/1928/1735
f 2169/1925/1735 2170/1927/1735 2195/1927/1735 2194/1925/1735
f 2166/1921/1737 2171/1920/1737 2196/1920/1737 2191/1921/1737
f 2171/1920/1737 2172/1923/1737 2197/1923/1737 2196/1920/1737
f 2172/1923/1737 2173/1916/1737 2198/1916/1737 2197/1923/1737
f 2164/1918/1738 2174/1917/1739 2199/1917/1739 2189/1918/1738
f 2174/1917/1739 2175/1940/1740 2200/1940/1740 2199/1917/1739
f 2175/1940/1740 2176/1939/1741 2201/1939/1741 2200/1940/1740
f 2176/1939/1741 2177/1938/1742 2202/1938/1742 2201/1939/1741
f 2177/1938/1743 2178/1937/1744 2203/1937/1744 2202/1938/1743
f 2178/1937/1744 2179/1936/1745 2204/1936/1745 2203/1937/1744
f 2167/1929/1746 2180/1930/1746 2205/1930/1746 2192/1929/1746
f 2180/1930/1747 2181/1931/1748 2206/1931/1748 2205/1930/1747
f 2181/1931/1748 2182/1932/1749 2207/1932/1749 2206/1931/1748
f 2182/1932/1750 2183/1933/1750 2208/1933/1750 2207/1932/1750
f 2183/1933/1751 2184/1934/1751 2209/1934/1751 2208/1933/1751
f 2184/1934/1752 2185/1919/1752 2210/1919/1752 2209/1934/1752
o Handle
v 0.000000 0.377646 -0.313246
v 0.000000 0.509995 -0.409003
v 0.024106 0.384205 -0.305718
v 0.014899 0.515560 -0.406337
v 0.034091 0.400041 -0.287543
v 0.021070 0.528997 -0.399900
v 0.024106 0.415876 -0.269367
v 0.014899 0.542433 -0.393463
v 0.000000 0.422436 -0.261839
v 0.000000 0.547998 -0.390796
v 0.000000 0.407339 -0.355749
v 0.000000 0.420043 -0.350186
v 0.024106 0.426602 -0.342658
v 0.034091 0.442438 -0.324483
v 0.024106 0.458274 -0.306308
v 0.000000 0.464833 -0.298779
v 0.000000 0.468604 -0.285434
v 0.032973 0.459632 -0.295731
v 0.046630 0.437971 -0.320591
v 0.032973 0.416311 -0.345451
v -0.024106 0.384205 -0.305718
v -0.014899 0.515560 -0.406337
v -0.034091 0.400041 -0.287543
v -0.021070 0.528997 -0.399900
v -0.024106 0.415876 -0.269367
v -0.014899 0.542433 -0.393463
v -0.024106 0.426602 -0.342658
v -0.034091 0.442438 -0.324483
v -0.024106 0.458274 -0.306308
v -0.032973 0.459632 -0.295731
v -0.046630 0.437971 -0.320591
v -0.032973 0.416311 -0.345451
v 0.042824 0.503717 -0.427838
v 0.063508 0.535008 -0.394444
v 0.009402 0.566184 -0.418906
v 0.014216 0.574408 -0.404677
v 0.026645 0.549528 -0.423360
v 0.038265 0.551175 -0.410891
v 0.000000 0.487577 -0.427899
v 0.000000 0.501806 -0.436123
v 0.051887 0.536604 -0.419042
v 0.063508 0.538252 -0.406573
v 0.026691 0.537691 -0.379027
v 0.038265 0.545313 -0.388970
v 0.014216 0.568546 -0.382756
v 0.000000 0.490567 -0.391630
v 0.000000 0.481715 -0.405978
v 0.026645 0.531600 -0.428155
v 0.012160 0.507692 -0.434549
v 0.022462 0.495149 -0.425874
v 0.022441 0.489279 -0.403955
v 0.038265 0.511396 -0.398040
v 0.026691 0.516360 -0.384732
v 0.051887 0.518676 -0.423837
v 0.063508 0.504374 -0.415633
v 0.053619 0.490515 -0.419339
v 0.053612 0.487261 -0.407214
v 0.063508 0.501109 -0.403510
v 0.000000 0.566184 -0.418906
v 0.000000 0.574408 -0.404677
v 0.000000 0.568546 -0.382756
v 0.000000 0.554374 -0.374565
v -0.042824 0.503717 -0.427838
v -0.063508 0.535008 -0.394444
v -0.009402 0.566184 -0.418906
v -0.014216 0.574408 -0.404677
v -0.026645 0.549528 -0.423360
v -0.038265 0.551175 -0.410891
v -0.051887 0.536604 -0.419042
v -0.063508 0.538252 -0.406573
v -0.026691 0.537691 -0.379027
v -0.038265 0.545313 -0.388970
v -0.014216 0.568546 -0.382756
v -0.026645 0.531600 -0.428155
v -0.012160 0.507692 -0.434549
v -0.022462 0.495149 -0.425874
v -0.022441 0.489279 -0.403955
v -0.038265 0.511396 -0.398040
v -0.026691 0.516360 -0.384732
v -0.051887 0.518676 -0.423837
v -0.063508 0.504374 -0.415633
v -0.053619 0.490515 -0.419339
v -0.053612 0.487261 -0.407214
v -0.063508 0.501109 -0.403510
v -0.014685 0.555248 -0.414517
v -0.022532 0.542619 -0.419434
v -0.003616 0.549275 -0.416842
v -0.011463 0.536646 -0.421760
v -0.014685 0.559914 -0.426501
v -0.022532 0.547285 -0.431419
v -0.003616 0.553942 -0.428827
v -0.011463 0.541313 -0.433744
v 0.014685 0.555248 -0.414517
v 0.022532 0.542619 -0.419434
v 0.003616 0.549275 -0.416842
v 0.011463 0.536646 -0.421760
v 0.014685 0.559914 -0.426501
v 0.022532 0.547285 -0.431419
v 0.003616 0.553942 -0.428827
v 0.011463 0.541313 -0.433744
v -0.012377 0.527148 -0.420089
v -0.012377 0.512555 -0.425772
v -0.002642 0.527148 -0.420089
v -0.002642 0.512555 -0.425772
v -0.012377 0.531936 -0.432386
v -0.012377 0.517343 -0.438068
v -0.002642 0.531936 -0.432386
v -0.002642 0.517343 -0.438068
v 0.012377 0.527148 -0.420089
v 0.012377 0.512555 -0.425772
v 0.002642 0.527148 -0.420089
v 0.002642 0.512555 -0.425772
v 0.012377 0.531936 -0.432386
v 0.012377 0.517343 -0.438068
v 0.002642 0.531936 -0.432386
v 0.002642 0.517343 -0.438068
v 0.027793 0.531404 -0.415241
v 0.024074 0.517268 -0.420864
v 0.039853 0.527528 -0.413473
v 0.036135 0.513392 -0.419096
v 0.030816 0.535360 -0.427186
v 0.027098 0.521225 -0.432809
v 0.042876 0.531484 -0.425418
v 0.039158 0.517349 -0.431041
v -0.027793 0.531404 -0.415241
v -0.024074 0.517268 -0.420864
v -0.039853 0.527528 -0.413473
v -0.036135 0.513392 -0.419096
v -0.030816 0.535360 -0.427186
v -0.027098 0.521225 -0.432809
v -0.042876 0.531484 -0.425418
v -0.039158 0.517349 -0.431041
vn 0.9703 -0.1823 0.1589
vn 0.6861 -0.6331 -0.3584
vn 0.4272 0.6817 -0.5940
vn 0.3021 0.8801 -0.3662
vn 0.6861 0.2684 0.6762
vn -0.0000 0.4551 0.8905
vn -0.6861 -0.6331 -0.3584
vn -0.0000 -0.8198 -0.5727
vn -0.0000 0.4011 -0.9160
vn 0.3021 0.4833 -0.8217
vn -0.0000 0.9623 -0.2719
vn -0.0000 -0.5512 -0.8344
vn 0.7293 -0.3485 -0.5888
vn 0.6842 -0.3773 -0.6241
vn 0.9077 -0.1839 -0.3771
vn 0.9203 0.3259 0.2164
vn 0.6498 0.5806 0.4906
vn 0.7008 0.5493 0.4551
vn -0.0000 0.7412 0.6713
vn -0.9703 -0.1823 0.1589
vn -0.4272 0.6817 -0.5940
vn -0.3021 0.8801 -0.3662
vn -0.6861 0.2684 0.6762
vn -0.3021 0.4833 -0.8217
vn -0.6842 -0.3773 -0.6241
vn -0.7293 -0.3485 -0.5888
vn -0.9077 -0.1839 -0.3771
vn -0.9203 0.3259 0.2164
vn -0.7008 0.5493 0.4551
vn -0.6498 0.5806 0.4906
vn 0.4871 0.6831 -0.5442
vn 0.2597 0.7954 -0.5476
vn 0.4733 0.7009 -0.5337
vn 0.4414 -0.0543 0.8956
vn 0.2940 -0.3516 0.8888
vn 0.0901 -0.2861 0.9540
vn 0.1035 -0.2570 0.9609
vn 0.1523 0.2205 -0.9634
vn 0.0951 0.2572 -0.9617
vn 0.2852 0.2476 -0.9259
vn 0.2535 0.1773 -0.9510
vn 0.6376 0.4149 -0.6490
vn 0.5892 -0.0028 -0.8080
vn 0.6424 0.0737 -0.7628
vn 0.5977 0.5038 -0.6236
vn 0.3887 -0.2413 -0.8892
vn 0.2948 -0.3340 -0.8953
vn -0.0000 0.1617 0.9868
vn 0.3800 -0.0654 0.9227
vn 0.3643 0.7145 0.5973
vn 0.9549 -0.2869 -0.0770
vn 1.0000 -0.0000 -0.0000
vn 0.9547 -0.2875 -0.0772
vn 0.8232 -0.5484 -0.1472
vn 0.2677 -0.8941 0.3589
vn 0.0790 -0.3099 0.9475
vn 0.5820 0.7856 0.2101
vn 0.5728 0.7918 0.2118
vn 0.4107 0.8808 0.2356
vn 0.3827 0.8925 0.2387
vn 0.1670 -0.4693 -0.8671
vn 0.2200 -0.4542 -0.8633
vn 0.3820 -0.3430 0.8581
vn -0.0000 -0.6402 0.7682
vn -0.0000 -0.4573 -0.8893
vn -0.0000 0.2584 -0.9660
vn 0.0697 0.2181 -0.9734
vn 0.1401 -0.9564 -0.2561
vn -0.0891 -0.9621 -0.2579
vn -0.0000 -0.9660 -0.2584
vn -0.0000 -0.9933 0.1158
vn 0.2272 0.1208 -0.9663
vn -0.0000 0.9660 0.2584
vn -0.0000 0.7936 0.6084
vn -0.0000 0.8658 -0.5004
vn -0.4871 0.6831 -0.5442
vn -0.4733 0.7009 -0.5337
vn -0.2597 0.7954 -0.5476
vn -0.4414 -0.0543 0.8956
vn -0.1035 -0.2570 0.9609
vn -0.0901 -0.2861 0.9540
vn -0.2940 -0.3516 0.8888
vn -0.1523 0.2205 -0.9634
vn -0.2535 0.1773 -0.9510
vn -0.2852 0.2476 -0.9259
vn -0.0951 0.2572 -0.9617
vn -0.6376 0.4149 -0.6490
vn -0.5977 0.5038 -0.6236
vn -0.6424 0.0737 -0.7628
vn -0.5892 -0.0028 -0.8080
vn -0.2948 -0.3340 -0.8953
vn -0.3887 -0.2413 -0.8892
vn -0.3643 0.7145 0.5973
vn -0.3800 -0.0654 0.9227
vn -0.9549 -0.2869 -0.0770
vn -0.9547 -0.2875 -0.0772
vn -1.0000 -0.0000 -0.0000
vn -0.8232 -0.5484 -0.1472
vn -0.0790 -0.3099 0.9475
vn -0.2677 -0.8941 0.3589
vn -0.5820 0.7856 0.2101
vn -0.4107 0.8808 0.2356
vn -0.5728 0.7918 0.2118
vn -0.3827 0.8925 0.2387
vn -0.1670 -0.4693 -0.8671
vn -0.2200 -0.4542 -0.8633
vn -0.3820 -0.3430 0.8581
vn -0.0697 0.2181 -0.9734
vn 0.0891 -0.9621 -0.2579
vn -0.1401 -0.9564 -0.2561
vn -0.2272 0.1208 -0.9663
vn -0.0000 0.3629 -0.9318
vn 0.5011 0.8064 0.3140
vn -0.8654 0.4669 0.1818
vn -0.5011 -0.8064 -0.3140
vn 0.8654 -0.4669 -0.1818
vn -0.5011 0.8064 0.3140
vn 0.8654 0.4669 0.1818
vn 0.5011 -0.8064 -0.3140
vn -0.8654 -0.4669 -0.1818
vn -0.0000 0.9318 0.3629
vn -0.0000 -0.9318 -0.3629
vn 0.2336 0.3057 -0.9230
vn 0.2374 0.9026 0.3591
vn -0.9429 0.3030 -0.1383
vn -0.2374 -0.9026 -0.3591
vn 0.9429 -0.3030 0.1383
vn -0.2336 0.3057 -0.9230
vn -0.2374 0.9026 0.3591
vn 0.9429 0.3030 -0.1383
vn 0.2374 -0.9026 -0.3591
vn -0.9429 -0.3030 0.1383
vt 0.194280 0.035340
vt 0.195719 0.035214
vt 0.196168 0.037957
vt 0.194287 0.038093
vt 0.185496 0.031656
vt 0.184011 0.031260
vt 0.184010 0.030565
vt 0.185746 0.030932
vt 0.192393 0.037943
vt 0.192846 0.035224
vt 0.191475 0.034844
vt 0.190489 0.037528
vt 0.198043 0.037587
vt 0.197131 0.034844
vt 0.187914 0.033347
vt 0.186924 0.032284
vt 0.187353 0.031717
vt 0.188577 0.033084
vt 0.182625 0.031356
vt 0.182346 0.030807
vt 0.184883 0.037889
vt 0.184162 0.037605
vt 0.183384 0.037589
vt 0.182614 0.037668
vt 0.181789 0.037649
vt 0.202322 0.038565
vt 0.201434 0.037652
vt 0.201823 0.036812
vt 0.203158 0.038144
vt 0.187525 0.041938
vt 0.185594 0.041961
vt 0.184951 0.040570
vt 0.186888 0.040552
vt 0.202322 0.039545
vt 0.203689 0.039164
vt 0.203701 0.040118
vt 0.204564 0.038868
vt 0.204551 0.040791
vt 0.204030 0.041614
vt 0.203264 0.040938
vt 0.188135 0.044173
vt 0.187219 0.042798
vt 0.188919 0.043228
vt 0.205724 0.028462
vt 0.205723 0.026591
vt 0.206393 0.026591
vt 0.206394 0.028463
vt 0.206393 0.029392
vt 0.205724 0.029391
vt 0.184336 0.042843
vt 0.184170 0.041116
vt 0.205322 0.025115
vt 0.206533 0.025114
vt 0.205322 0.023301
vt 0.206532 0.023300
vt 0.202282 0.041601
vt 0.201577 0.040883
vt 0.186107 0.042799
vt 0.184703 0.044173
vt 0.201075 0.042117
vt 0.200924 0.041226
vt 0.200924 0.037636
vt 0.206533 0.031061
vt 0.205322 0.031059
vt 0.205322 0.032328
vt 0.206532 0.032329
vt 0.183802 0.044022
vt 0.184703 0.044173
vt 0.205322 0.022543
vt 0.206532 0.022542
vt 0.189057 0.044041
vt 0.201012 0.036712
vt 0.188135 0.044173
vt 0.193828 0.044049
vt 0.192930 0.043980
vt 0.192990 0.043227
vt 0.193888 0.043295
vt 0.192242 0.043299
vt 0.192928 0.043298
vt 0.192243 0.043982
vt 0.192993 0.044737
vt 0.192992 0.044051
vt 0.193829 0.044735
vt 0.194576 0.043976
vt 0.193889 0.043978
vt 0.194574 0.043294
vt 0.193824 0.042538
vt 0.193826 0.043224
vt 0.192988 0.042540
vt 0.207677 0.035331
vt 0.207607 0.036222
vt 0.207014 0.036170
vt 0.207084 0.035279
vt 0.207090 0.036928
vt 0.207088 0.036224
vt 0.207610 0.036926
vt 0.208384 0.036165
vt 0.207680 0.036167
vt 0.208381 0.035329
vt 0.207601 0.034573
vt 0.207604 0.035277
vt 0.207082 0.034575
vt 0.206307 0.035336
vt 0.207011 0.035334
vt 0.206310 0.036172
vt 0.198281 0.046144
vt 0.198342 0.045248
vt 0.199084 0.045308
vt 0.199024 0.046204
vt 0.199024 0.044557
vt 0.199024 0.045248
vt 0.198342 0.044557
vt 0.197591 0.045308
vt 0.198281 0.045308
vt 0.197591 0.046144
vt 0.198342 0.046894
vt 0.198342 0.046204
vt 0.199024 0.046894
vt 0.199775 0.046144
vt 0.199084 0.046144
vt 0.199775 0.045308
s 1
usemtl SpaceShip
f 2218/1941/1753 2216/1942/1754 2233/1943/1754 2232/1944/1753
f 2227/1945/1755 2228/1946/1756 2231/1947/1756 2232/1948/1755
f 2232/1944/1753 2231/1949/1757 2220/1950/1757 2218/1941/1753
f 2222/1951/1758 2220/1950/1757 2231/1949/1757 2230/1952/1758
f 2234/1942/1759 2245/1943/1759 2224/1953/1760 2214/1954/1760
f 2225/1955/1761 2226/1956/1762 2233/1957/1762 2224/1958/1761
f 2228/1946/1756 2229/1959/1763 2230/1960/1763 2231/1947/1756
f 2226/1956/1762 2227/1945/1755 2232/1948/1755 2233/1957/1762
f 2225/1955/1764 2215/1961/1764 2217/1962/1765 2226/1956/1766
f 2226/1956/1766 2217/1962/1765 2219/1963/1767 2227/1945/1767
f 2227/1945/1768 2219/1963/1768 2221/1964/1769 2228/1946/1770
f 2228/1946/1770 2221/1964/1769 2223/1965/1771 2229/1959/1771
f 2236/1941/1772 2244/1944/1772 2245/1943/1759 2234/1942/1759
f 2241/1945/1773 2244/1948/1773 2243/1947/1774 2242/1946/1774
f 2244/1944/1772 2236/1941/1772 2238/1950/1775 2243/1949/1775
f 2222/1951/1758 2230/1952/1758 2243/1949/1775 2238/1950/1775
f 2225/1955/1761 2224/1958/1761 2245/1957/1776 2240/1956/1776
f 2242/1946/1774 2243/1947/1774 2230/1960/1763 2229/1959/1763
f 2240/1956/1776 2245/1957/1776 2244/1948/1773 2241/1945/1773
f 2225/1955/1764 2240/1956/1777 2235/1962/1778 2215/1961/1764
f 2240/1956/1777 2241/1945/1779 2237/1963/1779 2235/1962/1778
f 2241/1945/1780 2242/1946/1781 2239/1964/1782 2237/1963/1780
f 2242/1946/1781 2229/1959/1771 2223/1965/1771 2239/1964/1782
f 2250/1966/1783 2248/1967/1784 2249/1968/1784 2251/1969/1785
f 2257/1970/1786 2265/1971/1787 2271/1972/1788 2247/1973/1789
f 2261/1974/1790 2250/1966/1791 2254/1975/1792 2267/1976/1793
f 2255/1977/1794 2268/1978/1795 2267/1976/1796 2254/1975/1797
f 2267/1976/1796 2268/1978/1795 2269/1979/1798 2246/1980/1799
f 2275/1981/1800 2256/1982/1801 2257/1970/1786 2258/1983/1802
f 2268/1984/1803 2255/1985/1804 2247/1986/1804 2271/1987/1805
f 2268/1984/1803 2271/1987/1805 2270/1988/1806 2269/1989/1806
f 2265/1971/1787 2264/1990/1807 2270/1991/1808 2271/1972/1788
f 2251/1992/1809 2257/1993/1810 2247/1986/1811 2255/1985/1811
f 2249/1994/1812 2258/1995/1802 2257/1993/1810 2251/1992/1809
f 2263/1996/1813 2262/1997/1814 2246/1980/1799 2269/1979/1798
f 2265/1971/1787 2266/1998/1815 2259/1999/1816 2264/1990/1807
f 2250/1966/1783 2251/1969/1785 2255/1977/1794 2254/1975/1797
f 2263/1996/1813 2252/2000/1817 2253/2001/1817 2262/1997/1814
f 2253/2001/1818 2272/2002/1818 2248/1967/1818 2250/1966/1791 2261/1974/1790 2262/1997/1819
f 2264/2003/1807 2263/2004/1820 2269/1989/1821 2270/1988/1821
f 2252/2005/1822 2263/2004/1820 2264/2003/1807 2260/2006/1823
f 2262/1997/1819 2261/1974/1790 2267/1976/1793 2246/1980/1824
f 2260/2007/1823 2264/1990/1807 2259/2008/1816
f 2265/1971/1787 2257/1970/1786 2256/1982/1801 2266/1998/1815
f 2249/1994/1812 2273/2009/1825 2274/2010/1826 2258/1995/1802
f 2258/1983/1802 2274/2011/1826 2275/1981/1800
f 2248/1967/1784 2272/2002/1827 2273/2012/1827 2249/1968/1784
f 2259/1999/1816 2266/1998/1815 2256/1982/1801 2275/1981/1800
f 2280/1966/1828 2281/1969/1829 2279/1968/1830 2278/1967/1830
f 2285/1970/1831 2277/1973/1832 2297/1972/1833 2291/1971/1834
f 2287/1974/1835 2293/1976/1836 2282/1975/1837 2280/1966/1838
f 2283/1977/1839 2282/1975/1840 2293/1976/1841 2294/1978/1842
f 2293/1976/1841 2276/1980/1843 2295/1979/1844 2294/1978/1842
f 2275/1981/1800 2286/1983/1845 2285/1970/1831 2284/1982/1846
f 2294/1984/1847 2297/1987/1848 2277/1986/1849 2283/1985/1849
f 2294/1984/1847 2295/1989/1850 2296/1988/1850 2297/1987/1848
f 2291/1971/1834 2297/1972/1833 2296/1991/1851 2290/1990/1852
f 2281/1992/1853 2283/1985/1854 2277/1986/1854 2285/1993/1855
f 2279/1994/1856 2281/1992/1853 2285/1993/1855 2286/1995/1845
f 2289/1996/1857 2295/1979/1844 2276/1980/1843 2288/1997/1858
f 2291/1971/1834 2290/1990/1852 2259/2008/1816 2292/1998/1859
f 2280/1966/1828 2282/1975/1840 2283/1977/1839 2281/1969/1829
f 2289/1996/1857 2288/1997/1858 2253/2001/1817 2252/2000/1817
f 2253/2001/1818 2288/1997/1860 2287/1974/1835 2280/1966/1838 2278/1967/1818 2272/2002/1818
f 2290/2003/1852 2296/1988/1861 2295/1989/1861 2289/2004/1862
f 2252/2005/1822 2260/2006/1823 2290/2003/1852 2289/2004/1862
f 2288/1997/1860 2276/1980/1863 2293/1976/1836 2287/1974/1835
f 2260/2007/1823 2259/2008/1816 2290/1990/1852
f 2291/1971/1834 2292/1998/1859 2284/1982/1846 2285/1970/1831
f 2279/1994/1856 2286/1995/1845 2274/2010/1826 2273/2009/1825
f 2286/1983/1845 2275/2013/1800 2274/2011/1826
f 2278/1967/1830 2279/1968/1830 2273/2012/1827 2272/2002/1827
f 2259/2008/1816 2275/1981/1800 2284/1982/1846 2292/1998/1859
f 2303/2014/1864 2302/2015/1864 2304/2016/1864 2305/2017/1864
f 2300/2018/1865 2304/2019/1865 2302/2015/1865 2298/2020/1865
f 2298/2021/1866 2302/2022/1866 2303/2014/1866 2299/2023/1866
f 2299/2024/1867 2303/2025/1867 2305/2017/1867 2301/2026/1867
f 2301/2027/1868 2305/2028/1868 2304/2016/1868 2300/2029/1868
f 2312/2019/1864 2310/2022/1864 2311/2025/1864 2313/2028/1864
f 2308/2018/1869 2306/2020/1869 2310/2015/1869 2312/2019/1869
f 2306/2021/1870 2307/2023/1870 2311/2014/1870 2310/2022/1870
f 2307/2024/1871 2309/2026/1871 2313/2017/1871 2311/2025/1871
f 2309/2027/1872 2308/2029/1872 2312/2016/1872 2313/2028/1872
f 2319/2030/1864 2318/2031/1864 2320/2032/1864 2321/2033/1864
f 2316/2034/1873 2320/2035/1873 2318/2031/1873 2314/2036/1873
f 2314/2037/1849 2318/2038/1849 2319/2030/1849 2315/2039/1849
f 2315/2040/1874 2319/2041/1874 2321/2033/1874 2317/2042/1874
f 2317/2043/1804 2321/2044/1804 2320/2032/1804 2316/2045/1804
f 2328/2035/1864 2326/2038/1864 2327/2041/1864 2329/2044/1864
f 2324/2034/1873 2322/2036/1873 2326/2031/1873 2328/2035/1873
f 2322/2037/1804 2323/2039/1804 2327/2030/1804 2326/2038/1804
f 2323/2040/1874 2325/2042/1874 2329/2033/1874 2327/2041/1874
f 2325/2043/1849 2324/2045/1849 2328/2032/1849 2329/2044/1849
f 2335/2046/1875 2334/2047/1875 2336/2048/1875 2337/2049/1875
f 2332/2050/1876 2336/2051/1876 2334/2047/1876 2330/2052/1876
f 2330/2053/1877 2334/2054/1877 2335/2046/1877 2331/2055/1877
f 2331/2056/1878 2335/2057/1878 2337/2049/1878 2333/2058/1878
f 2333/2059/1879 2337/2060/1879 2336/2048/1879 2332/2061/1879
f 2344/2051/1880 2342/2054/1880 2343/2057/1880 2345/2060/1880
f 2340/2050/1881 2338/2052/1881 2342/2047/1881 2344/2051/1881
f 2338/2053/1882 2339/2055/1882 2343/2046/1882 2342/2054/1882
f 2339/2056/1883 2341/2058/1883 2345/2049/1883 2343/2057/1883
f 2341/2059/1884 2340/2061/1884 2344/2048/1884 2345/2060/1884
f 2216/1942/1754 2214/1954/1760 2224/1953/1760 2233/1943/1754
