# Made in Blockbench 4.10.0
mtllib PSX STYLE RETRO BUSTER BLADE SWORD.mtl

o cylinder
v 0.08693103339880413 0.2625000000000003 0.02745190528383285
v 0.03181896660119579 0.2625000000000003 0.037499999999999936
v -2.1163626406917045e-17 0.2625000000000003 -2.5673907444456746e-17
v 0.08693103339880413 0.33750000000000024 0.02745190528383285
v 0.03181896660119579 0.33750000000000024 0.037499999999999936
v -2.1163626406917045e-17 0.33750000000000024 -2.5673907444456746e-17
v 0.11874999999999997 0.2625000000000003 0.010048094716167065
v 0.11874999999999997 0.33750000000000024 0.010048094716167065
v 0.11874999999999997 0.2625000000000003 -0.010048094716167121
v 0.11874999999999997 0.33750000000000024 -0.010048094716167121
v 0.08693103339880416 0.2625000000000003 -0.0274519052838329
v 0.08693103339880416 0.33750000000000024 -0.0274519052838329
v 0.031818966601195826 0.2625000000000003 -0.037499999999999985
v 0.031818966601195826 0.33750000000000024 -0.037499999999999985
v -0.031818966601195785 0.2625000000000003 -0.03749999999999999
v -0.031818966601195785 0.33750000000000024 -0.03749999999999999
v -0.08693103339880419 0.2625000000000003 -0.027451905283832907
v -0.08693103339880419 0.33750000000000024 -0.027451905283832907
v -0.11875 0.2625000000000003 -0.010048094716167112
v -0.11875 0.33750000000000024 -0.010048094716167112
v -0.11875000000000002 0.2625000000000003 0.010048094716167048
v -0.11875000000000002 0.33750000000000024 0.010048094716167048
v -0.08693103339880422 0.2625000000000003 0.027451905283832845
v -0.08693103339880422 0.33750000000000024 0.027451905283832845
v -0.031818966601195826 0.2625000000000003 0.037499999999999936
v -0.031818966601195826 0.33750000000000024 0.037499999999999936
vt 0.3029828125 0.6881125
vt 0.2892046875 0.690625
vt 0.28125 0.68125
vt 0.3204546875 0.778125
vt 0.3344609375 0.778125
vt 0.3344609375 0.796875
vt 0.3204546875 0.796875
vt 0.0704546875 0.653125
vt 0.0842328125 0.6556375
vt 0.0625 0.6625
vt 0.3109375 0.6837625
vt 0.3029828125 0.6881125
vt 0.28125 0.68125
vt 0.3344609375 0.778125
vt 0.343528125 0.778125
vt 0.343528125 0.796875
vt 0.3344609375 0.796875
vt 0.0842328125 0.6556375
vt 0.0921875 0.6599875
vt 0.0625 0.6625
vt 0.3109375 0.6787375
vt 0.3109375 0.6837625
vt 0.28125 0.68125
vt 0.046875 0.984375
vt 0.0625 0.984375
vt 0.0625 1
vt 0.046875 1
vt 0.0921875 0.6599875
vt 0.0921875 0.6650125
vt 0.0625 0.6625
vt 0.3029828125 0.6743875
vt 0.3109375 0.6787375
vt 0.28125 0.68125
vt 0.281471875 0.73125
vt 0.2905390625 0.73125
vt 0.2905390625 0.75
vt 0.281471875 0.75
vt 0.0921875 0.6650125
vt 0.0842328125 0.6693625000000001
vt 0.0625 0.6625
vt 0.2892046875 0.671875
vt 0.3029828125 0.6743875
vt 0.28125 0.68125
vt 0.2905390625 0.73125
vt 0.3045453125 0.73125
vt 0.3045453125 0.75
vt 0.2905390625 0.75
vt 0.0842328125 0.6693625000000001
vt 0.0704546875 0.671875
vt 0.0625 0.6625
vt 0.2732953125 0.671875
vt 0.2892046875 0.671875
vt 0.28125 0.68125
vt 0.3045453125 0.73125
vt 0.3204546875 0.73125
vt 0.3204546875 0.75
vt 0.3045453125 0.75
vt 0.0704546875 0.671875
vt 0.0545453125 0.671875
vt 0.0625 0.6625
vt 0.2595171875 0.6743875
vt 0.2732953125 0.671875
vt 0.28125 0.68125
vt 0.3204546875 0.73125
vt 0.3344609375 0.73125
vt 0.3344609375 0.75
vt 0.3204546875 0.75
vt 0.0545453125 0.671875
vt 0.040767187499999996 0.6693625000000001
vt 0.0625 0.6625
vt 0.2515625 0.6787375
vt 0.2595171875 0.6743875
vt 0.28125 0.68125
vt 0.3344609375 0.73125
vt 0.343528125 0.73125
vt 0.343528125 0.75
vt 0.3344609375 0.75
vt 0.040767187499999996 0.6693625000000001
vt 0.0328125 0.6650125
vt 0.0625 0.6625
vt 0.2515625 0.6837625
vt 0.2515625 0.6787375
vt 0.28125 0.68125
vt 0.25 0.609375
vt 0.265625 0.609375
vt 0.265625 0.625
vt 0.25 0.625
vt 0.0328125 0.6650125
vt 0.0328125 0.6599875
vt 0.0625 0.6625
vt 0.2595171875 0.6881125
vt 0.2515625 0.6837625
vt 0.28125 0.68125
vt 0.281471875 0.778125
vt 0.2905390625 0.778125
vt 0.2905390625 0.796875
vt 0.281471875 0.796875
vt 0.0328125 0.6599875
vt 0.040767187499999996 0.6556375
vt 0.0625 0.6625
vt 0.2732953125 0.690625
vt 0.2595171875 0.6881125
vt 0.28125 0.68125
vt 0.2905390625 0.778125
vt 0.3045453125 0.778125
vt 0.3045453125 0.796875
vt 0.2905390625 0.796875
vt 0.040767187499999996 0.6556375
vt 0.0545453125 0.653125
vt 0.0625 0.6625
vt 0.2892046875 0.690625
vt 0.2732953125 0.690625
vt 0.28125 0.68125
vt 0.3045453125 0.778125
vt 0.3204546875 0.778125
vt 0.3204546875 0.796875
vt 0.3045453125 0.796875
vt 0.0545453125 0.653125
vt 0.0704546875 0.653125
vt 0.0625 0.6625
vn 0 -1 0
vn 0.1793643826667851 0 0.9837827088491459
vn 0 1 0
vn 0 -1 0
vn 0.4798720511772548 0 0.8773384834252596
vn 0 1 0
vn 0 -1 0
vn 1 0 0
vn 0 1 0
vn 0 -1 0
vn 0.47987205117725484 0 -0.8773384834252593
vn 0 1 0
vn 0 -1 0
vn 0.17936438266678512 0 -0.9837827088491459
vn 0 1 0
vn 0 -1 0
vn 1.0903707199036523e-16 0 -1
vn 0 1 0
vn 0 -1 0
vn -0.1793643826667849 0 -0.983782708849146
vn 0 1 0
vn 0 -1 0
vn -0.4798720511772553 0 -0.8773384834252593
vn 0 1 0
vn 0 -1 0
vn -1 0 -1.381136245211295e-15
vn 0 1 0
vn 0 -1 0
vn -0.4798720511772553 0 0.8773384834252593
vn 0 1 0
vn 0 -1 0
vn -0.17936438266678503 0 0.9837827088491458
vn 0 1 0
vn 0 -1 0
vn 0 0 1
vn 0 1 0
usemtl m_d4546cea-d57b-5512-445e-fadb594fe3f1
f 1/1/1 2/2/1 3/3/1
f 2/4/2 1/5/2 4/6/2 5/7/2
f 5/8/3 4/9/3 6/10/3
f 7/11/4 1/12/4 3/13/4
f 1/14/5 7/15/5 8/16/5 4/17/5
f 4/18/6 8/19/6 6/20/6
f 9/21/7 7/22/7 3/23/7
f 7/24/8 9/25/8 10/26/8 8/27/8
f 8/28/9 10/29/9 6/30/9
f 11/31/10 9/32/10 3/33/10
f 9/34/11 11/35/11 12/36/11 10/37/11
f 10/38/12 12/39/12 6/40/12
f 13/41/13 11/42/13 3/43/13
f 11/44/14 13/45/14 14/46/14 12/47/14
f 12/48/15 14/49/15 6/50/15
f 15/51/16 13/52/16 3/53/16
f 13/54/17 15/55/17 16/56/17 14/57/17
f 14/58/18 16/59/18 6/60/18
f 17/61/19 15/62/19 3/63/19
f 15/64/20 17/65/20 18/66/20 16/67/20
f 16/68/21 18/69/21 6/70/21
f 19/71/22 17/72/22 3/73/22
f 17/74/23 19/75/23 20/76/23 18/77/23
f 18/78/24 20/79/24 6/80/24
f 21/81/25 19/82/25 3/83/25
f 19/84/26 21/85/26 22/86/26 20/87/26
f 20/88/27 22/89/27 6/90/27
f 23/91/28 21/92/28 3/93/28
f 21/94/29 23/95/29 24/96/29 22/97/29
f 22/98/30 24/99/30 6/100/30
f 25/101/31 23/102/31 3/103/31
f 23/104/32 25/105/32 26/106/32 24/107/32
f 24/108/33 26/109/33 6/110/33
f 2/111/34 25/112/34 3/113/34
f 25/114/35 2/115/35 5/116/35 26/117/35
f 26/118/36 5/119/36 6/120/36
o cylinder
v 0.01372595264191641 0.04999999999999994 0.013725952641916396
v 0.00502404735808352 0.04999999999999994 0.018749999999999933
v -2.671474153004283e-17 0.04999999999999994 -2.671474153004283e-17
v 0.01372595264191641 0.2875000000000002 0.013725952641916396
v 0.00502404735808352 0.2875000000000002 0.018749999999999933
v -2.671474153004283e-17 0.2875000000000002 -2.671474153004283e-17
v 0.01874999999999996 0.04999999999999994 0.005024047358083514
v 0.01874999999999996 0.2875000000000002 0.005024047358083514
v 0.01874999999999996 0.04999999999999994 -0.005024047358083569
v 0.01874999999999996 0.2875000000000002 -0.005024047358083569
v 0.013725952641916415 0.04999999999999994 -0.013725952641916448
v 0.013725952641916415 0.2875000000000002 -0.013725952641916448
v 0.005024047358083525 0.04999999999999994 -0.018749999999999985
v 0.005024047358083525 0.2875000000000002 -0.018749999999999985
v -0.005024047358083566 0.04999999999999994 -0.01874999999999999
v -0.005024047358083566 0.2875000000000002 -0.01874999999999999
v -0.013725952641916466 0.04999999999999994 -0.013725952641916452
v -0.013725952641916466 0.2875000000000002 -0.013725952641916452
v -0.018750000000000013 0.04999999999999994 -0.005024047358083565
v -0.018750000000000013 0.2875000000000002 -0.005024047358083565
v -0.018750000000000017 0.04999999999999994 0.005024047358083505
v -0.018750000000000017 0.2875000000000002 0.005024047358083505
v -0.013725952641916471 0.04999999999999994 0.013725952641916393
v -0.013725952641916471 0.2875000000000002 0.013725952641916393
v -0.005024047358083572 0.04999999999999994 0.018749999999999933
v -0.005024047358083572 0.2875000000000002 0.018749999999999933
vt 0.24561875 0.55499375
vt 0.24344375000000001 0.55625
vt 0.2421875 0.5515625
vt 0.36844375 0.878125
vt 0.37095625 0.878125
vt 0.37095625 0.9375
vt 0.36844375 0.9375
vt 0.39969375 0.553125
vt 0.40186875 0.55438125
vt 0.3984375 0.5578125
vt 0.246875 0.55281875
vt 0.24561875 0.55499375
vt 0.2421875 0.5515625
vt 0.28529375 0.596875
vt 0.28780625 0.596875
vt 0.28780625 0.65625
vt 0.28529375 0.65625
vt 0.40186875 0.55438125
vt 0.403125 0.55655625
vt 0.3984375 0.5578125
vt 0.246875 0.55030625
vt 0.246875 0.55281875
vt 0.2421875 0.5515625
vt 0.28780625 0.596875
vt 0.29031875 0.596875
vt 0.29031875 0.65625
vt 0.28780625 0.65625
vt 0.403125 0.55655625
vt 0.403125 0.55906875
vt 0.3984375 0.5578125
vt 0.24561875 0.54813125
vt 0.246875 0.55030625
vt 0.2421875 0.5515625
vt 0.29031875 0.596875
vt 0.29283125 0.596875
vt 0.29283125 0.65625
vt 0.29031875 0.65625
vt 0.403125 0.55906875
vt 0.40186875 0.56124375
vt 0.3984375 0.5578125
vt 0.24344375000000001 0.546875
vt 0.24561875 0.54813125
vt 0.2421875 0.5515625
vt 0.17591875 0.58125
vt 0.17843125 0.58125
vt 0.17843125 0.640625
vt 0.17591875 0.640625
vt 0.40186875 0.56124375
vt 0.39969375 0.5625
vt 0.3984375 0.5578125
vt 0.24093124999999999 0.546875
vt 0.24344375000000001 0.546875
vt 0.2421875 0.5515625
vt 0.17843125 0.58125
vt 0.18094375000000001 0.58125
vt 0.18094375000000001 0.640625
vt 0.17843125 0.640625
vt 0.39969375 0.5625
vt 0.39718125 0.5625
vt 0.3984375 0.5578125
vt 0.23875625 0.54813125
vt 0.24093124999999999 0.546875
vt 0.2421875 0.5515625
vt 0.18094375000000001 0.58125
vt 0.18345625 0.58125
vt 0.18345625 0.640625
vt 0.18094375000000001 0.640625
vt 0.39718125 0.5625
vt 0.39500625 0.56124375
vt 0.3984375 0.5578125
vt 0.2375 0.55030625
vt 0.23875625 0.54813125
vt 0.2421875 0.5515625
vt 0.36341875 0.8
vt 0.36593125 0.8
vt 0.36593125 0.859375
vt 0.36341875 0.859375
vt 0.39500625 0.56124375
vt 0.39375 0.55906875
vt 0.3984375 0.5578125
vt 0.2375 0.55281875
vt 0.2375 0.55030625
vt 0.2421875 0.5515625
vt 0.36593125 0.8
vt 0.36844375 0.8
vt 0.36844375 0.859375
vt 0.36593125 0.859375
vt 0.39375 0.55906875
vt 0.39375 0.55655625
vt 0.3984375 0.5578125
vt 0.23875625 0.55499375
vt 0.2375 0.55281875
vt 0.2421875 0.5515625
vt 0.36844375 0.8
vt 0.37095625 0.8
vt 0.37095625 0.859375
vt 0.36844375 0.859375
vt 0.39375 0.55655625
vt 0.39500625 0.55438125
vt 0.3984375 0.5578125
vt 0.24093124999999999 0.55625
vt 0.23875625 0.55499375
vt 0.2421875 0.5515625
vt 0.36341875 0.878125
vt 0.36593125 0.878125
vt 0.36593125 0.9375
vt 0.36341875 0.9375
vt 0.39500625 0.55438125
vt 0.39718125 0.553125
vt 0.3984375 0.5578125
vt 0.24344375000000001 0.55625
vt 0.24093124999999999 0.55625
vt 0.2421875 0.5515625
vt 0.36593125 0.878125
vt 0.36844375 0.878125
vt 0.36844375 0.9375
vt 0.36593125 0.9375
vt 0.39718125 0.553125
vt 0.39969375 0.553125
vt 0.3984375 0.5578125
vn 0 -1 0
vn 0.4999999999999994 0 0.866025403784439
vn 0 1 0
vn 0 -1 0
vn 0.8660254037844384 0 0.5000000000000008
vn 0 1 0
vn 0 -1 0
vn 1 0 0
vn 0 1 0
vn 0 -1 0
vn 0.8660254037844385 0 -0.5000000000000004
vn 0 1 0
vn 0 -1 0
vn 0.4999999999999994 0 -0.866025403784439
vn 0 1 0
vn 0 -1 0
vn 3.452840613028235e-16 0 -1
vn 0 1 0
vn 0 -1 0
vn -0.4999999999999989 0 -0.8660254037844394
vn 0 1 0
vn 0 -1 0
vn -0.8660254037844386 0 -0.5000000000000002
vn 0 1 0
vn 0 -1 0
vn -1 0 -3.4528406130282417e-16
vn 0 1 0
vn 0 -1 0
vn -0.8660254037844386 0 0.5000000000000001
vn 0 1 0
vn 0 -1 0
vn -0.4999999999999993 0 0.8660254037844392
vn 0 1 0
vn 0 -1 0
vn 0 0 1
vn 0 1 0
usemtl m_d4546cea-d57b-5512-445e-fadb594fe3f1
f 27/121/37 28/122/37 29/123/37
f 28/124/38 27/125/38 30/126/38 31/127/38
f 31/128/39 30/129/39 32/130/39
f 33/131/40 27/132/40 29/133/40
f 27/134/41 33/135/41 34/136/41 30/137/41
f 30/138/42 34/139/42 32/140/42
f 35/141/43 33/142/43 29/143/43
f 33/144/44 35/145/44 36/146/44 34/147/44
f 34/148/45 36/149/45 32/150/45
f 37/151/46 35/152/46 29/153/46
f 35/154/47 37/155/47 38/156/47 36/157/47
f 36/158/48 38/159/48 32/160/48
f 39/161/49 37/162/49 29/163/49
f 37/164/50 39/165/50 40/166/50 38/167/50
f 38/168/51 40/169/51 32/170/51
f 41/171/52 39/172/52 29/173/52
f 39/174/53 41/175/53 42/176/53 40/177/53
f 40/178/54 42/179/54 32/180/54
f 43/181/55 41/182/55 29/183/55
f 41/184/56 43/185/56 44/186/56 42/187/56
f 42/188/57 44/189/57 32/190/57
f 45/191/58 43/192/58 29/193/58
f 43/194/59 45/195/59 46/196/59 44/197/59
f 44/198/60 46/199/60 32/200/60
f 47/201/61 45/202/61 29/203/61
f 45/204/62 47/205/62 48/206/62 46/207/62
f 46/208/63 48/209/63 32/210/63
f 49/211/64 47/212/64 29/213/64
f 47/214/65 49/215/65 50/216/65 48/217/65
f 48/218/66 50/219/66 32/220/66
f 51/221/67 49/222/67 29/223/67
f 49/224/68 51/225/68 52/226/68 50/227/68
f 50/228/69 52/229/69 32/230/69
f 28/231/70 51/232/70 29/233/70
f 51/234/71 28/235/71 31/236/71 52/237/71
f 52/238/72 31/239/72 32/240/72
o cylinder
v 0.09150635094610961 0.33125000000000016 0.036602540378443814
v 0.03349364905389031 0.33125000000000016 0.049999999999999926
v -2.0816681711721685e-17 0.33125000000000016 -2.4980018054066023e-17
v 0.09150635094610961 0.35625000000000007 0.036602540378443814
v 0.03349364905389031 0.35625000000000007 0.049999999999999926
v -2.0816681711721685e-17 0.35625000000000007 -2.4980018054066023e-17
v 0.12499999999999996 0.33125000000000016 0.013397459621556099
v 0.12499999999999996 0.35625000000000007 0.013397459621556099
v 0.12499999999999996 0.33125000000000016 -0.013397459621556154
v 0.12499999999999996 0.35625000000000007 -0.013397459621556154
v 0.09150635094610964 0.33125000000000016 -0.03660254037844386
v 0.09150635094610964 0.35625000000000007 -0.03660254037844386
v 0.033493649053890344 0.33125000000000016 -0.049999999999999975
v 0.033493649053890344 0.35625000000000007 -0.049999999999999975
v -0.033493649053890295 0.33125000000000016 -0.04999999999999998
v -0.033493649053890295 0.35625000000000007 -0.04999999999999998
v -0.09150635094610966 0.33125000000000016 -0.03660254037844387
v -0.09150635094610966 0.35625000000000007 -0.03660254037844387
v -0.12499999999999999 0.33125000000000016 -0.013397459621556142
v -0.12499999999999999 0.35625000000000007 -0.013397459621556142
v -0.125 0.33125000000000016 0.013397459621556074
v -0.125 0.35625000000000007 0.013397459621556074
v -0.09150635094610969 0.33125000000000016 0.03660254037844381
v -0.09150635094610969 0.35625000000000007 0.03660254037844381
v -0.03349364905389034 0.33125000000000016 0.049999999999999926
v -0.03349364905389034 0.35625000000000007 0.049999999999999926
vt 0.0853765625 0.70915
vt 0.0708734375 0.7125
vt 0.0625 0.7
vt 0.4068109375 0.775
vt 0.42169687499999997 0.775
vt 0.42169687499999997 0.78125
vt 0.4068109375 0.78125
vt 0.32087343749999997 0.9125
vt 0.33537656250000003 0.91585
vt 0.3125 0.925
vt 0.09375 0.7033499999999999
vt 0.0853765625 0.70915
vt 0.0625 0.7
vt 0.42169687499999997 0.775
vt 0.4318828125 0.775
vt 0.4318828125 0.78125
vt 0.42169687499999997 0.78125
vt 0.33537656250000003 0.91585
vt 0.34375 0.92165
vt 0.3125 0.925
vt 0.09375 0.69665
vt 0.09375 0.7033499999999999
vt 0.0625 0.7
vt 0.390625 0.875
vt 0.40625 0.875
vt 0.40625 0.890625
vt 0.390625 0.890625
vt 0.34375 0.92165
vt 0.34375 0.92835
vt 0.3125 0.925
vt 0.0853765625 0.69085
vt 0.09375 0.69665
vt 0.0625 0.7
vt 0.3649921875 0.74375
vt 0.37517812500000003 0.74375
vt 0.37517812500000003 0.75
vt 0.3649921875 0.75
vt 0.34375 0.92835
vt 0.33537656250000003 0.93415
vt 0.3125 0.925
vt 0.0708734375 0.6875
vt 0.0853765625 0.69085
vt 0.0625 0.7
vt 0.37517812500000003 0.74375
vt 0.3900640625 0.74375
vt 0.3900640625 0.75
vt 0.37517812500000003 0.75
vt 0.33537656250000003 0.93415
vt 0.32087343749999997 0.9375
vt 0.3125 0.925
vt 0.0541265625 0.6875
vt 0.0708734375 0.6875
vt 0.0625 0.7
vt 0.3900640625 0.74375
vt 0.4068109375 0.74375
vt 0.4068109375 0.75
vt 0.3900640625 0.75
vt 0.32087343749999997 0.9375
vt 0.3041265625 0.9375
vt 0.3125 0.925
vt 0.0396234375 0.69085
vt 0.0541265625 0.6875
vt 0.0625 0.7
vt 0.4068109375 0.74375
vt 0.42169687499999997 0.74375
vt 0.42169687499999997 0.75
vt 0.4068109375 0.75
vt 0.3041265625 0.9375
vt 0.2896234375 0.93415
vt 0.3125 0.925
vt 0.03125 0.69665
vt 0.0396234375 0.69085
vt 0.0625 0.7
vt 0.42169687499999997 0.74375
vt 0.4318828125 0.74375
vt 0.4318828125 0.75
vt 0.42169687499999997 0.75
vt 0.2896234375 0.93415
vt 0.28125 0.92835
vt 0.3125 0.925
vt 0.03125 0.7033499999999999
vt 0.03125 0.69665
vt 0.0625 0.7
vt 0.390625 0.84375
vt 0.40625 0.84375
vt 0.40625 0.859375
vt 0.390625 0.859375
vt 0.28125 0.92835
vt 0.28125 0.92165
vt 0.3125 0.925
vt 0.0396234375 0.70915
vt 0.03125 0.7033499999999999
vt 0.0625 0.7
vt 0.3649921875 0.775
vt 0.37517812500000003 0.775
vt 0.37517812500000003 0.78125
vt 0.3649921875 0.78125
vt 0.28125 0.92165
vt 0.2896234375 0.91585
vt 0.3125 0.925
vt 0.0541265625 0.7125
vt 0.0396234375 0.70915
vt 0.0625 0.7
vt 0.37517812500000003 0.775
vt 0.3900640625 0.775
vt 0.3900640625 0.78125
vt 0.37517812500000003 0.78125
vt 0.2896234375 0.91585
vt 0.3041265625 0.9125
vt 0.3125 0.925
vt 0.0708734375 0.7125
vt 0.0541265625 0.7125
vt 0.0625 0.7
vt 0.3900640625 0.775
vt 0.4068109375 0.775
vt 0.4068109375 0.78125
vt 0.3900640625 0.78125
vt 0.3041265625 0.9125
vt 0.32087343749999997 0.9125
vt 0.3125 0.925
vn 0 -1 0
vn 0.22501758018520454 0 0.9743547036924465
vn 0 1 0
vn 0 -1 0
vn 0.569494797451499 0 0.8219949365267868
vn 0 1 0
vn 0 -1 0
vn 1 0 0
vn 0 1 0
vn 0 -1 0
vn 0.5694947974514992 0 -0.8219949365267866
vn 0 1 0
vn 0 -1 0
vn 0.22501758018520454 0 -0.9743547036924465
vn 0 1 0
vn 0 -1 0
vn 1.0358521839084697e-16 0 -1
vn 0 1 0
vn 0 -1 0
vn -0.2250175801852043 0 -0.9743547036924465
vn 0 1 0
vn 0 -1 0
vn -0.5694947974514996 0 -0.8219949365267863
vn 0 1 0
vn 0 -1 0
vn -1 0 -5.179260919542357e-16
vn 0 1 0
vn 0 -1 0
vn -0.5694947974514998 0 0.8219949365267862
vn 0 1 0
vn 0 -1 0
vn -0.22501758018520446 0 0.9743547036924466
vn 0 1 0
vn 0 -1 0
vn 0 0 1
vn 0 1 0
usemtl m_d4546cea-d57b-5512-445e-fadb594fe3f1
f 53/241/73 54/242/73 55/243/73
f 54/244/74 53/245/74 56/246/74 57/247/74
f 57/248/75 56/249/75 58/250/75
f 59/251/76 53/252/76 55/253/76
f 53/254/77 59/255/77 60/256/77 56/257/77
f 56/258/78 60/259/78 58/260/78
f 61/261/79 59/262/79 55/263/79
f 59/264/80 61/265/80 62/266/80 60/267/80
f 60/268/81 62/269/81 58/270/81
f 63/271/82 61/272/82 55/273/82
f 61/274/83 63/275/83 64/276/83 62/277/83
f 62/278/84 64/279/84 58/280/84
f 65/281/85 63/282/85 55/283/85
f 63/284/86 65/285/86 66/286/86 64/287/86
f 64/288/87 66/289/87 58/290/87
f 67/291/88 65/292/88 55/293/88
f 65/294/89 67/295/89 68/296/89 66/297/89
f 66/298/90 68/299/90 58/300/90
f 69/301/91 67/302/91 55/303/91
f 67/304/92 69/305/92 70/306/92 68/307/92
f 68/308/93 70/309/93 58/310/93
f 71/311/94 69/312/94 55/313/94
f 69/314/95 71/315/95 72/316/95 70/317/95
f 70/318/96 72/319/96 58/320/96
f 73/321/97 71/322/97 55/323/97
f 71/324/98 73/325/98 74/326/98 72/327/98
f 72/328/99 74/329/99 58/330/99
f 75/331/100 73/332/100 55/333/100
f 73/334/101 75/335/101 76/336/101 74/337/101
f 74/338/102 76/339/102 58/340/102
f 77/341/103 75/342/103 55/343/103
f 75/344/104 77/345/104 78/346/104 76/347/104
f 76/348/105 78/349/105 58/350/105
f 54/351/106 77/352/106 55/353/106
f 77/354/107 54/355/107 57/356/107 78/357/107
f 78/358/108 57/359/108 58/360/108
o cylinder
v 0.018301270189221886 0.04999999999999991 0.018301270189221883
v 0.0066987298107780355 0.04999999999999991 0.024999999999999935
v -2.6268669779077367e-17 0.04999999999999991 -2.636779683484747e-17
v 0.018301270189221886 0.07500000000000001 0.018301270189221883
v 0.0066987298107780355 0.07500000000000001 0.024999999999999935
v -2.6268669779077367e-17 0.07500000000000001 -2.636779683484747e-17
v 0.024999999999999956 0.04999999999999991 0.00669872981077803
v 0.024999999999999956 0.07500000000000001 0.00669872981077803
v 0.024999999999999956 0.04999999999999991 -0.006698729810778086
v 0.024999999999999956 0.07500000000000001 -0.006698729810778086
v 0.018301270189221893 0.04999999999999991 -0.01830127018922193
v 0.018301270189221893 0.07500000000000001 -0.01830127018922193
v 0.006698729810778042 0.04999999999999991 -0.024999999999999984
v 0.006698729810778042 0.07500000000000001 -0.024999999999999984
v -0.006698729810778077 0.04999999999999991 -0.02499999999999999
v -0.006698729810778077 0.07500000000000001 -0.02499999999999999
v -0.01830127018922194 0.04999999999999991 -0.018301270189221938
v -0.01830127018922194 0.07500000000000001 -0.018301270189221938
v -0.025 0.04999999999999991 -0.006698729810778081
v -0.025 0.07500000000000001 -0.006698729810778081
v -0.025000000000000012 0.04999999999999991 0.006698729810778019
v -0.025000000000000012 0.07500000000000001 0.006698729810778019
v -0.01830127018922195 0.04999999999999991 0.018301270189221876
v -0.01830127018922195 0.07500000000000001 0.018301270189221876
v -0.0066987298107780875 0.04999999999999991 0.024999999999999935
v -0.0066987298107780875 0.07500000000000001 0.024999999999999935
vt 0.1217625 0.5577
vt 0.1188625 0.559375
vt 0.1171875 0.553125
vt 0.4626125 0.728125
vt 0.4659625 0.728125
vt 0.4659625 0.734375
vt 0.4626125 0.734375
vt 0.1501125 0.55
vt 0.1530125 0.551675
vt 0.1484375 0.55625
vt 0.1234375 0.5548
vt 0.1217625 0.5577
vt 0.1171875 0.553125
vt 0.4559125 0.759375
vt 0.4592625 0.759375
vt 0.4592625 0.765625
vt 0.4559125 0.765625
vt 0.1530125 0.551675
vt 0.1546875 0.554575
vt 0.1484375 0.55625
vt 0.1234375 0.55145
vt 0.1234375 0.5548
vt 0.1171875 0.553125
vt 0.4592625 0.759375
vt 0.4626125 0.759375
vt 0.4626125 0.765625
vt 0.4592625 0.765625
vt 0.1546875 0.554575
vt 0.1546875 0.557925
vt 0.1484375 0.55625
vt 0.1217625 0.54855
vt 0.1234375 0.55145
vt 0.1171875 0.553125
vt 0.4626125 0.759375
vt 0.4659625 0.759375
vt 0.4659625 0.765625
vt 0.4626125 0.765625
vt 0.1546875 0.557925
vt 0.1530125 0.560825
vt 0.1484375 0.55625
vt 0.1188625 0.546875
vt 0.1217625 0.54855
vt 0.1171875 0.553125
vt 0.3465375 0.540625
vt 0.3498875 0.540625
vt 0.3498875 0.546875
vt 0.3465375 0.546875
vt 0.1530125 0.560825
vt 0.1501125 0.5625
vt 0.1484375 0.55625
vt 0.1155125 0.546875
vt 0.1188625 0.546875
vt 0.1171875 0.553125
vt 0.3498875 0.540625
vt 0.3532375 0.540625
vt 0.3532375 0.546875
vt 0.3498875 0.546875
vt 0.1501125 0.5625
vt 0.1467625 0.5625
vt 0.1484375 0.55625
vt 0.1126125 0.54855
vt 0.1155125 0.546875
vt 0.1171875 0.553125
vt 0.3532375 0.540625
vt 0.3565875 0.540625
vt 0.3565875 0.546875
vt 0.3532375 0.546875
vt 0.1467625 0.5625
vt 0.1438625 0.560825
vt 0.1484375 0.55625
vt 0.1109375 0.55145
vt 0.1126125 0.54855
vt 0.1171875 0.553125
vt 0.4559125 0.696875
vt 0.4592625 0.696875
vt 0.4592625 0.703125
vt 0.4559125 0.703125
vt 0.1438625 0.560825
vt 0.1421875 0.557925
vt 0.1484375 0.55625
vt 0.1109375 0.5548
vt 0.1109375 0.55145
vt 0.1171875 0.553125
vt 0.4592625 0.696875
vt 0.4626125 0.696875
vt 0.4626125 0.703125
vt 0.4592625 0.703125
vt 0.1421875 0.557925
vt 0.1421875 0.554575
vt 0.1484375 0.55625
vt 0.1126125 0.5577
vt 0.1109375 0.5548
vt 0.1171875 0.553125
vt 0.4626125 0.696875
vt 0.4659625 0.696875
vt 0.4659625 0.703125
vt 0.4626125 0.703125
vt 0.1421875 0.554575
vt 0.1438625 0.551675
vt 0.1484375 0.55625
vt 0.1155125 0.559375
vt 0.1126125 0.5577
vt 0.1171875 0.553125
vt 0.4559125 0.728125
vt 0.4592625 0.728125
vt 0.4592625 0.734375
vt 0.4559125 0.734375
vt 0.1438625 0.551675
vt 0.1467625 0.55
vt 0.1484375 0.55625
vt 0.1188625 0.559375
vt 0.1155125 0.559375
vt 0.1171875 0.553125
vt 0.4592625 0.728125
vt 0.4626125 0.728125
vt 0.4626125 0.734375
vt 0.4592625 0.734375
vt 0.1467625 0.55
vt 0.1501125 0.55
vt 0.1484375 0.55625
vn 0 -1 0
vn 0.4999999999999996 0 0.8660254037844388
vn 0 1 0
vn 0 -1 0
vn 0.8660254037844384 0 0.5000000000000006
vn 0 1 0
vn 0 -1 0
vn 1 0 0
vn 0 1 0
vn 0 -1 0
vn 0.8660254037844385 0 -0.5000000000000004
vn 0 1 0
vn 0 -1 0
vn 0.4999999999999996 0 -0.8660254037844388
vn 0 1 0
vn 0 -1 0
vn 5.179260919542353e-16 0 -1
vn 0 1 0
vn 0 -1 0
vn -0.4999999999999993 0 -0.8660254037844393
vn 0 1 0
vn 0 -1 0
vn -0.8660254037844389 0 -0.4999999999999999
vn 0 1 0
vn 0 -1 0
vn -1 0 -7.768891379313539e-16
vn 0 1 0
vn 0 -1 0
vn -0.8660254037844388 0 0.5000000000000001
vn 0 1 0
vn 0 -1 0
vn -0.49999999999999967 0 0.8660254037844389
vn 0 1 0
vn 0 -1 0
vn 0 0 1
vn 0 1 0
usemtl m_d4546cea-d57b-5512-445e-fadb594fe3f1
f 79/361/109 80/362/109 81/363/109
f 80/364/110 79/365/110 82/366/110 83/367/110
f 83/368/111 82/369/111 84/370/111
f 85/371/112 79/372/112 81/373/112
f 79/374/113 85/375/113 86/376/113 82/377/113
f 82/378/114 86/379/114 84/380/114
f 87/381/115 85/382/115 81/383/115
f 85/384/116 87/385/116 88/386/116 86/387/116
f 86/388/117 88/389/117 84/390/117
f 89/391/118 87/392/118 81/393/118
f 87/394/119 89/395/119 90/396/119 88/397/119
f 88/398/120 90/399/120 84/400/120
f 91/401/121 89/402/121 81/403/121
f 89/404/122 91/405/122 92/406/122 90/407/122
f 90/408/123 92/409/123 84/410/123
f 93/411/124 91/412/124 81/413/124
f 91/414/125 93/415/125 94/416/125 92/417/125
f 92/418/126 94/419/126 84/420/126
f 95/421/127 93/422/127 81/423/127
f 93/424/128 95/425/128 96/426/128 94/427/128
f 94/428/129 96/429/129 84/430/129
f 97/431/130 95/432/130 81/433/130
f 95/434/131 97/435/131 98/436/131 96/437/131
f 96/438/132 98/439/132 84/440/132
f 99/441/133 97/442/133 81/443/133
f 97/444/134 99/445/134 100/446/134 98/447/134
f 98/448/135 100/449/135 84/450/135
f 101/451/136 99/452/136 81/453/136
f 99/454/137 101/455/137 102/456/137 100/457/137
f 100/458/138 102/459/138 84/460/138
f 103/461/139 101/462/139 81/463/139
f 101/464/140 103/465/140 104/466/140 102/467/140
f 102/468/141 104/469/141 84/470/141
f 80/471/142 103/472/142 81/473/142
f 103/474/143 80/475/143 83/476/143 104/477/143
f 104/478/144 83/479/144 84/480/144
o torus
v 0.00669872981077806 0.27500000000000036 0.048159522551260305
v 0.007882909129412473 0.27058058261758466 0.03405392497470262
v 0.021536508253003416 0.2784634917469968 0.03405392497470262
v 0.018301270189221914 0.2816987298107787 0.048159522551260305
v 0.008373412263472577 0.26875000000000027 -4.5623337070307316e-17
v 0.02287658773652739 0.27712341226347315 -4.7482608088224564e-17
v 0.007882909129412474 0.27058058261758466 -0.0340539249747027
v 0.02153650825300342 0.2784634917469968 -0.0340539249747027
v 0.00669872981077806 0.27500000000000036 -0.0481595225512604
v 0.018301270189221914 0.2816987298107787 -0.0481595225512604
v 0.00551455049214365 0.2794194173824165 -0.034053924974702714
v 0.015066032125440406 0.2849339678745604 -0.03405392497470272
v 0.005024047358083545 0.28125000000000067 -6.019457566004344e-17
v 0.013725952641916435 0.28627404735808404 -6.131013827079371e-17
v 0.005514550492143649 0.2794194173824165 0.034053924974702596
v 0.015066032125440405 0.2849339678745604 0.03405392497470259
v 0.02941941738241589 0.29211709087058835 0.03405392497470261
v 0.024999999999999974 0.2933012701892228 0.0481595225512603
v 0.031249999999999972 0.29162658773652805 -5.0702959956297445e-17
v 0.0294194173824159 0.29211709087058835 -0.03405392497470271
v 0.024999999999999974 0.2933012701892228 -0.04815952255126041
v 0.020580582617584053 0.2944854495078568 -0.03405392497470272
v 0.018749999999999982 0.2949759526419171 -6.324234939163747e-17
v 0.020580582617584053 0.2944854495078568 0.03405392497470259
v 0.02941941738241589 0.3078829091294131 0.03405392497470261
v 0.024999999999999974 0.3066987298107786 0.0481595225512603
v 0.031249999999999972 0.3083734122634729 -5.4421501992131737e-17
v 0.0294194173824159 0.3078829091294131 -0.03405392497470271
v 0.024999999999999974 0.3066987298107786 -0.04815952255126041
v 0.020580582617584053 0.30551455049214415 -0.03405392497470272
v 0.018749999999999982 0.30502404735808386 -6.547347461313801e-17
v 0.020580582617584053 0.30551455049214415 0.03405392497470259
v 0.02153650825300342 0.32153650825300395 0.0340539249747026
v 0.018301270189221917 0.3183012701892223 0.04815952255126029
v 0.02287658773652739 0.32287658773652805 -5.764185386020467e-17
v 0.021536508253003423 0.32153650825300395 -0.034053924974702714
v 0.018301270189221917 0.3183012701892223 -0.048159522551260416
v 0.01506603212544041 0.3150660321254406 -0.03405392497470272
v 0.013725952641916438 0.31372595264191694 -6.740568573398177e-17
v 0.015066032125440406 0.3150660321254406 0.03405392497470259
v 0.00788290912941248 0.32941941738241654 0.0340539249747026
v 0.0066987298107780684 0.3250000000000004 0.04815952255126029
v 0.008373412263472584 0.3312500000000005 -5.950112487812182e-17
v 0.007882909129412483 0.32941941738241654 -0.034053924974702714
v 0.0066987298107780684 0.3250000000000004 -0.048159522551260416
v 0.005514550492143655 0.3205805826175847 -0.03405392497470273
v 0.005024047358083551 0.3187500000000003 -6.852124834473204e-17
v 0.005514550492143654 0.3205805826175847 0.03405392497470258
v -0.007882909129412459 0.32941941738241654 0.0340539249747026
v -0.00669872981077805 0.3250000000000004 0.04815952255126029
v -0.008373412263472563 0.3312500000000005 -5.950112487812182e-17
v -0.00788290912941246 0.32941941738241654 -0.034053924974702714
v -0.00669872981077805 0.3250000000000004 -0.048159522551260416
v -0.005514550492143641 0.3205805826175847 -0.03405392497470273
v -0.005024047358083538 0.3187500000000003 -6.852124834473204e-17
v -0.00551455049214364 0.3205805826175847 0.03405392497470258
v -0.021536508253003416 0.32153650825300395 0.0340539249747026
v -0.018301270189221914 0.3183012701892223 0.04815952255126029
v -0.02287658773652739 0.32287658773652805 -5.764185386020467e-17
v -0.02153650825300342 0.32153650825300395 -0.034053924974702714
v -0.018301270189221914 0.3183012701892223 -0.048159522551260416
v -0.015066032125440406 0.3150660321254406 -0.03405392497470272
v -0.013725952641916435 0.31372595264191694 -6.740568573398177e-17
v -0.015066032125440405 0.3150660321254406 0.03405392497470259
v -0.02941941738241589 0.3078829091294131 0.03405392497470261
v -0.024999999999999974 0.3066987298107786 0.0481595225512603
v -0.031249999999999972 0.3083734122634729 -5.4421501992131737e-17
v -0.0294194173824159 0.3078829091294131 -0.03405392497470271
v -0.024999999999999974 0.3066987298107786 -0.04815952255126041
v -0.020580582617584053 0.30551455049214415 -0.03405392497470272
v -0.018749999999999982 0.30502404735808386 -6.547347461313801e-17
v -0.020580582617584053 0.30551455049214415 0.03405392497470259
v -0.02941941738241589 0.29211709087058835 0.03405392497470261
v -0.02499999999999998 0.2933012701892228 0.0481595225512603
v -0.031249999999999972 0.29162658773652805 -5.0702959956297445e-17
v -0.0294194173824159 0.29211709087058835 -0.03405392497470271
v -0.02499999999999998 0.2933012701892228 -0.04815952255126041
v -0.02058058261758406 0.2944854495078568 -0.03405392497470272
v -0.018749999999999982 0.2949759526419171 -6.324234939163747e-17
v -0.020580582617584053 0.2944854495078568 0.03405392497470259
v -0.021536508253003423 0.27846349174699725 0.03405392497470262
v -0.01830127018922192 0.2816987298107787 0.048159522551260305
v -0.022876587736527395 0.27712341226347315 -4.7482608088224564e-17
v -0.021536508253003427 0.27846349174699725 -0.0340539249747027
v -0.01830127018922192 0.2816987298107787 -0.0481595225512604
v -0.015066032125440413 0.2849339678745604 -0.03405392497470272
v -0.013725952641916438 0.28627404735808404 -6.131013827079371e-17
v -0.01506603212544041 0.2849339678745604 0.03405392497470259
v -0.007882909129412467 0.27058058261758466 0.03405392497470262
v -0.00669872981077806 0.27500000000000036 0.048159522551260305
v -0.008373412263472574 0.26875000000000027 -4.5623337070307316e-17
v -0.007882909129412473 0.27058058261758466 -0.0340539249747027
v -0.00669872981077806 0.27500000000000036 -0.0481595225512604
v -0.005514550492143647 0.2794194173824165 -0.034053924974702714
v -0.005024047358083544 0.28125000000000067 -6.019457566004344e-17
v -0.005514550492143647 0.2794194173824165 0.034053924974702596
vt 0.036198744946892764 0.5939645480222293
vt 0.03660074866386505 0.597649199920727
vt 0.03266094210803776 0.5977635701644985
vt 0.03285058733305453 0.594060354972934
vt 0.03660074866386505 0.597649199920727
vt 0.03696875385947353 0.6061681777244624
vt 0.032783771896052465 0.6062888374871855
vt 0.03266041586150573 0.5977635854411227
vt 0.03696875385947353 0.6061681777244624
vt 0.03709218364052649 0.6146942070308676
vt 0.03315180593355714 0.6148070350727897
vt 0.032783771896052465 0.6062888374871855
vt 0.03709218364052649 0.6146942070308676
vt 0.03690314012252283 0.618395899772015
vt 0.03355502432702496 0.618493157156536
vt 0.03315233218608635 0.6148070200041728
vt 0.43017790354681756 0.6249048167995992
vt 0.4305793135709186 0.6212192684055055
vt 0.43333513511986355 0.621297101187374
vt 0.4335247053086377 0.6249994841772448
vt 0.4305793135709186 0.6212192684055055
vt 0.4309438439362237 0.6127001412050639
vt 0.43345519436067415 0.6127718046348953
vt 0.4333353156952754 0.6212971062873729
vt 0.4309438439362237 0.6127001412050639
vt 0.43106571163617335 0.6041740894278202
vt 0.43382166774784287 0.6042535397636521
vt 0.43345519436067415 0.6127718046348953
vt 0.43106571163617335 0.6041740894278202
vt 0.43087512392204896 0.6004716478960901
vt 0.43422187799161444 0.6005679865859267
vt 0.43382148717544583 0.6042535345580041
vt 0.10968608188448634 0.61238754182232
vt 0.11338945055661304 0.6121982098093823
vt 0.11327578255938972 0.616138357975973
vt 0.1095903410887707 0.6157350916797071
vt 0.11338945055661304 0.6121982098093823
vt 0.12191613564722704 0.6123202719984537
vt 0.12179563660079336 0.6165049216812933
vt 0.11327580678071084 0.6161375183764699
vt 0.12191613564722704 0.6123202719984537
vt 0.13043571599092305 0.6126890654091982
vt 0.13032249076317412 0.6166283860285858
vt 0.12179563660079336 0.6165049216812933
vt 0.13043571599092305 0.6126890654091982
vt 0.1341220534469439 0.6130911876457761
vt 0.13402500663535638 0.6164386998957936
vt 0.13032246663105973 0.6166292256306578
vt 0.35056561543817155 0.5690562710145609
vt 0.3542505857267939 0.5694569666100593
vt 0.3541727422322669 0.5722131913583365
vt 0.35047006575546913 0.57240382633237
vt 0.3542505857267939 0.5694569666100593
vt 0.3627702318652401 0.5698225879880786
vt 0.36269809502658135 0.5723337046562245
vt 0.3541727801868741 0.5722118474897415
vt 0.3627702318652401 0.5698225879880786
vt 0.3712968171742569 0.5699466536338698
vt 0.3712163460095462 0.5727014579381591
vt 0.36269809502658135 0.5723337046562245
vt 0.3712968171742569 0.5699466536338698
vt 0.37499871308477184 0.5697581605146483
vt 0.374901933365628 0.5731056804972054
vt 0.3712163067546108 0.5727028017693996
vt 0.109375 0.6176332199338131
vt 0.1130471961690581 0.6171257563969286
vt 0.11327395261833006 0.6210598518334093
vt 0.1095677699552891 0.6209776690281092
vt 0.1130471961690581 0.6171257563969286
vt 0.12155096735936201 0.6165119670524758
vt 0.12179192980347336 0.620692528420346
vt 0.11327395261833006 0.6210598518334093
vt 0.12179563660079336 0.6165049216812933
vt 0.13032063660079335 0.6166283591812933
vt 0.13032063660079335 0.6205689841812934
vt 0.12179563660079336 0.6206924216812933
vt 0.13083436365244122 0.6166619891842361
vt 0.13445964071639002 0.6174365278565561
vt 0.1340229116130066 0.6207579383536579
vt 0.13032063660079335 0.6205689841812934
vt 0.3509109611974671 0.571456414239705
vt 0.3545353600451027 0.5722356460611412
vt 0.35417366613885226 0.5749680610334105
vt 0.35047135137036906 0.5747774446821909
vt 0.3541727801868741 0.5722118474897415
vt 0.3626993426868741 0.5723337224897416
vt 0.3626993426868741 0.5748462224897415
vt 0.3541727801868741 0.5749680974897415
vt 0.3625551085594342 0.5723378659029537
vt 0.3710606133058027 0.5717267107740924
vt 0.37121884029635244 0.5744784153879566
vt 0.3626993426868741 0.5748462224897415
vt 0.3710606133058027 0.5717267107740924
vt 0.3747327892035263 0.5712181899638406
vt 0.37492510137344615 0.5745626654128909
vt 0.37121884029635244 0.5744784153879566
vt 0.10958820114948117 0.6214615866900429
vt 0.11327395261833006 0.6210598518334093
vt 0.1133876206155534 0.625
vt 0.1096842519434267 0.6248106679870623
vt 0.11327395261833006 0.6210598518334093
vt 0.12179378243841259 0.6206924485285858
vt 0.12191428148484627 0.6248770982114256
vt 0.11338759639423228 0.6249991604004969
vt 0.12179378243841259 0.6206924485285858
vt 0.13032063660079335 0.6205689841812934
vt 0.13043386182854227 0.624508304800681
vt 0.12191428148484627 0.6248770982114256
vt 0.13032063660079335 0.6205689841812934
vt 0.1340233979656123 0.6207579631757885
vt 0.1341202234166775 0.624107022166175
vt 0.1304338859606567 0.6245091444027528
vt 0.35047135137036906 0.5747774446821909
vt 0.3541740278471668 0.5749680796562244
vt 0.3542518713416938 0.5777243044045017
vt 0.3505669010530714 0.578125
vt 0.3541740278471668 0.5749680796562244
vt 0.3626993426868741 0.5748462224897415
vt 0.36277147952553285 0.5773573391578872
vt 0.3542518333870866 0.5777229605359067
vt 0.3626993426868741 0.5748462224897415
vt 0.371217593669839 0.5744784692078069
vt 0.3712980648345496 0.5772332735120962
vt 0.36277147952553285 0.5773573391578872
vt 0.371217593669839 0.5744784692078069
vt 0.37490322028085615 0.574075590480001
vt 0.375 0.577423110462558
vt 0.37129810408948505 0.5772346173433367
vt 0.3609750176576962 0.6559385726426668
vt 0.36078538225664264 0.6522353569480206
vt 0.3647251885090524 0.6523497376433887
vt 0.36432176725906446 0.6560350664303103
vt 0.36078538225664264 0.6522353569480206
vt 0.36090876090714635 0.6437101052292292
vt 0.36509374255046406 0.6438307760939548
vt 0.36472571475554394 0.6523497529214088
vt 0.36090876090714635 0.6437101052292292
vt 0.3612768175418929 0.6351919086199829
vt 0.3652171949495359 0.6353047471150166
vt 0.36509374255046406 0.6438307760939548
vt 0.3612768175418929 0.6351919086199829
vt 0.36167951946148774 0.6315057725359023
vt 0.3650262686437666 0.6316022808579699
vt 0.3652166686970467 0.6353047320450036
vt 0.2689017350055286 0.5713050590614506
vt 0.26930350186671165 0.5676202700168351
vt 0.27205927719788775 0.5676997223650938
vt 0.2722498552143781 0.571402164396009
vt 0.26930350186671165 0.5676202700168351
vt 0.26966999756537513 0.5591020061055081
vt 0.27218134780211223 0.5591736761132028
vt 0.2720594577702712 0.5676997275712148
vt 0.26966999756537513 0.5591020061055081
vt 0.2697898985607006 0.5505767047670522
vt 0.2725459004811707 0.5506545498675881
vt 0.27218134780211223 0.5591736761132028
vt 0.2697898985607006 0.5505767047670522
vt 0.26959893067951446 0.546875
vt 0.2729471395832579 0.5469689974244297
vt 0.27254571990577225 0.5506545447671163
vt 0.3662229554432473 0.65625
vt 0.36571520738871355 0.6525778431598814
vt 0.36964928524445606 0.6523507819003471
vt 0.3695673895918246 0.6560569709197297
vt 0.36571520738871355 0.6525778431598814
vt 0.36510075917990187 0.6440741195510677
vt 0.36928130186562347 0.6438328332007299
vt 0.36964928524445606 0.6523507819003471
vt 0.36509374255046406 0.6438307760939548
vt 0.36521718005046405 0.6353057760939549
vt 0.3691578050504641 0.6353057760939549
vt 0.3692812425504641 0.6438307760939548
vt 0.36525100919721715 0.6347905367789977
vt 0.36602695106721606 0.6311655597915267
vt 0.36934819226839033 0.6316035744986115
vt 0.3691578050504641 0.6353057760939549
vt 0.2713041090278119 0.570963651389501
vt 0.2720832970245702 0.5673392431200053
vt 0.2748157163700818 0.5677009039870812
vt 0.2746251447856219 0.571403221060142
vt 0.2720594577702712 0.5676997275712148
vt 0.2721813327702712 0.5591747275712149
vt 0.27469383277027115 0.5591747275712149
vt 0.2748157077702712 0.5676997275712148
vt 0.2721854220124887 0.5593180165109177
vt 0.2715775610086789 0.5508138420350693
vt 0.2743293250489328 0.5506566519295744
vt 0.27469383277027115 0.5591747275712149
vt 0.2715775610086789 0.5508138420350693
vt 0.2710704239524749 0.5471414747815793
vt 0.27441497162951817 0.5469504228619754
vt 0.2743293250489328 0.5506566519295744
vt 0.37005270649444405 0.6560361106872689
vt 0.36964928524445606 0.6523507819003471
vt 0.37358909149686587 0.652236401204979
vt 0.3733994560958123 0.6559396168996252
vt 0.36964928524445606 0.6523507819003471
vt 0.36928125744953594 0.6438318050728931
vt 0.37346623909285365 0.6437111342081674
vt 0.37358961774335736 0.6522363859269589
vt 0.36928125744953594 0.6438318050728931
vt 0.3691578050504641 0.6353057760939549
vt 0.3730981824581071 0.6351929375989211
vt 0.37346623909285365 0.6437111342081674
vt 0.3691578050504641 0.6353057760939549
vt 0.36934820510374416 0.6316033249069212
vt 0.372694954286023 0.6315068165848536
vt 0.37309765620561786 0.6351929526689342
vt 0.2746251447856219 0.571403221060142
vt 0.27481572280211225 0.5677007790292269
vt 0.27757149813328835 0.5676213266809682
vt 0.2779732649944714 0.5713061157255837
vt 0.27481572280211225 0.5677007790292269
vt 0.27469383277027115 0.5591747275712149
vt 0.2772051830070083 0.5591030575635201
vt 0.2775716787056718 0.5676213214748472
vt 0.27469383277027115 0.5591747275712149
vt 0.27432928009121266 0.5506556013256001
vt 0.2770852820116828 0.5505777562250643
vt 0.2772051830070083 0.5591030575635201
vt 0.27432928009121266 0.5506556013256001
vt 0.2739278604137271 0.5469700539829135
vt 0.2772760693174705 0.5468760565584838
vt 0.27708510143628434 0.550577761325536
vt 0.09343891811551365 0.6248106679870623
vt 0.08973554944338695 0.625
vt 0.08984921744061028 0.6210598518334093
vt 0.09353496890945917 0.6214615866900429
vt 0.08973554944338695 0.625
vt 0.08120886435277296 0.6248779378109286
vt 0.08132936339920664 0.620693288128089
vt 0.08984919321928916 0.6210606914329124
vt 0.08120886435277296 0.6248779378109286
vt 0.07268928400907694 0.624509144400184
vt 0.07280250923682588 0.6205698237807964
vt 0.08132936339920664 0.620693288128089
vt 0.07268928400907694 0.624509144400184
vt 0.06900294655305611 0.6241070221636063
vt 0.06909977200412132 0.6207579631732197
vt 0.07280253336894027 0.6205689841787245
vt 0.44630938456182845 0.65625
vt 0.4426244142732061 0.6558493044045017
vt 0.4427022577677331 0.6530930796562244
vt 0.44640493424453087 0.6529024446821909
vt 0.4426244142732061 0.6558493044045017
vt 0.4341047681347599 0.6554836830264823
vt 0.43417690497341865 0.6529725663583366
vt 0.4427022198131259 0.6530944235248194
vt 0.4341047681347599 0.6554836830264823
vt 0.4255781828257431 0.6553596173806912
vt 0.4256586539904537 0.6526048130764017
vt 0.43417690497341865 0.6529725663583366
vt 0.4255781828257431 0.6553596173806912
vt 0.42187628691522816 0.6555481104999126
vt 0.421973066634372 0.6522005905173556
vt 0.4256586932453892 0.6526034692451613
vt 0.09375 0.6195649898755691
vt 0.0900778038309419 0.6200724534124538
vt 0.08985104738166992 0.616138357975973
vt 0.0935572300447109 0.6162205407812731
vt 0.0900778038309419 0.6200724534124538
vt 0.081574032640638 0.6206862427569065
vt 0.08133307019652664 0.6165056813890364
vt 0.08985104738166992 0.616138357975973
vt 0.08132936339920664 0.620693288128089
vt 0.07280436339920664 0.620569850628089
vt 0.07280436339920664 0.616629225628089
vt 0.08132936339920664 0.616505788128089
vt 0.07228899662625889 0.6205360046696994
vt 0.0686640449556318 0.6197599445361206
vt 0.06910216801717026 0.6164387176268371
vt 0.07280436339920664 0.616629225628089
vt 0.4459640388025329 0.653849856774856
vt 0.4423396399548973 0.6530706249534197
vt 0.44270133386114774 0.6503382099811504
vt 0.44640364862963094 0.65052882633237
vt 0.4427022198131259 0.6530944235248194
vt 0.4341756573131259 0.6529725485248195
vt 0.4341756573131259 0.6504600485248194
vt 0.4427022198131259 0.6503381735248194
vt 0.4343198914405658 0.6529684051116071
vt 0.4258143866941973 0.6535795602404685
vt 0.4256561597036475 0.6508278556266043
vt 0.4341756573131259 0.6504600485248194
vt 0.4258143866941973 0.6535795602404685
vt 0.4221422107964737 0.6540880810507204
vt 0.4219498986265538 0.65074360560167
vt 0.42565615970364756 0.6508278556266043
vt 0.09353648885228893 0.6157350916797071
vt 0.08985104738166992 0.616138357975973
vt 0.08973737938444659 0.6121982098093823
vt 0.09344074805657329 0.6123875418223199
vt 0.08985104738166992 0.616138357975973
vt 0.0813312175615874 0.6165057612807965
vt 0.08121071851515371 0.6123211115979568
vt 0.08973740360576772 0.6121990494088854
vt 0.0813312175615874 0.6165057612807965
vt 0.07280436339920664 0.616629225628089
vt 0.07269113817145771 0.6126899050087014
vt 0.08121071851515371 0.6123211115979568
vt 0.07280436339920664 0.616629225628089
vt 0.06910182339491 0.6164386998932248
vt 0.06900477658332249 0.6130911876432072
vt 0.07269111403934332 0.6126890654066295
vt 0.44640364862963094 0.65052882633237
vt 0.4427009721528332 0.6503381913583365
vt 0.4426231286583062 0.6475819666100593
vt 0.4463080989469286 0.6471812710145609
vt 0.4427009721528332 0.6503381913583365
vt 0.4341756573131259 0.6504600485248194
vt 0.43410352047446715 0.6479489318566736
vt 0.4426231666129134 0.6475833104786541
vt 0.4341756573131259 0.6504600485248194
vt 0.425657406330161 0.6508278018067541
vt 0.4255769351654504 0.6480729975024647
vt 0.43410352047446715 0.6479489318566736
vt 0.425657406330161 0.6508278018067541
vt 0.42197177971914385 0.6512306805345599
vt 0.421875 0.6478831605520029
vt 0.42557689591051495 0.6480716536712242
vt 0.045274938913477496 0.5940598370559633
vt 0.04546458413849427 0.5977630522475279
vt 0.041524777582666976 0.5976486820037564
vt 0.04192678129963926 0.5939640301052587
vt 0.04546458413849427 0.5977630522475279
vt 0.04534122810394755 0.6062883042935907
vt 0.04115624614052649 0.6061676445308677
vt 0.04152425133613495 0.5976486667271322
vt 0.04534122810394755 0.6062883042935907
vt 0.04497319406644287 0.6148065018791949
vt 0.04103281635947352 0.6146936738372728
vt 0.04115624614052649 0.6061676445308677
vt 0.04497319406644287 0.6148065018791949
vt 0.04457050192550426 0.6184926390315582
vt 0.04122238613000639 0.6183953816470372
vt 0.041033342612002734 0.6146936889058898
vt 0.4258502946883475 0.625
vt 0.42603986487712164 0.6212976170101292
vt 0.4287956864260666 0.6212197842282605
vt 0.4291970964501676 0.6249053326223544
vt 0.42603986487712164 0.6212976170101292
vt 0.4259199862117229 0.6127723153576516
vt 0.42843133663617333 0.6127006519278202
vt 0.4287958670014784 0.6212197791282618
vt 0.4259199862117229 0.6127723153576516
vt 0.42555351282455417 0.6042540504864085
vt 0.42830946893622374 0.6041746001505766
vt 0.42843133663617333 0.6127006519278202
vt 0.42555351282455417 0.6042540504864085
vt 0.42515312200838556 0.600568502514331
vt 0.42849987607795104 0.6004721638244943
vt 0.42830928836382665 0.6041746053562247
vt 0.040027099152871545 0.59375
vt 0.040534827724257406 0.597422159533995
vt 0.03660074866386505 0.597649199920727
vt 0.03668266398019858 0.5939430113359053
vt 0.040534827724257406 0.597422159533995
vt 0.04114932083931176 0.6059274463071946
vt 0.036968776873470555 0.6061687104770763
vt 0.03660074866386505 0.597649199920727
vt 0.04115624614052649 0.6061676445308677
vt 0.04103280864052648 0.6146942070308676
vt 0.03709218364052649 0.6146942070308676
vt 0.03696874614052649 0.6061676445308677
vt 0.040999162154742835 0.6152080594221989
vt 0.040224507180640835 0.6188333116363781
vt 0.03690311069591449 0.6183964759793543
vt 0.03709218364052649 0.6146942070308676
vt 0.4273204308887863 0.6247344626252291
vt 0.427827548707261 0.6210620927151485
vt 0.4305793135709186 0.6212192684055055
vt 0.43066497956661054 0.6249254970243933
vt 0.427827548707261 0.6210620927151485
vt 0.42843545426374835 0.6125563550977267
vt 0.4309438657721166 0.6126996308970998
vt 0.4305793135709186 0.6212192684055055
vt 0.42843133663617333 0.6127006519278202
vt 0.42830946163617334 0.6041740894278202
vt 0.43106571163617335 0.6041740894278202
vt 0.4309438366361733 0.6127006519278202
vt 0.42833329323795266 0.6045357574517941
vt 0.4275540957479526 0.6009113512232018
vt 0.4308751303544068 0.6004717728539275
vt 0.43106571163617335 0.6041740894278202
vn 0.47712990198001487 -0.8264132320397785 0.2989786389461782
vn 0.4992791509105032 -0.864776856536809 0.05367790853230389
vn 0.499279150910474 -0.8647768565368259 -0.05367790853230437
vn 0.47712990198004535 -0.8264132320397616 -0.29897863894617527
vn -0.4771299019800421 0.8264132320397549 -0.298978638946199
vn -0.49927915091047687 0.8647768565368246 -0.05367790853229874
vn -0.49927915091050595 0.8647768565368077 0.053677908532298216
vn -0.47712990198004174 0.8264132320397553 0.2989786389461987
vn 0.8264132320397731 -0.47712990198001076 0.29897863894619936
vn 0.8647768565368187 -0.49927915091048775 0.05367790853229144
vn 0.8647768565368267 -0.499279150910474 -0.05367790853229114
vn 0.8264132320397682 -0.4771299019800186 -0.2989786389461999
vn -0.8264132320397585 0.4771299019800387 -0.2989786389461953
vn -0.864776856536822 0.4992791509104819 -0.05367790853229126
vn -0.8647768565368105 0.49927915091050223 0.053677908532291575
vn -0.82641323203977 0.4771299019800197 0.29897863894619303
vn 0.954259803960056 0 0.2989786389461888
vn 0.9985583018209795 2.372979946670973e-17 0.053677908532296134
vn 0.9985583018209796 0 -0.05367790853229584
vn 0.9542598039600558 0 -0.29897863894618915
vn -0.9542598039600559 0 -0.298978638946189
vn -0.9985583018209796 0 -0.053677908532295836
vn -0.9985583018209797 0 0.053677908532295864
vn -0.9542598039600562 0 0.29897863894618865
vn 0.8264132320397652 0.4771299019800297 0.2989786389461901
vn 0.864776856536822 0.49927915091048203 0.053677908532292526
vn 0.864776856536816 0.499279150910492 -0.05367790853229211
vn 0.8264132320397631 0.4771299019800334 -0.2989786389461901
vn -0.82641323203976 -0.47712990198003924 -0.2989786389461894
vn -0.8647768565368218 -0.49927915091048153 -0.05367790853229877
vn -0.8647768565368101 -0.49927915091050196 0.05367790853229845
vn -0.8264132320397636 -0.47712990198003347 0.2989786389461896
vn 0.4771299019800319 0.8264132320397612 0.29897863894619825
vn 0.4992791509104836 0.8647768565368206 0.05367790853229918
vn 0.49927915091049535 0.8647768565368139 -0.05367790853229935
vn 0.47712990198003014 0.8264132320397622 -0.29897863894619786
vn -0.477129901980056 -0.8264132320397464 -0.29897863894620036
vn -0.4992791509104771 -0.8647768565368249 -0.05367790853228784
vn -0.49927915091052155 -0.8647768565367993 0.05367790853228853
vn -0.47712990198003014 -0.8264132320397621 0.2989786389461981
vn 0 0.9542598039600519 0.29897863894620236
vn 0 0.9985583018209797 0.05367790853229236
vn 0 0.9985583018209798 -0.0536779085322924
vn 0 0.9542598039600518 -0.29897863894620197
vn 0 -0.9542598039600604 -0.29897863894617493
vn 0 -0.998558301820979 -0.05367790853230536
vn 0 -0.998558301820979 0.053677908532305384
vn 0 -0.9542598039600605 0.29897863894617455
vn -0.4771299019800311 0.8264132320397609 0.29897863894619997
vn -0.4992791509104832 0.8647768565368212 0.053677908532292984
vn -0.4992791509104951 0.8647768565368145 -0.05367790853229279
vn -0.4771299019800294 0.8264132320397619 -0.2989786389461999
vn 0.4771299019800599 -0.8264132320397539 -0.2989786389461741
vn 0.4992791509104764 -0.8647768565368246 -0.05367790853230433
vn 0.49927915091052066 -0.8647768565367989 0.05367790853230358
vn 0.47712990198003313 -0.8264132320397685 0.2989786389461761
vn -0.8264132320397642 0.47712990198002936 0.29897863894619414
vn -0.8647768565368217 0.4992791509104818 0.05367790853229785
vn -0.8647768565368158 0.49927915091049213 -0.05367790853229793
vn -0.8264132320397619 0.4771299019800329 -0.29897863894619425
vn 0.8264132320397584 -0.47712990198003863 -0.29897863894619503
vn 0.864776856536822 -0.49927915091048203 -0.05367790853229128
vn 0.8647768565368105 -0.49927915091050223 0.05367790853229157
vn 0.826413232039762 -0.47712990198003297 0.2989786389461945
vn -0.954259803960056 0 0.2989786389461888
vn -0.9985583018209795 2.3729799466709722e-17 0.05367790853229612
vn -0.9985583018209796 0 -0.05367790853229585
vn -0.9542598039600558 5.474733172101611e-16 -0.2989786389461892
vn 0.9542598039600559 -5.819066950874208e-16 -0.2989786389461891
vn 0.9985583018209796 0 -0.053677908532295836
vn 0.9985583018209797 0 0.053677908532295864
vn 0.9542598039600562 -4.790391525588909e-16 0.2989786389461887
vn -0.8264132320397688 -0.47712990198002353 0.29897863894619026
vn -0.8647768565368184 -0.4992791509104874 0.05367790853229893
vn -0.8647768565368195 -0.4992791509104857 -0.0536779085322987
vn -0.8264132320397707 -0.4771299019800201 -0.2989786389461909
vn 0.8264132320397636 0.4771299019800417 -0.29897863894617577
vn 0.8647768565368218 0.4992791509104815 -0.053677908532298944
vn 0.8647768565368104 0.49927915091050173 0.05367790853229845
vn 0.8264132320397743 0.4771299019800222 0.29897863894617743
vn -0.4771299019800333 -0.8264132320397646 0.29897863894618637
vn -0.4992791509105032 -0.8647768565368094 0.05367790853229951
vn -0.49927915091049496 -0.8647768565368141 -0.05367790853229935
vn -0.47712990198004335 -0.8264132320397586 -0.2989786389461871
vn 0.4771299019800416 0.826413232039755 -0.29897863894619936
vn 0.499279150910477 0.8647768565368252 -0.0536779085322879
vn 0.49927915091050606 0.8647768565368082 0.053677908532288335
vn 0.4771299019800415 0.8264132320397555 0.29897863894619886
vn 0 -0.9542598039600604 0.29897863894617493
vn 0 -0.9985583018209792 0.05367790853230538
vn 0 -0.998558301820979 -0.053677908532305384
vn 0 -0.9542598039600606 -0.29897863894617466
vn 0 0.9542598039600518 -0.2989786389462023
vn 0 0.9985583018209794 -0.05367790853229889
vn 0 0.9985583018209794 0.05367790853229888
vn 0 0.9542598039600519 0.29897863894620186
usemtl m_d4546cea-d57b-5512-445e-fadb594fe3f1
f 105/481/145 106/482/145 107/483/145 108/484/145
f 106/485/146 109/486/146 110/487/146 107/488/146
f 109/489/147 111/490/147 112/491/147 110/492/147
f 111/493/148 113/494/148 114/495/148 112/496/148
f 113/497/149 115/498/149 116/499/149 114/500/149
f 115/501/150 117/502/150 118/503/150 116/504/150
f 117/505/151 119/506/151 120/507/151 118/508/151
f 119/509/152 105/510/152 108/511/152 120/512/152
f 108/513/153 107/514/153 121/515/153 122/516/153
f 107/517/154 110/518/154 123/519/154 121/520/154
f 110/521/155 112/522/155 124/523/155 123/524/155
f 112/525/156 114/526/156 125/527/156 124/528/156
f 114/529/157 116/530/157 126/531/157 125/532/157
f 116/533/158 118/534/158 127/535/158 126/536/158
f 118/537/159 120/538/159 128/539/159 127/540/159
f 120/541/160 108/542/160 122/543/160 128/544/160
f 122/545/161 121/546/161 129/547/161 130/548/161
f 121/549/162 123/550/162 131/551/162 129/552/162
f 123/553/163 124/554/163 132/555/163 131/556/163
f 124/557/164 125/558/164 133/559/164 132/560/164
f 125/561/165 126/562/165 134/563/165 133/564/165
f 126/565/166 127/566/166 135/567/166 134/568/166
f 127/569/167 128/570/167 136/571/167 135/572/167
f 128/573/168 122/574/168 130/575/168 136/576/168
f 130/577/169 129/578/169 137/579/169 138/580/169
f 129/581/170 131/582/170 139/583/170 137/584/170
f 131/585/171 132/586/171 140/587/171 139/588/171
f 132/589/172 133/590/172 141/591/172 140/592/172
f 133/593/173 134/594/173 142/595/173 141/596/173
f 134/597/174 135/598/174 143/599/174 142/600/174
f 135/601/175 136/602/175 144/603/175 143/604/175
f 136/605/176 130/606/176 138/607/176 144/608/176
f 138/609/177 137/610/177 145/611/177 146/612/177
f 137/613/178 139/614/178 147/615/178 145/616/178
f 139/617/179 140/618/179 148/619/179 147/620/179
f 140/621/180 141/622/180 149/623/180 148/624/180
f 141/625/181 142/626/181 150/627/181 149/628/181
f 142/629/182 143/630/182 151/631/182 150/632/182
f 143/633/183 144/634/183 152/635/183 151/636/183
f 144/637/184 138/638/184 146/639/184 152/640/184
f 146/641/185 145/642/185 153/643/185 154/644/185
f 145/645/186 147/646/186 155/647/186 153/648/186
f 147/649/187 148/650/187 156/651/187 155/652/187
f 148/653/188 149/654/188 157/655/188 156/656/188
f 149/657/189 150/658/189 158/659/189 157/660/189
f 150/661/190 151/662/190 159/663/190 158/664/190
f 151/665/191 152/666/191 160/667/191 159/668/191
f 152/669/192 146/670/192 154/671/192 160/672/192
f 154/673/193 153/674/193 161/675/193 162/676/193
f 153/677/194 155/678/194 163/679/194 161/680/194
f 155/681/195 156/682/195 164/683/195 163/684/195
f 156/685/196 157/686/196 165/687/196 164/688/196
f 157/689/197 158/690/197 166/691/197 165/692/197
f 158/693/198 159/694/198 167/695/198 166/696/198
f 159/697/199 160/698/199 168/699/199 167/700/199
f 160/701/200 154/702/200 162/703/200 168/704/200
f 162/705/201 161/706/201 169/707/201 170/708/201
f 161/709/202 163/710/202 171/711/202 169/712/202
f 163/713/203 164/714/203 172/715/203 171/716/203
f 164/717/204 165/718/204 173/719/204 172/720/204
f 165/721/205 166/722/205 174/723/205 173/724/205
f 166/725/206 167/726/206 175/727/206 174/728/206
f 167/729/207 168/730/207 176/731/207 175/732/207
f 168/733/208 162/734/208 170/735/208 176/736/208
f 170/737/209 169/738/209 177/739/209 178/740/209
f 169/741/210 171/742/210 179/743/210 177/744/210
f 171/745/211 172/746/211 180/747/211 179/748/211
f 172/749/212 173/750/212 181/751/212 180/752/212
f 173/753/213 174/754/213 182/755/213 181/756/213
f 174/757/214 175/758/214 183/759/214 182/760/214
f 175/761/215 176/762/215 184/763/215 183/764/215
f 176/765/216 170/766/216 178/767/216 184/768/216
f 178/769/217 177/770/217 185/771/217 186/772/217
f 177/773/218 179/774/218 187/775/218 185/776/218
f 179/777/219 180/778/219 188/779/219 187/780/219
f 180/781/220 181/782/220 189/783/220 188/784/220
f 181/785/221 182/786/221 190/787/221 189/788/221
f 182/789/222 183/790/222 191/791/222 190/792/222
f 183/793/223 184/794/223 192/795/223 191/796/223
f 184/797/224 178/798/224 186/799/224 192/800/224
f 186/801/225 185/802/225 193/803/225 194/804/225
f 185/805/226 187/806/226 195/807/226 193/808/226
f 187/809/227 188/810/227 196/811/227 195/812/227
f 188/813/228 189/814/228 197/815/228 196/816/228
f 189/817/229 190/818/229 198/819/229 197/820/229
f 190/821/230 191/822/230 199/823/230 198/824/230
f 191/825/231 192/826/231 200/827/231 199/828/231
f 192/829/232 186/830/232 194/831/232 200/832/232
f 194/833/233 193/834/233 106/835/233 105/836/233
f 193/837/234 195/838/234 109/839/234 106/840/234
f 195/841/235 196/842/235 111/843/235 109/844/235
f 196/845/236 197/846/236 113/847/236 111/848/236
f 197/849/237 198/850/237 115/851/237 113/852/237
f 198/853/238 199/854/238 117/855/238 115/856/238
f 199/857/239 200/858/239 119/859/239 117/860/239
f 200/861/240 194/862/240 105/863/240 119/864/240
o torus
v 0.004019237886466842 0.28500000000000036 0.0481595225512603
v 0.0047297454776474845 0.2823483495705509 0.03405392497470262
v 0.012921904951802043 0.28707809504819826 0.03405392497470261
v 0.010980762113533138 0.28901923788646733 0.0481595225512603
v 0.0050240473580835604 0.2812500000000002 -4.8398894631870204e-17
v 0.013725952641916438 0.28627404735808404 -4.951445724262056e-17
v 0.0047297454776474845 0.2823483495705509 -0.0340539249747027
v 0.012921904951802043 0.28707809504819826 -0.03405392497470271
v 0.004019237886466842 0.28500000000000036 -0.04815952255126041
v 0.010980762113533138 0.28901923788646733 -0.04815952255126041
v 0.0033087302952861997 0.28765165042945007 -0.03405392497470272
v 0.009039619275264232 0.2909603807247364 -0.03405392497470272
v 0.003014428414850123 0.2887500000000005 -6.185991019698114e-17
v 0.00823557158514987 0.2917644284148505 -6.252924776343131e-17
v 0.0033087302952861997 0.28765165042945007 0.03405392497470259
v 0.009039619275264232 0.2909603807247364 0.03405392497470259
v 0.017651650429449526 0.2952702545223531 0.03405392497470261
v 0.014999999999999979 0.29598076211353386 0.0481595225512603
v 0.01875 0.294975952641917 -5.144666836346429e-17
v 0.017651650429449526 0.2952702545223531 -0.03405392497470271
v 0.014999999999999979 0.29598076211353386 -0.04815952255126041
v 0.012348349570550431 0.29669126970471427 -0.03405392497470272
v 0.011249999999999993 0.2969855715851504 -6.368857443593757e-17
v 0.012348349570550431 0.29669126970471427 0.03405392497470259
v 0.017651650429449526 0.304729745477648 0.03405392497470261
v 0.014999999999999979 0.30401923788646734 0.0481595225512603
v 0.01875 0.30502404735808386 -5.367779358496487e-17
v 0.017651650429449526 0.304729745477648 -0.03405392497470271
v 0.014999999999999979 0.30401923788646734 -0.04815952255126041
v 0.012348349570550431 0.3033087302952866 -0.03405392497470272
v 0.011249999999999993 0.3030144284148505 -6.50272495688379e-17
v 0.012348349570550431 0.3033087302952866 0.03405392497470259
v 0.012921904951802043 0.3129219049518025 0.03405392497470261
v 0.010980762113533138 0.31098076211353354 0.0481595225512603
v 0.013725952641916438 0.31372595264191694 -5.561000470580863e-17
v 0.012921904951802043 0.3129219049518025 -0.03405392497470271
v 0.010980762113533138 0.31098076211353354 -0.04815952255126041
v 0.009039619275264232 0.30903961927526447 -0.03405392497470272
v 0.00823557158514987 0.30823557158515036 -6.618657624134416e-17
v 0.009039619275264232 0.30903961927526447 0.03405392497470259
v 0.0047297454776474845 0.3176516504294501 0.0340539249747026
v 0.004019237886466842 0.3150000000000004 0.0481595225512603
v 0.0050240473580835604 0.3187500000000004 -5.672556731655892e-17
v 0.0047297454776474845 0.3176516504294501 -0.034053924974702714
v 0.004019237886466842 0.3150000000000004 -0.04815952255126041
v 0.0033087302952861997 0.312348349570551 -0.03405392497470272
v 0.003014428414850123 0.31125000000000036 -6.685591380779432e-17
v 0.0033087302952861997 0.312348349570551 0.03405392497470259
v -0.0047297454776474845 0.3176516504294501 0.0340539249747026
v -0.004019237886466809 0.3150000000000004 0.0481595225512603
v -0.0050240473580835275 0.3187500000000004 -5.672556731655892e-17
v -0.0047297454776474845 0.3176516504294501 -0.034053924974702714
v -0.004019237886466809 0.3150000000000004 -0.04815952255126041
v -0.0033087302952861997 0.312348349570551 -0.03405392497470272
v -0.003014428414850123 0.31125000000000036 -6.685591380779432e-17
v -0.0033087302952861997 0.312348349570551 0.03405392497470259
v -0.012921904951802076 0.3129219049518025 0.03405392497470261
v -0.01098076211353317 0.31098076211353354 0.0481595225512603
v -0.013725952641916438 0.31372595264191694 -5.561000470580863e-17
v -0.012921904951802076 0.3129219049518025 -0.03405392497470271
v -0.01098076211353317 0.31098076211353354 -0.04815952255126041
v -0.009039619275264265 0.30903961927526447 -0.03405392497470272
v -0.00823557158514987 0.30823557158515036 -6.618657624134416e-17
v -0.009039619275264265 0.30903961927526447 0.03405392497470259
v -0.01765165042944956 0.304729745477648 0.03405392497470261
v -0.015000000000000013 0.30401923788646734 0.0481595225512603
v -0.01875 0.30502404735808386 -5.367779358496487e-17
v -0.01765165042944956 0.304729745477648 -0.03405392497470271
v -0.015000000000000013 0.30401923788646734 -0.04815952255126041
v -0.012348349570550431 0.3033087302952866 -0.03405392497470272
v -0.011249999999999993 0.3030144284148505 -6.50272495688379e-17
v -0.012348349570550431 0.3033087302952866 0.03405392497470259
v -0.01765165042944956 0.2952702545223531 0.03405392497470261
v -0.015000000000000013 0.29598076211353386 0.0481595225512603
v -0.01875 0.294975952641917 -5.144666836346429e-17
v -0.01765165042944956 0.2952702545223531 -0.03405392497470271
v -0.015000000000000013 0.29598076211353386 -0.04815952255126041
v -0.012348349570550464 0.29669126970471427 -0.03405392497470272
v -0.011249999999999993 0.2969855715851504 -6.368857443593757e-17
v -0.012348349570550431 0.29669126970471427 0.03405392497470259
v -0.012921904951802076 0.2870780950481985 0.03405392497470261
v -0.01098076211353317 0.28901923788646733 0.0481595225512603
v -0.013725952641916438 0.28627404735808404 -4.951445724262056e-17
v -0.012921904951802076 0.2870780950481985 -0.03405392497470271
v -0.01098076211353317 0.28901923788646733 -0.04815952255126041
v -0.009039619275264265 0.2909603807247364 -0.03405392497470272
v -0.00823557158514987 0.2917644284148505 -6.252924776343131e-17
v -0.009039619275264265 0.2909603807247364 0.03405392497470259
v -0.0047297454776474845 0.2823483495705509 0.03405392497470262
v -0.004019237886466842 0.28500000000000036 0.0481595225512603
v -0.0050240473580835275 0.2812500000000002 -4.8398894631870204e-17
v -0.0047297454776474845 0.2823483495705509 -0.0340539249747027
v -0.004019237886466842 0.28500000000000036 -0.04815952255126041
v -0.0033087302952861997 0.28765165042945007 -0.03405392497470272
v -0.003014428414850123 0.2887500000000005 -6.185991019698114e-17
v -0.0033087302952861997 0.28765165042945007 0.03405392497470259
vt 0.4435872668600233 0.9375788997435858
vt 0.4438290479487734 0.9411624530646796
vt 0.4414649973766863 0.9412060661320532
vt 0.44157791406427394 0.9376148559130199
vt 0.4438290479487734 0.9411624530646796
vt 0.4440562492780217 0.9496786569248981
vt 0.44154497516212265 0.949722976546718
vt 0.44146478007272427 0.9412060701409742
vt 0.4440562492780217 0.9496786569248981
vt 0.44412968822197835 0.958197574423872
vt 0.4417653535906765 0.958237408960261
vt 0.44154497516212265 0.949722976546718
vt 0.44412968822197835 0.958197574423872
vt 0.44401450528450853 0.961787427539379
vt 0.44200513503702066 0.961822394844347
vt 0.4417655709007741 0.9582374052989996
vt 0.17897445235077242 0.5382578453920784
vt 0.1788608124252312 0.5418492112494131
vt 0.1772071750906581 0.5418778126193483
vt 0.17696509232322244 0.5382933951261226
vt 0.1788608124252312 0.5418492112494131
vt 0.17893425139690192 0.5503665694319041
vt 0.17742741885560795 0.5503922463822457
vt 0.17720692641279115 0.5418778169204894
vt 0.17893425139690192 0.5503665694319041
vt 0.17915104828673722 0.5588814847456324
vt 0.17749714786648876 0.5589092449052939
vt 0.17742741885560795 0.5503922463822457
vt 0.17915104828673722 0.5588814847456324
vt 0.17938698295053557 0.562466893730438
vt 0.1773775783058858 0.5624998251434987
vt 0.17749739654652202 0.5589092407312836
vt 0.4410115279007818 0.9143108109547692
vt 0.4446016275611664 0.91419355949393
vt 0.4445605742585806 0.9165580173213722
vt 0.44097668062615936 0.9163202124474673
vt 0.4446016275611664 0.91419355949393
vt 0.4531201243551623 0.9142662449220658
vt 0.4530769335089931 0.9167772484954081
vt 0.44456058028092016 0.9165576704657734
vt 0.4531201243551623 0.9142662449220658
vt 0.46163608177687 0.9144865628569749
vt 0.46159580042906867 0.9168506870033398
vt 0.4530769335089931 0.9167772484954081
vt 0.46163608177687 0.9144865628569749
vt 0.4652200253143145 0.9147272123883937
vt 0.4651857464731225 0.9167366236585056
vt 0.4615957945191046 0.9168510338608715
vt 0.4566286185569811 0.9949887197898971
vt 0.4602202465401584 0.9950988219831451
vt 0.4602498277539714 0.9967533166162135
vt 0.4566662961592618 0.9969965161973826
vt 0.4602202465401584 0.9950988219831451
vt 0.4687386896201321 0.9950248409289956
vt 0.4687646018880148 0.996532693078629
vt 0.46024980330776794 0.9967519493257204
vt 0.4687386896201321 0.9950248409289956
vt 0.47725464480817587 0.9948060877842063
vt 0.4772819063295362 0.9964592545703276
vt 0.4687646018880148 0.996532693078629
vt 0.47725464480817587 0.9948060877842063
vt 0.4808403689860505 0.9945726436094976
vt 0.48087170076412994 0.996580549069251
vt 0.477281928877357 0.9964606218934442
vt 0.4408998550374846 0.9174464995704561
vt 0.4444791069451757 0.9171451019146685
vt 0.4445604633608445 0.9195093275329745
vt 0.44096895962833665 0.9194546859278812
vt 0.4444791069451757 0.9171451019146685
vt 0.4529902920967398 0.9167787387823787
vt 0.4530766997033418 0.9192897525170128
vt 0.4445604633608445 0.9195093275329745
vt 0.4530769335089931 0.9167772484954081
vt 0.46159568350899305 0.9168506859954081
vt 0.46159568350899305 0.9192163109954081
vt 0.4530769335089931 0.9192897484954081
vt 0.4617892497563941 0.9168586185327463
vt 0.4653501449625155 0.9173296918780411
vt 0.4651857287180255 0.9193323289368146
vt 0.46159568350899305 0.9192163109954081
vt 0.4567272257284979 0.995866251957447
vt 0.4603064871224522 0.9961675369377784
vt 0.46024968636624647 0.9978196858232362
vt 0.4566581843556429 0.9978744404892984
vt 0.4603064871224522 0.9961675369377784
vt 0.46881612222556074 0.9965335784497765
vt 0.46876436803937704 0.9980389390599668
vt 0.46024968636624647 0.9978196858232362
vt 0.4687646018880148 0.996532693078629
vt 0.4772817893880148 0.996459255578629
vt 0.4772817893880148 0.998112380578629
vt 0.4687646018880148 0.9980389430786291
vt 0.4771438452703986 0.99646502096821
vt 0.4807039700682379 0.99598816020296
vt 0.48087164127358234 0.9979905273664751
vt 0.4772817893880148 0.998112380578629
vt 0.44097676478373804 0.9197487268395236
vt 0.4445604633608445 0.9195093275329745
vt 0.44460154555533277 0.9218737848585996
vt 0.44101163661174064 0.9217581279062641
vt 0.4445604633608445 0.9195093275329745
vt 0.4530768165889174 0.9192897495033399
vt 0.4531200074350866 0.9218007530766822
vt 0.4446015666682853 0.921875
vt 0.4530768165889174 0.9192897495033399
vt 0.46159568350899305 0.9192163109954081
vt 0.4616359625642596 0.9215819976400912
vt 0.4531200074350866 0.9218007530766822
vt 0.46159568350899305 0.9192163109954081
vt 0.465185495357353 0.9193323213953984
vt 0.4652197496450402 0.9213417330842222
vt 0.4616359418746889 0.9215807824914084
vt 0.45666637393603576 0.9975745745280488
vt 0.46024968636624647 0.9978196858232362
vt 0.4602201329247771 0.9994726271328427
vt 0.45662829923587006 0.9995839174576189
vt 0.46024968636624647 0.9978196858232362
vt 0.46876448494649336 0.9980389420703275
vt 0.46873857267861063 0.9995467942199611
vt 0.46022012959863695 0.9994728131658114
vt 0.46876448494649336 0.9980389420703275
vt 0.4772817893880148 0.998112380578629
vt 0.47725452786665445 0.9997655473647503
vt 0.46873857267861063 0.9995467942199611
vt 0.4772817893880148 0.998112380578629
vt 0.4808714079254762 0.9979905352871963
vt 0.48084041987288895 1
vt 0.47725453093450143 0.9997653613273428
vt 0.4329950822730769 0.5538013749119968
vt 0.4332346464093235 0.5573863644573441
vt 0.4308705290881193 0.5574261953324718
vt 0.43098571202558905 0.5538363422169648
vt 0.4332346464093235 0.5573863644573441
vt 0.43345502483787735 0.5659007968708871
vt 0.4309437507219783 0.565945116492707
vt 0.43087031177802165 0.5574261989937332
vt 0.43345502483787735 0.5659007968708871
vt 0.43353521992727573 0.5744177032766309
vt 0.4311709520512266 0.5744613203529255
vt 0.4309437507219783 0.565945116492707
vt 0.43353521992727573 0.5744177032766309
vt 0.4334223032396881 0.5780089134956641
vt 0.43141295044393874 0.5780448696650982
vt 0.4311711693551886 0.5744613163440044
vt 0.21324982337865417 0.53125
vt 0.21312975856728855 0.5348405761756441
vt 0.2114761049249258 0.5348682186023948
vt 0.21124041647729103 0.5312827934240432
vt 0.21312975856728855 0.5348405761756441
vt 0.21319890270247968 0.5433575794670096
vt 0.21169050709240195 0.543383091946765
vt 0.2114758562446065 0.5348682227593279
vt 0.21319890270247968 0.5433575794670096
vt 0.2134178229950805 0.5518720494964389
vt 0.2117639317289412 0.551900349785317
vt 0.21169050709240195 0.543383091946765
vt 0.2134178229950805 0.5518720494964389
vt 0.2136592439137774 0.5554565116279235
vt 0.21164987735640167 0.5554916903431669
vt 0.21176418040759803 0.5519003455300929
vt 0.43039218374462057 0.5536722671958988
vt 0.43086248649159997 0.5572348383840597
vt 0.42850474528739346 0.5574278100260481
vt 0.42838950528450853 0.5538361783792523
vt 0.43087031177802165 0.5574261989937331
vt 0.43094374927802165 0.5659449489937332
vt 0.4284312492780217 0.5659449489937332
vt 0.42850468677802167 0.5574261989937331
vt 0.43094218467317064 0.5660336038942637
vt 0.4305682042743743 0.5745444577462707
vt 0.42820405241600645 0.5744609854083333
vt 0.4284312492780217 0.5659449489937332
vt 0.4305682042743743 0.5745444577462707
vt 0.43026354821618673 0.578125
vt 0.42825542451086235 0.5780540981330334
vt 0.42820405241600645 0.5744609854083333
vt 0.21235041839193633 0.531346195435555
vt 0.21205107452282754 0.5349256196928416
vt 0.21039889507673662 0.534869714920776
vt 0.21034219271360655 0.5312782431322691
vt 0.21205107452282754 0.5349256196928416
vt 0.2116895950792848 0.5434370136586266
vt 0.21018420662367832 0.5433860758511869
vt 0.21039889507673662 0.534869714920776
vt 0.21169050709240195 0.543383091946765
vt 0.21176394459240194 0.551901841946765
vt 0.21011081959240194 0.551901841946765
vt 0.21018425709240196 0.543383091946765
vt 0.21175846715490593 0.5517673808914378
vt 0.21222780024106522 0.5553285058850124
vt 0.21022508307151877 0.5554919434248524
vt 0.21011081959240194 0.551901841946765
vt 0.42838950528450853 0.5538361783792523
vt 0.42850468822197835 0.5574260314947592
vt 0.4261405709007741 0.5573862006196316
vt 0.42638013503702066 0.5538012110742843
vt 0.42850468822197835 0.5574260314947593
vt 0.4284312492780217 0.5659449489937332
vt 0.42591997516212265 0.5659006293719132
vt 0.42614035359067653 0.5573861969583702
vt 0.4284312492780217 0.5659449489937332
vt 0.4282040479487734 0.5744611528539516
vt 0.42583978007272427 0.574417535777657
vt 0.42591997516212265 0.5659006293719132
vt 0.4282040479487734 0.5744611528539516
vt 0.4279622668600233 0.5780447061750456
vt 0.4259529140642739 0.5780087500056115
vt 0.42583999737668626 0.5744175397865781
vt 0.21063458352437137 0.5312842897424244
vt 0.21039889507673662 0.534869714920776
vt 0.20874524143437387 0.5348420724940253
vt 0.20862517662300822 0.5312514963183812
vt 0.21039889507673662 0.534869714920776
vt 0.2101842442289412 0.543384584108213
vt 0.20867584861886346 0.5433590716284578
vt 0.20874499275405456 0.5348420683370922
vt 0.2101842442289412 0.5433845841082131
vt 0.21011081959240194 0.551901841946765
vt 0.2084569283262626 0.551873541657887
vt 0.20867584861886346 0.5433590716284578
vt 0.21011081959240194 0.551901841946765
vt 0.21022512264359833 0.5554931867598389
vt 0.2082157560862226 0.5554580080445957
vt 0.20845717700491947 0.551873545913111
vt 0.09023780393814584 0.5623843430476645
vt 0.08664789499455372 0.5625
vt 0.08668897718904198 0.5601355426743748
vt 0.09027267576614847 0.5603749419809239
vt 0.08664789499455372 0.5625
vt 0.07812945422775239 0.5624257530766822
vt 0.07817264507392162 0.5599147495033399
vt 0.08668899830199453 0.5601343275329745
vt 0.07812945422775239 0.5624257530766822
vt 0.06961349909857945 0.5622069976400912
vt 0.06965377815384598 0.5598413109954081
vt 0.07817264507392162 0.5599147495033399
vt 0.06961349909857945 0.5622069976400912
vt 0.06602969132822818 0.561967948232905
vt 0.06606394561591541 0.5599585365440813
vt 0.06965375746427534 0.5598425261440909
vt 0.3246216465602815 0.5620839174531802
vt 0.32102981287137444 0.561972627128404
vt 0.32100025942990507 0.5603196858187975
vt 0.32458357186011577 0.56007457452361
vt 0.32102981287137444 0.561972627128404
vt 0.3125113697914007 0.5620466081825536
vt 0.31248545752351803 0.56053875603292
vt 0.3210002561037649 0.5603194997858287
vt 0.3125113697914007 0.5620466081825536
vt 0.30399541460335694 0.5622653613273428
vt 0.3039681530819966 0.5606121945412216
vt 0.31248545752351803 0.56053875603292
vt 0.30399541460335694 0.5622653613273428
vt 0.3004095256649694 0.5625
vt 0.30037853761238215 0.5604905352871963
vt 0.3039681561498436 0.560612380578629
vt 0.09034972354543012 0.5592454984282919
vt 0.08677047163773899 0.5595468960840795
vt 0.08668911522207018 0.5571826704657734
vt 0.09028061895457803 0.5572373120708667
vt 0.08677047163773899 0.5595468960840795
vt 0.07825928648617489 0.5599132592163691
vt 0.07817287887957289 0.5574022454817351
vt 0.08668911522207018 0.5571826704657734
vt 0.07817264507392162 0.5599147495033399
vt 0.06965389507392161 0.5598413120033399
vt 0.06965389507392161 0.5574756870033398
vt 0.07817264507392162 0.5574022495033398
vt 0.06946138166099135 0.559833465666927
vt 0.06590027645456988 0.5593639824676292
vt 0.06606379841561898 0.5573612721893114
vt 0.06965389507392161 0.5574756870033398
vt 0.3245228336830349 0.5612051971541021
vt 0.3209435722890806 0.5609039121737707
vt 0.32100037304528634 0.5592517632883129
vt 0.32459187505588993 0.5591970086222506
vt 0.3209435722890806 0.5609039121737707
vt 0.3124339371859721 0.5605378706617726
vt 0.31248569137215576 0.5590325100515824
vt 0.32100037304528634 0.5592517632883129
vt 0.31248545752351803 0.56053875603292
vt 0.30396827002351806 0.56061219353292
vt 0.30396827002351806 0.5589590685329201
vt 0.31248545752351803 0.5590325060329201
vt 0.3041053325021833 0.5606065017311309
vt 0.3005449530120848 0.5610814571523137
vt 0.3003783534397185 0.5590790005427683
vt 0.30396827002351806 0.5589590685329201
vt 0.09027300885449142 0.5569448655918685
vt 0.08668911522207018 0.5571826704657734
vt 0.08664806191948438 0.5548182126383312
vt 0.09023816157986897 0.5549354640991704
vt 0.08668911522207018 0.5571826704657734
vt 0.07817276199399725 0.5574022484954081
vt 0.07812957114782804 0.5548912449220658
vt 0.0866480679418239 0.5548185594939299
vt 0.07817276199399725 0.5574022484954081
vt 0.06965389507392161 0.5574756870033398
vt 0.06961361372612032 0.5551115628569749
vt 0.07812957114782804 0.5548912449220658
vt 0.06965389507392161 0.5574756870033398
vt 0.0660639431199037 0.5573612768009738
vt 0.06602966427871167 0.5553518655308619
vt 0.0696136078161562 0.5551112159994431
vt 0.3245839046399959 0.5594949628694821
vt 0.32100037304528634 0.5592517632883129
vt 0.32102995425909936 0.5575972686552446
vt 0.3246215822422766 0.5574871664619966
vt 0.32100037304528634 0.5592517632883129
vt 0.3124855744650395 0.5590325070412216
vt 0.3125114867329222 0.5575246548915881
vt 0.3210299298128959 0.5575986359457377
vt 0.3124855744650395 0.5590325070412216
vt 0.30396827002351806 0.5589590685329201
vt 0.3039955315448784 0.5573059017467988
vt 0.3125114867329222 0.5575246548915881
vt 0.30396827002351806 0.5589590685329201
vt 0.3003784981367451 0.5590789957087269
vt 0.3004098299148245 0.5570710902489735
vt 0.3039955540926991 0.5573045344236822
vt 0.44904730323968806 0.9376150274209148
vt 0.44916021992727573 0.9412062376399482
vt 0.44679616935518857 0.9411626245725746
vt 0.4470379504439387 0.9375790712514808
vt 0.44916021992727573 0.9412062376399482
vt 0.44908002483787735 0.9497231440456919
vt 0.4465687507219783 0.949678824423872
vt 0.4467959520512266 0.9411626205636534
vt 0.44908002483787735 0.9497231440456919
vt 0.4488596464093235 0.9582375764592348
vt 0.44649531177802165 0.9581977419228458
vt 0.4465687507219783 0.949678824423872
vt 0.4488596464093235 0.9582375764592348
vt 0.448620082273077 0.9618225660045822
vt 0.44661071202558905 0.9617875986996142
vt 0.4464955290881193 0.9581977455841071
vt 0.18240990767677756 0.5382935701097549
vt 0.18216782490934194 0.5418779876029804
vt 0.1805141875747688 0.5418493862330453
vt 0.18040054764922758 0.5382580203757106
vt 0.18216782490934194 0.5418779876029804
vt 0.18194733246652514 0.5503924170647367
vt 0.1804404999252312 0.5503667401143951
vt 0.1805139388969019 0.5418493819319041
vt 0.18194733246652514 0.5503924170647367
vt 0.18187760345564433 0.558909415587785
vt 0.18022370303539587 0.5588816554281233
vt 0.1804404999252312 0.5503667401143951
vt 0.18187760345564433 0.558909415587785
vt 0.18199742169628058 0.5625
vt 0.1799880170516308 0.5624670685869393
vt 0.18022395171542913 0.5588816596021338
vt 0.44588859888259835 0.9375
vt 0.44619319980714134 0.9410789807267422
vt 0.4438290479487734 0.9411624530646796
vt 0.44388047517727397 0.9375709018669666
vt 0.44619319980714134 0.9410789807267422
vt 0.4465671802059376 0.9495898345787492
vt 0.44405624481078865 0.9496784894792798
vt 0.4438290479487734 0.9411624530646796
vt 0.4465687507219783 0.949678824423872
vt 0.44649531322197833 0.958197574423872
vt 0.44412968822197835 0.958197574423872
vt 0.44405625072197835 0.949678824423872
vt 0.4464874252646475 0.9583905969050768
vt 0.44601717319086254 0.9619516006614249
vt 0.4440144982655834 0.961787646294959
vt 0.44412968822197835 0.958197574423872
vt 0.1809771996640962 0.5384209131375077
vt 0.18050852412970697 0.5419821247303634
vt 0.17886085176773453 0.5418479679071408
vt 0.17897445235077242 0.5382578453920784
vt 0.1805139388969019 0.5418493819319041
vt 0.1804405013969019 0.5503665694319042
vt 0.17893425139690192 0.5503665694319042
vt 0.17886081389690192 0.5418493819319041
vt 0.180439626900821 0.5503152502863504
vt 0.18080320917374382 0.5588249908174934
vt 0.17915104394226417 0.558881314112095
vt 0.17893425139690192 0.5503665694319041
vt 0.18080320917374382 0.5588249908174934
vt 0.1811034597605054 0.5624043391311917
vt 0.17909525136004903 0.5624728001490154
vt 0.17915104394226417 0.558881314112095
vn 0.49139280997761386 -0.8511173133552844 0.18474962844127005
vn 0.49974013478407725 -0.8655753040272928 0.03223648157061084
vn 0.49974013478404833 -0.8655753040273094 -0.03223648157061114
vn 0.49139280997763457 -0.8511173133552727 -0.18474962844126852
vn -0.4913928099776382 0.8511173133552679 -0.18474962844128145
vn -0.49974013478403995 0.8655753040273145 -0.03223648157060559
vn -0.49974013478407414 0.8655753040272945 0.03223648157060524
vn -0.49139280997763335 0.8511173133552707 0.18474962844128143
vn 0.8511173133552861 -0.491392809977608 0.18474962844127868
vn 0.8655753040273062 -0.4997401347840546 0.03223648157060324
vn 0.8655753040273125 -0.49974013478404317 -0.032236481570603125
vn 0.851117313355285 -0.49139280997761003 -0.18474962844127862
vn -0.8511173133552707 0.49139280997763407 -0.18474962844128018
vn -0.8655753040273109 0.49974013478404633 -0.03223648157060069
vn -0.8655753040272971 0.4997401347840701 0.03223648157060093
vn -0.8511173133552848 0.4913928099776099 0.18474962844127857
vn 0.982785619955243 0 0.1847496284412734
vn 0.9994802695681131 1.979309096969525e-17 0.0322364815706062
vn 0.9994802695681131 0 -0.032236481570606206
vn 0.9827856199552432 0 -0.18474962844127324
vn -0.9827856199552432 0 -0.18474962844127343
vn -0.9994802695681132 0 -0.032236481570605185
vn -0.9994802695681131 0 0.032236481570605185
vn -0.9827856199552432 0 0.18474962844127318
vn 0.8511173133552782 0.4913928099776236 0.18474962844127285
vn 0.865575304027309 0.49974013478404966 0.032236481570603596
vn 0.8655753040273036 0.4997401347840585 -0.03223648157060351
vn 0.8511173133552756 0.4913928099776282 -0.18474962844127238
vn -0.8511173133552714 -0.4913928099776345 -0.18474962844127593
vn -0.8655753040273106 -0.4997401347840463 -0.032236481570606004
vn -0.865575304027297 -0.49974013478407 0.032236481570605775
vn -0.8511173133552751 -0.49139280997762796 0.18474962844127607
vn 0.49139280997763024 0.8511173133552733 0.18474962844127757
vn 0.49974013478405244 0.8655753040273071 0.03223648157060695
vn 0.499740134784066 0.8655753040272994 -0.0322364815706071
vn 0.49139280997762363 0.8511173133552774 -0.18474962844127704
vn -0.49139280997766244 -0.8511173133552529 -0.18474962844128587
vn -0.49974013478404006 -0.8655753040273148 -0.0322364815705979
vn -0.49974013478409945 -0.8655753040272803 0.03223648157059848
vn -0.491392809977623 -0.8511173133552764 0.1847496284412834
vn 0 0.982785619955241 0.18474962844128384
vn 0 0.9994802695681132 0.032236481570601924
vn 0 0.9994802695681133 -0.03223648157060193
vn 0 0.982785619955241 -0.18474962844128384
vn 0 -0.9827856199552454 -0.18474962844126153
vn 0 -0.9994802695681131 -0.0322364815706117
vn 0 -0.9994802695681131 0.032236481570611694
vn 0 -0.9827856199552455 0.18474962844126128
vn -0.4913928099776283 0.8511173133552734 0.18474962844128304
vn -0.49974013478405105 0.865575304027308 0.03223648157060216
vn -0.4997401347840646 0.8655753040273004 -0.032236481570602035
vn -0.4913928099776195 0.8511173133552782 -0.1847496284412835
vn 0.4913928099776629 -0.8511173133552585 -0.18474962844125964
vn 0.4997401347840397 -0.8655753040273142 -0.03223648157061123
vn 0.4997401347840971 -0.8655753040272811 0.03223648157061065
vn 0.49139280997762147 -0.8511173133552818 0.18474962844126167
vn -0.8511173133552777 0.49139280997762336 0.18474962844127582
vn -0.8655753040273088 0.49974013478404955 0.032236481570605595
vn -0.8655753040273035 0.49974013478405865 -0.0322364815706057
vn -0.851117313355275 0.491392809977628 -0.1847496284412759
vn 0.8511173133552729 -0.49139280997763046 -0.18474962844127996
vn 0.865575304027311 -0.49974013478404644 -0.032236481570601536
vn 0.8655753040272992 -0.49974013478406626 0.03223648157060172
vn 0.8511173133552744 -0.4913928099776277 0.18474962844127957
vn -0.982785619955243 0 0.18474962844127343
vn -0.9994802695681131 3.958618193939049e-17 0.03223648157060518
vn -0.9994802695681131 0 -0.032236481570605185
vn -0.9827856199552432 0 -0.18474962844127327
vn 0.9827856199552427 -4.922835473192976e-15 -0.18474962844127601
vn 0.9994802695681132 0 -0.032236481570605185
vn 0.9994802695681131 0 0.032236481570605185
vn 0.9827856199552428 0 0.18474962844127554
vn -0.8511173133552805 -0.4913928099776183 0.18474962844127688
vn -0.8655753040273061 -0.49974013478405444 0.032236481570605935
vn -0.8655753040273066 -0.49974013478405366 -0.03223648157060594
vn -0.8511173133552851 -0.49139280997761037 -0.18474962844127713
vn 0.851117313355273 0.49139280997763557 -0.18474962844126486
vn 0.8655753040273106 0.49974013478404616 -0.032236481570606844
vn 0.8655753040272992 0.4997401347840662 0.03223648157060582
vn 0.8511173133552866 0.4913928099776112 0.18474962844126785
vn -0.49139280997762963 -0.8511173133552752 0.18474962844127105
vn -0.49974013478407586 -0.8655753040272937 0.032236481570606705
vn -0.4997401347840645 -0.8655753040273003 -0.032236481570606594
vn -0.4913928099776327 -0.8511173133552735 -0.18474962844127102
vn 0.4913928099776358 0.8511173133552686 -0.1847496284412844
vn 0.49974013478403995 0.8655753040273145 -0.03223648157059837
vn 0.4997401347840722 0.865575304027296 0.0322364815705987
vn 0.4913928099776314 0.8511173133552713 0.18474962844128387
vn 0 -0.9827856199552438 0.18474962844126908
vn 0 -0.9994802695681131 0.032236481570611694
vn 0 -0.999480269568113 -0.0322364815706117
vn 0 -0.9827856199552439 -0.18474962844126877
vn 0 0.982785619955241 -0.18474962844128387
vn 0 0.9994802695681132 -0.032236481570605185
vn 0 0.9994802695681131 0.03223648157060519
vn 0 0.9827856199552412 0.18474962844128368
usemtl m_d4546cea-d57b-5512-445e-fadb594fe3f1
f 201/865/241 202/866/241 203/867/241 204/868/241
f 202/869/242 205/870/242 206/871/242 203/872/242
f 205/873/243 207/874/243 208/875/243 206/876/243
f 207/877/244 209/878/244 210/879/244 208/880/244
f 209/881/245 211/882/245 212/883/245 210/884/245
f 211/885/246 213/886/246 214/887/246 212/888/246
f 213/889/247 215/890/247 216/891/247 214/892/247
f 215/893/248 201/894/248 204/895/248 216/896/248
f 204/897/249 203/898/249 217/899/249 218/900/249
f 203/901/250 206/902/250 219/903/250 217/904/250
f 206/905/251 208/906/251 220/907/251 219/908/251
f 208/909/252 210/910/252 221/911/252 220/912/252
f 210/913/253 212/914/253 222/915/253 221/916/253
f 212/917/254 214/918/254 223/919/254 222/920/254
f 214/921/255 216/922/255 224/923/255 223/924/255
f 216/925/256 204/926/256 218/927/256 224/928/256
f 218/929/257 217/930/257 225/931/257 226/932/257
f 217/933/258 219/934/258 227/935/258 225/936/258
f 219/937/259 220/938/259 228/939/259 227/940/259
f 220/941/260 221/942/260 229/943/260 228/944/260
f 221/945/261 222/946/261 230/947/261 229/948/261
f 222/949/262 223/950/262 231/951/262 230/952/262
f 223/953/263 224/954/263 232/955/263 231/956/263
f 224/957/264 218/958/264 226/959/264 232/960/264
f 226/961/265 225/962/265 233/963/265 234/964/265
f 225/965/266 227/966/266 235/967/266 233/968/266
f 227/969/267 228/970/267 236/971/267 235/972/267
f 228/973/268 229/974/268 237/975/268 236/976/268
f 229/977/269 230/978/269 238/979/269 237/980/269
f 230/981/270 231/982/270 239/983/270 238/984/270
f 231/985/271 232/986/271 240/987/271 239/988/271
f 232/989/272 226/990/272 234/991/272 240/992/272
f 234/993/273 233/994/273 241/995/273 242/996/273
f 233/997/274 235/998/274 243/999/274 241/1000/274
f 235/1001/275 236/1002/275 244/1003/275 243/1004/275
f 236/1005/276 237/1006/276 245/1007/276 244/1008/276
f 237/1009/277 238/1010/277 246/1011/277 245/1012/277
f 238/1013/278 239/1014/278 247/1015/278 246/1016/278
f 239/1017/279 240/1018/279 248/1019/279 247/1020/279
f 240/1021/280 234/1022/280 242/1023/280 248/1024/280
f 242/1025/281 241/1026/281 249/1027/281 250/1028/281
f 241/1029/282 243/1030/282 251/1031/282 249/1032/282
f 243/1033/283 244/1034/283 252/1035/283 251/1036/283
f 244/1037/284 245/1038/284 253/1039/284 252/1040/284
f 245/1041/285 246/1042/285 254/1043/285 253/1044/285
f 246/1045/286 247/1046/286 255/1047/286 254/1048/286
f 247/1049/287 248/1050/287 256/1051/287 255/1052/287
f 248/1053/288 242/1054/288 250/1055/288 256/1056/288
f 250/1057/289 249/1058/289 257/1059/289 258/1060/289
f 249/1061/290 251/1062/290 259/1063/290 257/1064/290
f 251/1065/291 252/1066/291 260/1067/291 259/1068/291
f 252/1069/292 253/1070/292 261/1071/292 260/1072/292
f 253/1073/293 254/1074/293 262/1075/293 261/1076/293
f 254/1077/294 255/1078/294 263/1079/294 262/1080/294
f 255/1081/295 256/1082/295 264/1083/295 263/1084/295
f 256/1085/296 250/1086/296 258/1087/296 264/1088/296
f 258/1089/297 257/1090/297 265/1091/297 266/1092/297
f 257/1093/298 259/1094/298 267/1095/298 265/1096/298
f 259/1097/299 260/1098/299 268/1099/299 267/1100/299
f 260/1101/300 261/1102/300 269/1103/300 268/1104/300
f 261/1105/301 262/1106/301 270/1107/301 269/1108/301
f 262/1109/302 263/1110/302 271/1111/302 270/1112/302
f 263/1113/303 264/1114/303 272/1115/303 271/1116/303
f 264/1117/304 258/1118/304 266/1119/304 272/1120/304
f 266/1121/305 265/1122/305 273/1123/305 274/1124/305
f 265/1125/306 267/1126/306 275/1127/306 273/1128/306
f 267/1129/307 268/1130/307 276/1131/307 275/1132/307
f 268/1133/308 269/1134/308 277/1135/308 276/1136/308
f 269/1137/309 270/1138/309 278/1139/309 277/1140/309
f 270/1141/310 271/1142/310 279/1143/310 278/1144/310
f 271/1145/311 272/1146/311 280/1147/311 279/1148/311
f 272/1149/312 266/1150/312 274/1151/312 280/1152/312
f 274/1153/313 273/1154/313 281/1155/313 282/1156/313
f 273/1157/314 275/1158/314 283/1159/314 281/1160/314
f 275/1161/315 276/1162/315 284/1163/315 283/1164/315
f 276/1165/316 277/1166/316 285/1167/316 284/1168/316
f 277/1169/317 278/1170/317 286/1171/317 285/1172/317
f 278/1173/318 279/1174/318 287/1175/318 286/1176/318
f 279/1177/319 280/1178/319 288/1179/319 287/1180/319
f 280/1181/320 274/1182/320 282/1183/320 288/1184/320
f 282/1185/321 281/1186/321 289/1187/321 290/1188/321
f 281/1189/322 283/1190/322 291/1191/322 289/1192/322
f 283/1193/323 284/1194/323 292/1195/323 291/1196/323
f 284/1197/324 285/1198/324 293/1199/324 292/1200/324
f 285/1201/325 286/1202/325 294/1203/325 293/1204/325
f 286/1205/326 287/1206/326 295/1207/326 294/1208/326
f 287/1209/327 288/1210/327 296/1211/327 295/1212/327
f 288/1213/328 282/1214/328 290/1215/328 296/1216/328
f 290/1217/329 289/1218/329 202/1219/329 201/1220/329
f 289/1221/330 291/1222/330 205/1223/330 202/1224/330
f 291/1225/331 292/1226/331 207/1227/331 205/1228/331
f 292/1229/332 293/1230/332 209/1231/332 207/1232/332
f 293/1233/333 294/1234/333 211/1235/333 209/1236/333
f 294/1237/334 295/1238/334 213/1239/334 211/1240/334
f 295/1241/335 296/1242/335 215/1243/335 213/1244/335
f 296/1245/336 290/1246/336 201/1247/336 215/1248/336
o cuboid
v 0.08124999999999999 1.1124999999999932 -0.012499999999999956
v 0.08124999999999999 1.1124999999999932 0.012499999999999956
v 0.08124999999999999 0.2750000000000008 0.012499999999999956
v 0.08124999999999999 0.2750000000000008 -0.012499999999999956
v -0.08124999999999999 0.2750000000000008 0.012499999999999956
v -0.06874999999999998 1.3374999999999964 0.006249999999999955
v -0.06874999999999998 1.3374999999999964 -0.006249999999999955
v -0.08124999999999999 0.2750000000000008 -0.012499999999999956
vt 0.0109375 0.6511453125
vt 0.0046875 0.6511453125
vt 0.0046875 0.4417703125
vt 0.0109375 0.4417703125
vt 0.203125 0.6718332740383847
vt 0.203125 0.9374816192625033
vt 0.1906249459432907 0.9375
vt 0.1875 0.6718700355133781
vt 0.0062499999999999995 0.71875
vt 0.0046875 0.6511453125
vt 0.0109375 0.6511453125
vt 0.009375000000000001 0.71875
vt 0.15625 0.640625
vt 0.15625 0.65625
vt 0.109375 0.65625
vt 0.109375 0.640625
vt 0.1332706911458792 0.9594136239314605
vt 0.34263183343268216 0.9618225086038898
vt 0.39844629092229766 1
vt 0.13280370907770234 1
vt 0.16567578125 0.9375
vt 0.12814296875 0.88125
vt 0.12814296875 0.671875
vt 0.16873203125 0.671875
vn 1 0 0
vn -0.9999308030307444 0.011763891800361758 0
vn 0.8320502943378474 0.5547001962252236 0
vn 0 -1 0
vn -0.04163054471218135 0 0.999133073092352
vn -0.04163054471218135 0 -0.999133073092352
usemtl m_d4546cea-d57b-5512-445e-fadb594fe3f1
f 297/1249/337 298/1250/337 299/1251/337 300/1252/337
f 301/1253/338 302/1254/338 303/1255/338 304/1256/338
f 302/1257/339 298/1258/339 297/1259/339 303/1260/339
f 300/1261/340 299/1262/340 301/1263/340 304/1264/340
f 299/1265/341 298/1266/341 302/1267/341 301/1268/341
f 303/1269/342 297/1270/342 300/1271/342 304/1272/342
o cuboid
v 0.09375000000000008 1.117410714285707 -0.006249999999999955
v 0.09375000000000008 1.117410714285707 0.006249999999999955
v 0.09375000000000008 0.2500000000000009 0.006249999999999955
v 0.09375000000000008 0.2500000000000009 -0.006249999999999955
v -0.06875000000000003 0.2500000000000009 0.006249999999999955
v -0.06875000000000003 1.337499999999996 0.006249999999999955
v -0.06875000000000003 1.337499999999996 -0.006249999999999955
v -0.06875000000000003 0.2500000000000009 -0.006249999999999955
vt 0.265625 0.9375
vt 0.25 0.9375
vt 0.25 0.71875
vt 0.265625 0.71875
vt 0.234375 0.671875
vt 0.234375 0.9375
vt 0.21875 0.9375
vt 0.21875 0.671875
vt 0.328125 0.703125
vt 0.328125 0.640625
vt 0.34375 0.640625
vt 0.34375 0.703125
vt 0.265625 0.640625
vt 0.265625 0.65625
vt 0.21875 0.65625
vt 0.21875 0.640625
vt 0.046875 0.734375
vt 0.046875 0.944978125
vt 0 1
vt 0 0.734375
vt 0.109375 1
vt 0.0625 0.944978125
vt 0.0625 0.734375
vt 0.109375 0.734375
vn 1 0 0
vn -1 0 0
vn 0.8044812513321635 0.593978043579926 0
vn 0 -1 0
vn 0 0 1
vn 0 0 -1
usemtl m_d4546cea-d57b-5512-445e-fadb594fe3f1
f 305/1273/343 306/1274/343 307/1275/343 308/1276/343
f 309/1277/344 310/1278/344 311/1279/344 312/1280/344
f 310/1281/345 306/1282/345 305/1283/345 311/1284/345
f 308/1285/346 307/1286/346 309/1287/346 312/1288/346
f 307/1289/347 306/1290/347 310/1291/347 309/1292/347
f 311/1293/348 305/1294/348 308/1295/348 312/1296/348
o pyramid
v 0.006249999999999983 0.22500000000000064 0.018749999999999958
v 0.006249999999999983 0.21250000000000063 0.01874999999999996
v -0.006249999999999983 0.21250000000000063 0.01874999999999996
v -0.006249999999999983 0.22500000000000064 0.018749999999999958
v 0 0.21875000000000072 0.03124999999999999
vt 0.390625 0.828125
vt 0.390625 0.8125
vt 0.40625 0.8125
vt 0.40625 0.828125
vt 0.5 0.49687499999999996
vt 0.5 0.5
vt 0.49650625 0.4984375
vt 0.459375 0.484375
vt 0.4625 0.484375
vt 0.4609375 0.48786874999999996
vt 0.321875 0.484375
vt 0.31875 0.484375
vt 0.3203125 0.48088125000000004
vt 0.03125 0.484375
vt 0.03125 0.48124999999999996
vt 0.03474375 0.4828125
vn 0 -2.775557561562889e-16 -1
vn 0.894427190999917 1.2412670766236304e-16 0.44721359549995615
vn 0 -0.8944271909999137 0.44721359549996226
vn 0 0.8944271909999187 0.4472135954999527
vn -0.894427190999917 1.2412670766236304e-16 0.44721359549995615
usemtl m_d4546cea-d57b-5512-445e-fadb594fe3f1
f 313/1297/349 314/1298/349 315/1299/349 316/1300/349
f 314/1301/350 313/1302/350 317/1303/350
f 315/1304/351 314/1305/351 317/1306/351
f 313/1307/352 316/1308/352 317/1309/352
f 316/1310/353 315/1311/353 317/1312/353
o pyramid
v 0.006249999999999983 0.17500000000000038 0.018749999999999968
v 0.006249999999999983 0.16250000000000037 0.01874999999999997
v -0.006249999999999983 0.16250000000000037 0.01874999999999997
v -0.006249999999999983 0.17500000000000038 0.018749999999999968
v 0 0.16875000000000057 0.03125
vt 0.390625 0.65625
vt 0.390625 0.640625
vt 0.40625 0.640625
vt 0.40625 0.65625
vt 0.53125 0.934375
vt 0.53125 0.9375
vt 0.52775625 0.9359375
vt 0.521875 0.609375
vt 0.525 0.609375
vt 0.5234375 0.6128687500000001
vt 0.525 0.65625
vt 0.521875 0.65625
vt 0.5234375 0.6527562499999999
vt 0.515625 0.90625
vt 0.515625 0.903125
vt 0.51911875 0.9046875
vn 0 -2.775557561562889e-16 -1
vn 0.894427190999917 1.2412670766236304e-16 0.44721359549995615
vn 0 -0.8944271909999105 0.44721359549996864
vn 0 0.8944271909999217 0.4472135954999462
vn -0.894427190999917 1.2412670766236304e-16 0.44721359549995615
usemtl m_d4546cea-d57b-5512-445e-fadb594fe3f1
f 318/1313/354 319/1314/354 320/1315/354 321/1316/354
f 319/1317/355 318/1318/355 322/1319/355
f 320/1320/356 319/1321/356 322/1322/356
f 318/1323/357 321/1324/357 322/1325/357
f 321/1326/358 320/1327/358 322/1328/358
o pyramid
v 0.006249999999999983 0.12500000000000036 0.01874999999999998
v 0.006249999999999983 0.11250000000000035 0.018749999999999982
v -0.006249999999999983 0.11250000000000035 0.018749999999999982
v -0.006249999999999983 0.12500000000000036 0.01874999999999998
v 0 0.11875000000000052 0.031250000000000014
vt 0.359375 0.609375
vt 0.359375 0.59375
vt 0.375 0.59375
vt 0.375 0.609375
vt 0.171875 0.48124999999999996
vt 0.171875 0.484375
vt 0.16838125 0.4828125
vt 0.5375 0.984375
vt 0.540625 0.984375
vt 0.5390625 0.98786875
vt 0.4 0.5
vt 0.396875 0.5
vt 0.3984375 0.4965046875
vt 0.515625 0.875
vt 0.515625 0.871875
vt 0.51911875 0.8734375
vn 0 -2.775557561562889e-16 -1
vn 0.894427190999917 1.2412670766236301e-16 0.44721359549995604
vn 0 -0.8944271909999114 0.44721359549996686
vn 0 0.8944271909999211 0.4472135954999477
vn -0.894427190999917 1.2412670766236301e-16 0.44721359549995604
usemtl m_d4546cea-d57b-5512-445e-fadb594fe3f1
f 323/1329/359 324/1330/359 325/1331/359 326/1332/359
f 324/1333/360 323/1334/360 327/1335/360
f 325/1336/361 324/1337/361 327/1338/361
f 323/1339/362 326/1340/362 327/1341/362
f 326/1342/363 325/1343/363 327/1344/363
o pyramid
v 0.006249999999999983 0.16249999999999937 -0.018749999999999996
v 0.006249999999999983 0.17499999999999938 -0.018749999999999992
v -0.006249999999999983 0.17499999999999938 -0.018749999999999992
v -0.006249999999999983 0.16249999999999937 -0.018749999999999996
v 0 0.1687499999999993 -0.031249999999999993
vt 0.40625 0.609375
vt 0.40625 0.625
vt 0.390625 0.625
vt 0.390625 0.609375
vt 0.1875 0.484375
vt 0.1875 0.48124999999999996
vt 0.19099375 0.4828125
vt 0.525 0.515625
vt 0.521875 0.515625
vt 0.5234375 0.5121312499999999
vt 0.521875 0.578125
vt 0.525 0.578125
vt 0.5234375 0.5816187500000001
vt 0.53125 0.840625
vt 0.53125 0.84375
vt 0.52775625 0.8421875
vn 0 -2.775557561562889e-16 1
vn 0.8944271909999164 1.2412670766236329e-16 -0.44721359549995704
vn 0 0.8944271909999134 -0.447213595499963
vn 0 -0.8944271909999181 -0.4472135954999536
vn -0.8944271909999164 1.2412670766236326e-16 -0.44721359549995693
usemtl m_d4546cea-d57b-5512-445e-fadb594fe3f1
f 328/1345/364 329/1346/364 330/1347/364 331/1348/364
f 329/1349/365 328/1350/365 332/1351/365
f 330/1352/366 329/1353/366 332/1354/366
f 328/1355/367 331/1356/367 332/1357/367
f 331/1358/368 330/1359/368 332/1360/368
o pyramid
v 0.006249999999999983 0.21249999999999958 -0.018749999999999985
v 0.006249999999999983 0.2249999999999996 -0.018749999999999982
v -0.006249999999999983 0.2249999999999996 -0.018749999999999982
v -0.006249999999999983 0.21249999999999958 -0.018749999999999985
v 0 0.2187499999999995 -0.031249999999999983
vt 0.078125 0.578125
vt 0.078125 0.59375
vt 0.0625 0.59375
vt 0.0625 0.578125
vt 0.515625 0.8125
vt 0.515625 0.809375
vt 0.51911875 0.8109375
vt 0.525 0.484375
vt 0.521875 0.484375
vt 0.5234375 0.48088125000000004
vt 0.50625 0.53125
vt 0.509375 0.53125
vt 0.5078125 0.5347437500000001
vt 0.53125 0.778125
vt 0.53125 0.78125
vt 0.52775625 0.7796875
vn 0 -2.775557561562889e-16 1
vn 0.8944271909999164 1.2412670766236329e-16 -0.44721359549995704
vn 0 0.8944271909999134 -0.447213595499963
vn 0 -0.8944271909999181 -0.4472135954999536
vn -0.8944271909999164 1.2412670766236326e-16 -0.44721359549995693
usemtl m_d4546cea-d57b-5512-445e-fadb594fe3f1
f 333/1361/369 334/1362/369 335/1363/369 336/1364/369
f 334/1365/370 333/1366/370 337/1367/370
f 335/1368/371 334/1369/371 337/1370/371
f 333/1371/372 336/1372/372 337/1373/372
f 336/1374/373 335/1375/373 337/1376/373
o pyramid
v 0.006249999999999983 0.11249999999999938 -0.018750000000000006
v 0.006249999999999983 0.12499999999999936 -0.018750000000000003
v -0.006249999999999983 0.12499999999999936 -0.018750000000000003
v -0.006249999999999983 0.11249999999999938 -0.018750000000000006
v 0 0.11874999999999925 -0.03125000000000001
vt 0.109375 0.578125
vt 0.109375 0.59375
vt 0.09375 0.59375
vt 0.09375 0.578125
vt 0.515625 0.71875
vt 0.515625 0.715625
vt 0.51911875 0.7171875
vt 0.43125 0.5
vt 0.428125 0.5
vt 0.4296875 0.4965046875
vt 0.5375 0.953125
vt 0.540625 0.953125
vt 0.5390625 0.95661875
vt 0.53125 0.746875
vt 0.53125 0.75
vt 0.52775625 0.7484375
vn 0 -2.775557561562895e-16 1
vn 0.8944271909999165 1.2412670766236356e-16 -0.44721359549995704
vn 0 0.8944271909999126 -0.44721359549996453
vn 0 -0.8944271909999199 -0.4472135954999503
vn -0.8944271909999165 1.2412670766236353e-16 -0.447213595499957
usemtl m_d4546cea-d57b-5512-445e-fadb594fe3f1
f 338/1377/374 339/1378/374 340/1379/374 341/1380/374
f 339/1381/375 338/1382/375 342/1383/375
f 340/1384/376 339/1385/376 342/1386/376
f 338/1387/377 341/1388/377 342/1389/377
f 341/1390/378 340/1391/378 342/1392/378
o cylinder
v 0.09150635094610961 0.2437500000000002 0.036602540378443814
v 0.03349364905389031 0.2437500000000002 0.049999999999999926
v -2.0816681711721685e-17 0.2437500000000002 -2.4980018054066023e-17
v 0.09150635094610961 0.26875000000000016 0.036602540378443814
v 0.03349364905389031 0.26875000000000016 0.049999999999999926
v -2.0816681711721685e-17 0.26875000000000016 -2.4980018054066023e-17
v 0.12499999999999996 0.2437500000000002 0.013397459621556099
v 0.12499999999999996 0.26875000000000016 0.013397459621556099
v 0.12499999999999996 0.2437500000000002 -0.013397459621556154
v 0.12499999999999996 0.26875000000000016 -0.013397459621556154
v 0.09150635094610964 0.2437500000000002 -0.03660254037844386
v 0.09150635094610964 0.26875000000000016 -0.03660254037844386
v 0.033493649053890344 0.2437500000000002 -0.049999999999999975
v 0.033493649053890344 0.26875000000000016 -0.049999999999999975
v -0.033493649053890295 0.2437500000000002 -0.04999999999999998
v -0.033493649053890295 0.26875000000000016 -0.04999999999999998
v -0.09150635094610966 0.2437500000000002 -0.03660254037844387
v -0.09150635094610966 0.26875000000000016 -0.03660254037844387
v -0.12499999999999999 0.2437500000000002 -0.013397459621556142
v -0.12499999999999999 0.26875000000000016 -0.013397459621556142
v -0.125 0.2437500000000002 0.013397459621556074
v -0.125 0.26875000000000016 0.013397459621556074
v -0.09150635094610969 0.2437500000000002 0.03660254037844381
v -0.09150635094610969 0.26875000000000016 0.03660254037844381
v -0.03349364905389034 0.2437500000000002 0.049999999999999926
v -0.03349364905389034 0.26875000000000016 0.049999999999999926
vt 0.33537656250000003 0.881025
vt 0.32087343749999997 0.884375
vt 0.3125 0.871875
vt 0.4068109375 0.7125
vt 0.42169687499999997 0.7125
vt 0.42169687499999997 0.71875
vt 0.4068109375 0.71875
vt 0.32087343749999997 0.81875
vt 0.33537656250000003 0.8221
vt 0.3125 0.83125
vt 0.34375 0.875225
vt 0.33537656250000003 0.881025
vt 0.3125 0.871875
vt 0.42169687499999997 0.7125
vt 0.4318828125 0.7125
vt 0.4318828125 0.71875
vt 0.42169687499999997 0.71875
vt 0.33537656250000003 0.8221
vt 0.34375 0.8279
vt 0.3125 0.83125
vt 0.34375 0.868525
vt 0.34375 0.875225
vt 0.3125 0.871875
vt 0.125 0.578125
vt 0.140625 0.578125
vt 0.140625 0.59375
vt 0.125 0.59375
vt 0.34375 0.8279
vt 0.34375 0.8346
vt 0.3125 0.83125
vt 0.33537656250000003 0.862725
vt 0.34375 0.868525
vt 0.3125 0.871875
vt 0.3649921875 0.68125
vt 0.37517812500000003 0.68125
vt 0.37517812500000003 0.6875
vt 0.3649921875 0.6875
vt 0.34375 0.8346
vt 0.33537656250000003 0.8404
vt 0.3125 0.83125
vt 0.32087343749999997 0.859375
vt 0.33537656250000003 0.862725
vt 0.3125 0.871875
vt 0.37517812500000003 0.68125
vt 0.3900640625 0.68125
vt 0.3900640625 0.6875
vt 0.37517812500000003 0.6875
vt 0.33537656250000003 0.8404
vt 0.32087343749999997 0.84375
vt 0.3125 0.83125
vt 0.3041265625 0.859375
vt 0.32087343749999997 0.859375
vt 0.3125 0.871875
vt 0.3900640625 0.68125
vt 0.4068109375 0.68125
vt 0.4068109375 0.6875
vt 0.3900640625 0.6875
vt 0.32087343749999997 0.84375
vt 0.3041265625 0.84375
vt 0.3125 0.83125
vt 0.2896234375 0.862725
vt 0.3041265625 0.859375
vt 0.3125 0.871875
vt 0.4068109375 0.68125
vt 0.42169687499999997 0.68125
vt 0.42169687499999997 0.6875
vt 0.4068109375 0.6875
vt 0.3041265625 0.84375
vt 0.2896234375 0.8404
vt 0.3125 0.83125
vt 0.28125 0.868525
vt 0.2896234375 0.862725
vt 0.3125 0.871875
vt 0.42169687499999997 0.68125
vt 0.4318828125 0.68125
vt 0.4318828125 0.6875
vt 0.42169687499999997 0.6875
vt 0.2896234375 0.8404
vt 0.28125 0.8346
vt 0.3125 0.83125
vt 0.28125 0.875225
vt 0.28125 0.868525
vt 0.3125 0.871875
vt 0.203125 0.578125
vt 0.21875 0.578125
vt 0.21875 0.59375
vt 0.203125 0.59375
vt 0.28125 0.8346
vt 0.28125 0.8279
vt 0.3125 0.83125
vt 0.2896234375 0.881025
vt 0.28125 0.875225
vt 0.3125 0.871875
vt 0.3649921875 0.7125
vt 0.37517812500000003 0.7125
vt 0.37517812500000003 0.71875
vt 0.3649921875 0.71875
vt 0.28125 0.8279
vt 0.2896234375 0.8221
vt 0.3125 0.83125
vt 0.3041265625 0.884375
vt 0.2896234375 0.881025
vt 0.3125 0.871875
vt 0.37517812500000003 0.7125
vt 0.3900640625 0.7125
vt 0.3900640625 0.71875
vt 0.37517812500000003 0.71875
vt 0.2896234375 0.8221
vt 0.3041265625 0.81875
vt 0.3125 0.83125
vt 0.32087343749999997 0.884375
vt 0.3041265625 0.884375
vt 0.3125 0.871875
vt 0.3900640625 0.7125
vt 0.4068109375 0.7125
vt 0.4068109375 0.71875
vt 0.3900640625 0.71875
vt 0.3041265625 0.81875
vt 0.32087343749999997 0.81875
vt 0.3125 0.83125
vn 0 -1 0
vn 0.22501758018520454 0 0.9743547036924464
vn 0 1 0
vn 0 -1 0
vn 0.569494797451499 0 0.8219949365267868
vn 0 1 0
vn 0 -1 0
vn 1 0 0
vn 0 1 0
vn 0 -1 0
vn 0.5694947974514992 0 -0.8219949365267866
vn 0 1 0
vn 0 -1 0
vn 0.22501758018520457 0 -0.9743547036924464
vn 0 1 0
vn 0 -1 0
vn 1.0358521839084697e-16 0 -1
vn 0 1 0
vn 0 -1 0
vn -0.22501758018520432 0 -0.9743547036924466
vn 0 1 0
vn 0 -1 0
vn -0.5694947974514997 0 -0.8219949365267865
vn 0 1 0
vn 0 -1 0
vn -1 0 -5.179260919542357e-16
vn 0 1 0
vn 0 -1 0
vn -0.5694947974514999 0 0.8219949365267862
vn 0 1 0
vn 0 -1 0
vn -0.22501758018520446 0 0.9743547036924466
vn 0 1 0
vn 0 -1 0
vn 0 0 1
vn 0 1 0
usemtl m_d4546cea-d57b-5512-445e-fadb594fe3f1
f 343/1393/379 344/1394/379 345/1395/379
f 344/1396/380 343/1397/380 346/1398/380 347/1399/380
f 347/1400/381 346/1401/381 348/1402/381
f 349/1403/382 343/1404/382 345/1405/382
f 343/1406/383 349/1407/383 350/1408/383 346/1409/383
f 346/1410/384 350/1411/384 348/1412/384
f 351/1413/385 349/1414/385 345/1415/385
f 349/1416/386 351/1417/386 352/1418/386 350/1419/386
f 350/1420/387 352/1421/387 348/1422/387
f 353/1423/388 351/1424/388 345/1425/388
f 351/1426/389 353/1427/389 354/1428/389 352/1429/389
f 352/1430/390 354/1431/390 348/1432/390
f 355/1433/391 353/1434/391 345/1435/391
f 353/1436/392 355/1437/392 356/1438/392 354/1439/392
f 354/1440/393 356/1441/393 348/1442/393
f 357/1443/394 355/1444/394 345/1445/394
f 355/1446/395 357/1447/395 358/1448/395 356/1449/395
f 356/1450/396 358/1451/396 348/1452/396
f 359/1453/397 357/1454/397 345/1455/397
f 357/1456/398 359/1457/398 360/1458/398 358/1459/398
f 358/1460/399 360/1461/399 348/1462/399
f 361/1463/400 359/1464/400 345/1465/400
f 359/1466/401 361/1467/401 362/1468/401 360/1469/401
f 360/1470/402 362/1471/402 348/1472/402
f 363/1473/403 361/1474/403 345/1475/403
f 361/1476/404 363/1477/404 364/1478/404 362/1479/404
f 362/1480/405 364/1481/405 348/1482/405
f 365/1483/406 363/1484/406 345/1485/406
f 363/1486/407 365/1487/407 366/1488/407 364/1489/407
f 364/1490/408 366/1491/408 348/1492/408
f 367/1493/409 365/1494/409 345/1495/409
f 365/1496/410 367/1497/410 368/1498/410 366/1499/410
f 366/1500/411 368/1501/411 348/1502/411
f 344/1503/412 367/1504/412 345/1505/412
f 367/1506/413 344/1507/413 347/1508/413 368/1509/413
f 368/1510/414 347/1511/414 348/1512/414
o pyramid
v 0.018749999999999982 0.3687499999999997 -0.012499999999999949
v 0.018749999999999982 0.40624999999999967 -0.01249999999999994
v -0.018749999999999982 0.40624999999999967 -0.01249999999999994
v -0.018749999999999982 0.3687499999999997 -0.012499999999999949
v 0 0.38749999999999907 -0.024999999999999946
vt 0.25 0.578125
vt 0.25 0.59375
vt 0.234375 0.59375
vt 0.234375 0.578125
vt 0.453125 0.5625
vt 0.453125 0.553125
vt 0.458759375 0.5578125
vt 0.496875 0.9375
vt 0.4875 0.9375
vt 0.4921875 0.9318671875
vt 0.128125 0.515625
vt 0.1375 0.515625
vt 0.1328125 0.521259375
vt 0.484375 0.959375
vt 0.484375 0.96875
vt 0.478740625 0.9640625
vn 0 -2.3129646346357444e-16 1
vn 0.5547001962252295 1.9245029050416936e-16 -0.8320502943378434
vn 0 0.554700196225217 -0.8320502943378517
vn 0 -0.5547001962252418 -0.8320502943378354
vn -0.5547001962252295 1.9245029050416936e-16 -0.8320502943378434
usemtl m_d4546cea-d57b-5512-445e-fadb594fe3f1
f 369/1513/415 370/1514/415 371/1515/415 372/1516/415
f 370/1517/416 369/1518/416 373/1519/416
f 371/1520/417 370/1521/417 373/1522/417
f 369/1523/418 372/1524/418 373/1525/418
f 372/1526/419 371/1527/419 373/1528/419
o pyramid
v 0.018749999999999982 0.49374999999999936 -0.012499999999999921
v 0.018749999999999982 0.5312499999999993 -0.012499999999999912
v -0.018749999999999982 0.5312499999999993 -0.012499999999999912
v -0.018749999999999982 0.49374999999999936 -0.012499999999999921
v 0 0.5124999999999986 -0.024999999999999918
vt 0.328125 0.578125
vt 0.328125 0.59375
vt 0.3125 0.59375
vt 0.3125 0.578125
vt 0.265625 0.53125
vt 0.265625 0.521875
vt 0.271259375 0.5265625
vt 0.496875 0.90625
vt 0.4875 0.90625
vt 0.4921875 0.9006171875
vt 0.45625 0.609375
vt 0.465625 0.609375
vt 0.4609375 0.6150093750000001
vt 0.3125 0.521875
vt 0.3125 0.53125
vt 0.306865625 0.5265625
vn 0 -2.3129646346357444e-16 1
vn 0.5547001962252295 1.9245029050416936e-16 -0.8320502943378434
vn 0 0.5547001962252147 -0.8320502943378533
vn 0 -0.554700196225244 -0.8320502943378337
vn -0.5547001962252295 1.9245029050416936e-16 -0.8320502943378434
usemtl m_d4546cea-d57b-5512-445e-fadb594fe3f1
f 374/1529/420 375/1530/420 376/1531/420 377/1532/420
f 375/1533/421 374/1534/421 378/1535/421
f 376/1536/422 375/1537/422 378/1538/422
f 374/1539/423 377/1540/423 378/1541/423
f 377/1542/424 376/1543/424 378/1544/424
o pyramid
v 0.018749999999999982 0.6124999999999989 -0.012499999999999895
v 0.018749999999999982 0.6499999999999989 -0.012499999999999886
v -0.018749999999999982 0.6499999999999989 -0.012499999999999886
v -0.018749999999999982 0.6124999999999989 -0.012499999999999895
v 0 0.6312499999999982 -0.024999999999999894
vt 0.40625 0.578125
vt 0.40625 0.59375
vt 0.390625 0.59375
vt 0.390625 0.578125
vt 0.46875 0.671875
vt 0.46875 0.6625
vt 0.474384375 0.6671875
vt 0.16875 0.515625
vt 0.159375 0.515625
vt 0.1640625 0.5099921875
vt 0.4875 0.859375
vt 0.496875 0.859375
vt 0.4921875 0.8650078125
vt 0.390625 0.521875
vt 0.390625 0.53125
vt 0.384990625 0.5265625
vn 0 -2.3129646346357444e-16 1
vn 0.5547001962252296 1.9245029050416936e-16 -0.8320502943378434
vn 0 0.5547001962252148 -0.8320502943378533
vn 0 -0.5547001962252441 -0.8320502943378337
vn -0.5547001962252296 1.9245029050416936e-16 -0.8320502943378434
usemtl m_d4546cea-d57b-5512-445e-fadb594fe3f1
f 379/1545/425 380/1546/425 381/1547/425 382/1548/425
f 380/1549/426 379/1550/426 383/1551/426
f 381/1552/427 380/1553/427 383/1554/427
f 379/1555/428 382/1556/428 383/1557/428
f 382/1558/429 381/1559/429 383/1560/429
o pyramid
v 0.018749999999999982 0.4062500000000009 0.01249999999999993
v 0.018749999999999982 0.3687500000000009 0.012499999999999938
v -0.018749999999999982 0.3687500000000009 0.012499999999999938
v -0.018749999999999982 0.4062500000000009 0.01249999999999993
v 0 0.3875000000000013 0.02499999999999996
vt 0.421875 1
vt 0.421875 0.984375
vt 0.4375 0.984375
vt 0.4375 1
vt 0.078125 0.521875
vt 0.078125 0.53125
vt 0.072490625 0.5265625
vt 0.2375 0.515625
vt 0.246875 0.515625
vt 0.2421875 0.521259375
vt 0.496875 0.84375
vt 0.4875 0.84375
vt 0.4921875 0.8381171875
vt 0.09375 0.53125
vt 0.09375 0.521875
vt 0.099384375 0.5265625
vn 0 -2.3129646346357444e-16 -1
vn 0.5547001962252304 1.9245029050416929e-16 0.832050294337843
vn 0 -0.554700196225222 0.8320502943378484
vn 0 0.5547001962252383 0.8320502943378377
vn -0.5547001962252304 1.9245029050416929e-16 0.832050294337843
usemtl m_d4546cea-d57b-5512-445e-fadb594fe3f1
f 384/1561/430 385/1562/430 386/1563/430 387/1564/430
f 385/1565/431 384/1566/431 388/1567/431
f 386/1568/432 385/1569/432 388/1570/432
f 384/1571/433 387/1572/433 388/1573/433
f 387/1574/434 386/1575/434 388/1576/434
o pyramid
v 0.018749999999999982 0.5312500000000004 0.012499999999999902
v 0.018749999999999982 0.49375000000000047 0.01249999999999991
v -0.018749999999999982 0.49375000000000047 0.01249999999999991
v -0.018749999999999982 0.5312500000000004 0.012499999999999902
v 0 0.5125000000000008 0.024999999999999932
vt 0.03125 0.578125
vt 0.03125 0.5625
vt 0.046875 0.5625
vt 0.046875 0.578125
vt 0.421875 0.521875
vt 0.421875 0.53125
vt 0.416240625 0.5265625
vt 0.45625 0.578125
vt 0.465625 0.578125
vt 0.4609375 0.5837593750000001
vt 0.2 0.515625
vt 0.190625 0.515625
vt 0.1953125 0.5099921875
vt 0.4375 0.53125
vt 0.4375 0.521875
vt 0.443134375 0.5265625
vn 0 -2.3129646346357444e-16 -1
vn 0.5547001962252304 1.9245029050416929e-16 0.832050294337843
vn 0 -0.554700196225222 0.8320502943378484
vn 0 0.5547001962252383 0.8320502943378377
vn -0.5547001962252304 1.9245029050416929e-16 0.832050294337843
usemtl m_d4546cea-d57b-5512-445e-fadb594fe3f1
f 389/1577/435 390/1578/435 391/1579/435 392/1580/435
f 390/1581/436 389/1582/436 393/1583/436
f 391/1584/437 390/1585/437 393/1586/437
f 389/1587/438 392/1588/438 393/1589/438
f 392/1590/439 391/1591/439 393/1592/439
o pyramid
v 0.018749999999999982 0.65 0.012499999999999876
v 0.018749999999999982 0.6125 0.012499999999999884
v -0.018749999999999982 0.6125 0.012499999999999884
v -0.018749999999999982 0.65 0.012499999999999876
v 0 0.6312500000000004 0.024999999999999908
vt 0.421875 0.890625
vt 0.421875 0.875
vt 0.4375 0.875
vt 0.4375 0.890625
vt 0.484375 0.521875
vt 0.484375 0.53125
vt 0.478740625 0.5265625
vt 0.4875 0.765625
vt 0.496875 0.765625
vt 0.4921875 0.7712578125
vt 0.496875 0.8125
vt 0.4875 0.8125
vt 0.4921875 0.8068671875
vt 0.03125 0.515625
vt 0.03125 0.50625
vt 0.036884375 0.5109375
vn 0 -2.3129646346357444e-16 -1
vn 0.5547001962252304 1.9245029050416924e-16 0.8320502943378428
vn 0 -0.5547001962252222 0.8320502943378484
vn 0 0.5547001962252384 0.8320502943378377
vn -0.5547001962252304 1.9245029050416924e-16 0.8320502943378428
usemtl m_d4546cea-d57b-5512-445e-fadb594fe3f1
f 394/1593/440 395/1594/440 396/1595/440 397/1596/440
f 395/1597/441 394/1598/441 398/1599/441
f 396/1600/442 395/1601/442 398/1602/442
f 394/1603/443 397/1604/443 398/1605/443
f 397/1606/444 396/1607/444 398/1608/444
o cone
v -0.013725952641916441 0.05000000000000002 0.013725952641916431
v -0.005024047358083528 0.05000000000000002 0.018749999999999975
v -1.5308084989341924e-17 0.05000000000000002 2.478176394252578e-19
v -1.0715659492539346e-17 0.012500000000000018 2.478176394252578e-19
v -0.018750000000000037 0.05000000000000002 0.005024047358083542
v -0.018750000000000037 0.05000000000000002 -0.005024047358083544
v -0.013725952641916441 0.05000000000000002 -0.013725952641916428
v -0.005024047358083528 0.05000000000000002 -0.01874999999999997
v 0.005024047358083497 0.05000000000000002 -0.018749999999999975
v 0.01372595264191641 0.05000000000000002 -0.013725952641916435
v 0.01875000000000001 0.05000000000000002 -0.00502404735808354
v 0.01875000000000001 0.05000000000000002 0.0050240473580835335
v 0.013725952641916494 0.05000000000000002 0.013725952641916428
v 0.00502404735808358 0.05000000000000002 0.018749999999999975
vt 0.03563125 0.53875625
vt 0.03780625 0.5375
vt 0.0390625 0.5421875
vt 0.45968125 0.88548125
vt 0.45723991517336027 0.8848874987774868
vt 0.4609375 0.875
vt 0.034375 0.54093125
vt 0.03563125 0.53875625
vt 0.0390625 0.5421875
vt 0.46463508482663973 0.7911374987774868
vt 0.46219375 0.79173125
vt 0.4609375 0.78125
vt 0.034375 0.54344375
vt 0.034375 0.54093125
vt 0.0390625 0.5421875
vt 0.46219375 0.79173125
vt 0.45968125 0.79173125
vt 0.4609375 0.78125
vt 0.03563125 0.54561875
vt 0.034375 0.54344375
vt 0.0390625 0.5421875
vt 0.45968125 0.79173125
vt 0.45723991517336027 0.7911374987774868
vt 0.4609375 0.78125
vt 0.03780625 0.546875
vt 0.03563125 0.54561875
vt 0.0390625 0.5421875
vt 0.46463508482663973 0.8536374987774868
vt 0.46219375 0.85423125
vt 0.4609375 0.84375
vt 0.04031875 0.546875
vt 0.03780625 0.546875
vt 0.0390625 0.5421875
vt 0.46219375 0.85423125
vt 0.45968125 0.85423125
vt 0.4609375 0.84375
vt 0.04249375 0.54561875
vt 0.04031875 0.546875
vt 0.0390625 0.5421875
vt 0.45968125 0.85423125
vt 0.45723991517336027 0.8536374987774868
vt 0.4609375 0.84375
vt 0.04375 0.54344375
vt 0.04249375 0.54561875
vt 0.0390625 0.5421875
vt 0.46463508482663973 0.8223874987774868
vt 0.46219375 0.82298125
vt 0.4609375 0.8125
vt 0.04375 0.54093125
vt 0.04375 0.54344375
vt 0.0390625 0.5421875
vt 0.46219375 0.82298125
vt 0.45968125 0.82298125
vt 0.4609375 0.8125
vt 0.04249375 0.53875625
vt 0.04375 0.54093125
vt 0.0390625 0.5421875
vt 0.45968125 0.82298125
vt 0.45723991517336027 0.8223874987774868
vt 0.4609375 0.8125
vt 0.04031875 0.5375
vt 0.04249375 0.53875625
vt 0.0390625 0.5421875
vt 0.46463508482663973 0.8848874987774868
vt 0.46219375 0.88548125
vt 0.4609375 0.875
vt 0.03780625 0.5375
vt 0.04031875 0.5375
vt 0.0390625 0.5421875
vt 0.46219375 0.88548125
vt 0.45968125 0.88548125
vt 0.4609375 0.875
vn 0 1 0
vn -0.4472135954999572 -0.4472135954999575 0.7745966692414844
vn 0 1 0
vn -0.7745966692414814 -0.4472135954999579 0.44721359549996137
vn 0 1 0
vn -0.8944271909999157 -0.4472135954999586 0
vn 0 1 0
vn -0.7745966692414813 -0.44721359549995787 -0.44721359549996154
vn 0 1 0
vn -0.4472135954999572 -0.44721359549995743 -0.7745966692414844
vn 0 1 0
vn -3.0883145304812927e-16 -0.4472135954999575 -0.8944271909999161
vn 0 1 0
vn 0.4472135954999569 -0.44721359549995726 -0.7745966692414844
vn 0 1 0
vn 0.7745966692414815 -0.44721359549995776 -0.4472135954999614
vn 0 1 0
vn 0.8944271909999156 -0.44721359549995837 0
vn 0 1 0
vn 0.7745966692414844 -0.44721359549995837 0.4472135954999557
vn 0 1 0
vn 0.44721359549995715 -0.44721359549995804 0.7745966692414838
vn 0 1 0
vn 0 -0.4472135954999575 0.8944271909999161
usemtl m_d4546cea-d57b-5512-445e-fadb594fe3f1
f 399/1609/445 400/1610/445 401/1611/445
f 400/1612/446 399/1613/446 402/1614/446
f 403/1615/447 399/1616/447 401/1617/447
f 399/1618/448 403/1619/448 402/1620/448
f 404/1621/449 403/1622/449 401/1623/449
f 403/1624/450 404/1625/450 402/1626/450
f 405/1627/451 404/1628/451 401/1629/451
f 404/1630/452 405/1631/452 402/1632/452
f 406/1633/453 405/1634/453 401/1635/453
f 405/1636/454 406/1637/454 402/1638/454
f 407/1639/455 406/1640/455 401/1641/455
f 406/1642/456 407/1643/456 402/1644/456
f 408/1645/457 407/1646/457 401/1647/457
f 407/1648/458 408/1649/458 402/1650/458
f 409/1651/459 408/1652/459 401/1653/459
f 408/1654/460 409/1655/460 402/1656/460
f 410/1657/461 409/1658/461 401/1659/461
f 409/1660/462 410/1661/462 402/1662/462
f 411/1663/463 410/1664/463 401/1665/463
f 410/1666/464 411/1667/464 402/1668/464
f 412/1669/465 411/1670/465 401/1671/465
f 411/1672/466 412/1673/466 402/1674/466
f 400/1675/467 412/1676/467 401/1677/467
f 412/1678/468 400/1679/468 402/1680/468
o cylinder
v -0.047548094716167166 0.2937500000000003 0.022876587736527357
v -0.06495190528383293 0.2937500000000003 0.03124999999999992
v -0.07500000000000004 0.2937500000000003 -2.6020852139652106e-17
v -0.047548094716167166 0.30625000000000024 0.022876587736527357
v -0.06495190528383293 0.30625000000000024 0.03124999999999992
v -0.07500000000000004 0.30625000000000024 -2.6020852139652106e-17
v -0.03750000000000006 0.2937500000000003 0.008373412263472546
v -0.03750000000000006 0.30625000000000024 0.008373412263472546
v -0.03750000000000006 0.2937500000000003 -0.008373412263472602
v -0.03750000000000006 0.30625000000000024 -0.008373412263472602
v -0.04754809471616715 0.2937500000000003 -0.02287658773652741
v -0.04754809471616715 0.30625000000000024 -0.02287658773652741
v -0.06495190528383293 0.2937500000000003 -0.031249999999999972
v -0.06495190528383293 0.30625000000000024 -0.031249999999999972
v -0.08504809471616712 0.2937500000000003 -0.031249999999999976
v -0.08504809471616712 0.30625000000000024 -0.031249999999999976
v -0.10245190528383294 0.2937500000000003 -0.022876587736527412
v -0.10245190528383294 0.30625000000000024 -0.022876587736527412
v -0.11250000000000002 0.2937500000000003 -0.008373412263472593
v -0.11250000000000002 0.30625000000000024 -0.008373412263472593
v -0.11250000000000002 0.2937500000000003 0.00837341226347253
v -0.11250000000000002 0.30625000000000024 0.00837341226347253
v -0.10245190528383297 0.2937500000000003 0.022876587736527353
v -0.10245190528383297 0.30625000000000024 0.022876587736527353
v -0.08504809471616713 0.2937500000000003 0.03124999999999992
v -0.08504809471616713 0.30625000000000024 0.03124999999999992
vt 0.2256125 0.62290625
vt 0.2212625 0.625
vt 0.21875 0.6171875
vt 0.49470000000000003 0.746875
vt 0.4995296875 0.746875
vt 0.4995296875 0.75
vt 0.49470000000000003 0.75
vt 0.33063750000000003 0.609375
vt 0.3349875 0.61146875
vt 0.328125 0.6171875
vt 0.228125 0.61928125
vt 0.2256125 0.62290625
vt 0.21875 0.6171875
vt 0.4856828125 0.60625
vt 0.49009375 0.60625
vt 0.49009375 0.609375
vt 0.4856828125 0.609375
vt 0.3349875 0.61146875
vt 0.3375 0.61509375
vt 0.328125 0.6171875
vt 0.228125 0.61509375
vt 0.228125 0.61928125
vt 0.21875 0.6171875
vt 0.49009375 0.60625
vt 0.49428125 0.60625
vt 0.49428125 0.609375
vt 0.49009375 0.609375
vt 0.3375 0.61509375
vt 0.3375 0.61928125
vt 0.328125 0.6171875
vt 0.2256125 0.61146875
vt 0.228125 0.61509375
vt 0.21875 0.6171875
vt 0.49428125 0.60625
vt 0.4986921875 0.60625
vt 0.4986921875 0.609375
vt 0.49428125 0.609375
vt 0.3375 0.61928125
vt 0.3349875 0.62290625
vt 0.328125 0.6171875
vt 0.2212625 0.609375
vt 0.2256125 0.61146875
vt 0.21875 0.6171875
vt 0.4848453125 0.715625
vt 0.489675 0.715625
vt 0.489675 0.71875
vt 0.4848453125 0.71875
vt 0.3349875 0.62290625
vt 0.33063750000000003 0.625
vt 0.328125 0.6171875
vt 0.2162375 0.609375
vt 0.2212625 0.609375
vt 0.21875 0.6171875
vt 0.489675 0.715625
vt 0.49470000000000003 0.715625
vt 0.49470000000000003 0.71875
vt 0.489675 0.71875
vt 0.33063750000000003 0.625
vt 0.32561249999999997 0.625
vt 0.328125 0.6171875
vt 0.2118875 0.61146875
vt 0.2162375 0.609375
vt 0.21875 0.6171875
vt 0.49470000000000003 0.715625
vt 0.4995296875 0.715625
vt 0.4995296875 0.71875
vt 0.49470000000000003 0.71875
vt 0.32561249999999997 0.625
vt 0.3212625 0.62290625
vt 0.328125 0.6171875
vt 0.209375 0.61509375
vt 0.2118875 0.61146875
vt 0.21875 0.6171875
vt 0.4856828125 0.575
vt 0.49009375 0.575
vt 0.49009375 0.578125
vt 0.4856828125 0.578125
vt 0.3212625 0.62290625
vt 0.31875 0.61928125
vt 0.328125 0.6171875
vt 0.209375 0.61928125
vt 0.209375 0.61509375
vt 0.21875 0.6171875
vt 0.49009375 0.575
vt 0.49428125 0.575
vt 0.49428125 0.578125
vt 0.49009375 0.578125
vt 0.31875 0.61928125
vt 0.31875 0.61509375
vt 0.328125 0.6171875
vt 0.2118875 0.62290625
vt 0.209375 0.61928125
vt 0.21875 0.6171875
vt 0.49428125 0.575
vt 0.4986921875 0.575
vt 0.4986921875 0.578125
vt 0.49428125 0.578125
vt 0.31875 0.61509375
vt 0.3212625 0.61146875
vt 0.328125 0.6171875
vt 0.2162375 0.625
vt 0.2118875 0.62290625
vt 0.21875 0.6171875
vt 0.4848453125 0.746875
vt 0.48967499999999997 0.746875
vt 0.48967499999999997 0.75
vt 0.4848453125 0.75
vt 0.3212625 0.61146875
vt 0.32561249999999997 0.609375
vt 0.328125 0.6171875
vt 0.2212625 0.625
vt 0.2162375 0.625
vt 0.21875 0.6171875
vt 0.48967499999999997 0.746875
vt 0.49470000000000003 0.746875
vt 0.49470000000000003 0.75
vt 0.48967499999999997 0.75
vt 0.32561249999999997 0.609375
vt 0.33063750000000003 0.609375
vt 0.328125 0.6171875
vn 0 -1 0
vn 0.4335549847620597 0 0.9011271137791661
vn 0 1 0
vn 0 -1 0
vn 0.8219949365267861 0 0.5694947974515002
vn 0 1 0
vn 0 -1 0
vn 1 0 0
vn 0 1 0
vn 0 -1 0
vn 0.8219949365267862 0 -0.5694947974514997
vn 0 1 0
vn 0 -1 0
vn 0.43355498476205945 0 -0.9011271137791663
vn 0 1 0
vn 0 -1 0
vn 1.7264203065141174e-16 0 -1
vn 0 1 0
vn 0 -1 0
vn -0.4335549847620586 0 -0.9011271137791668
vn 0 1 0
vn 0 -1 0
vn -0.8219949365267869 0 -0.5694947974514988
vn 0 1 0
vn 0 -1 0
vn -1 0 0
vn 0 1 0
vn 0 -1 0
vn -0.8219949365267879 0 0.5694947974514977
vn 0 1 0
vn 0 -1 0
vn -0.43355498476205845 0 0.9011271137791667
vn 0 1 0
vn 0 -1 0
vn 0 0 1
vn 0 1 0
usemtl m_d4546cea-d57b-5512-445e-fadb594fe3f1
f 413/1681/469 414/1682/469 415/1683/469
f 414/1684/470 413/1685/470 416/1686/470 417/1687/470
f 417/1688/471 416/1689/471 418/1690/471
f 419/1691/472 413/1692/472 415/1693/472
f 413/1694/473 419/1695/473 420/1696/473 416/1697/473
f 416/1698/474 420/1699/474 418/1700/474
f 421/1701/475 419/1702/475 415/1703/475
f 419/1704/476 421/1705/476 422/1706/476 420/1707/476
f 420/1708/477 422/1709/477 418/1710/477
f 423/1711/478 421/1712/478 415/1713/478
f 421/1714/479 423/1715/479 424/1716/479 422/1717/479
f 422/1718/480 424/1719/480 418/1720/480
f 425/1721/481 423/1722/481 415/1723/481
f 423/1724/482 425/1725/482 426/1726/482 424/1727/482
f 424/1728/483 426/1729/483 418/1730/483
f 427/1731/484 425/1732/484 415/1733/484
f 425/1734/485 427/1735/485 428/1736/485 426/1737/485
f 426/1738/486 428/1739/486 418/1740/486
f 429/1741/487 427/1742/487 415/1743/487
f 427/1744/488 429/1745/488 430/1746/488 428/1747/488
f 428/1748/489 430/1749/489 418/1750/489
f 431/1751/490 429/1752/490 415/1753/490
f 429/1754/491 431/1755/491 432/1756/491 430/1757/491
f 430/1758/492 432/1759/492 418/1760/492
f 433/1761/493 431/1762/493 415/1763/493
f 431/1764/494 433/1765/494 434/1766/494 432/1767/494
f 432/1768/495 434/1769/495 418/1770/495
f 435/1771/496 433/1772/496 415/1773/496
f 433/1774/497 435/1775/497 436/1776/497 434/1777/497
f 434/1778/498 436/1779/498 418/1780/498
f 437/1781/499 435/1782/499 415/1783/499
f 435/1784/500 437/1785/500 438/1786/500 436/1787/500
f 436/1788/501 438/1789/501 418/1790/501
f 414/1791/502 437/1792/502 415/1793/502
f 437/1794/503 414/1795/503 417/1796/503 438/1797/503
f 438/1798/504 417/1799/504 418/1800/504
o cylinder
v 0.10245190528383286 0.2937500000000003 0.022876587736527357
v 0.08504809471616709 0.2937500000000003 0.03124999999999992
v 0.075 0.2937500000000003 -2.6020852139652106e-17
v 0.10245190528383286 0.30625000000000024 0.022876587736527357
v 0.08504809471616709 0.30625000000000024 0.03124999999999992
v 0.075 0.30625000000000024 -2.6020852139652106e-17
v 0.11249999999999996 0.2937500000000003 0.008373412263472546
v 0.11249999999999996 0.30625000000000024 0.008373412263472546
v 0.11249999999999996 0.2937500000000003 -0.008373412263472602
v 0.11249999999999996 0.30625000000000024 -0.008373412263472602
v 0.10245190528383287 0.2937500000000003 -0.02287658773652741
v 0.10245190528383287 0.30625000000000024 -0.02287658773652741
v 0.08504809471616709 0.2937500000000003 -0.031249999999999972
v 0.08504809471616709 0.30625000000000024 -0.031249999999999972
v 0.06495190528383292 0.2937500000000003 -0.031249999999999976
v 0.06495190528383292 0.30625000000000024 -0.031249999999999976
v 0.04754809471616711 0.2937500000000003 -0.022876587736527412
v 0.04754809471616711 0.30625000000000024 -0.022876587736527412
v 0.03750000000000004 0.2937500000000003 -0.008373412263472593
v 0.03750000000000004 0.30625000000000024 -0.008373412263472593
v 0.03750000000000004 0.2937500000000003 0.00837341226347253
v 0.03750000000000004 0.30625000000000024 0.00837341226347253
v 0.04754809471616708 0.2937500000000003 0.022876587736527353
v 0.04754809471616708 0.30625000000000024 0.022876587736527353
v 0.0649519052838329 0.2937500000000003 0.03124999999999992
v 0.0649519052838329 0.30625000000000024 0.03124999999999992
vt 0.4131125 0.95103125
vt 0.40876250000000003 0.953125
vt 0.40625 0.9453125
vt 0.33845000000000003 0.5125
vt 0.3432796875 0.5125
vt 0.3432796875 0.515625
vt 0.33845000000000003 0.515625
vt 0.40876250000000003 0.90625
vt 0.4131125 0.90834375
vt 0.40625 0.9140625
vt 0.415625 0.94740625
vt 0.4131125 0.95103125
vt 0.40625 0.9453125
vt 0.5013078125 0.996875
vt 0.50571875 0.996875
vt 0.50571875 1
vt 0.5013078125 1
vt 0.4131125 0.90834375
vt 0.415625 0.91196875
vt 0.40625 0.9140625
vt 0.415625 0.94321875
vt 0.415625 0.94740625
vt 0.40625 0.9453125
vt 0.50571875 0.996875
vt 0.50990625 0.996875
vt 0.50990625 1
vt 0.50571875 1
vt 0.415625 0.91196875
vt 0.415625 0.91615625
vt 0.40625 0.9140625
vt 0.4131125 0.93959375
vt 0.415625 0.94321875
vt 0.40625 0.9453125
vt 0.50990625 0.996875
vt 0.5143171875 0.996875
vt 0.5143171875 1
vt 0.50990625 1
vt 0.415625 0.91615625
vt 0.4131125 0.91978125
vt 0.40625 0.9140625
vt 0.40876250000000003 0.9375
vt 0.4131125 0.93959375
vt 0.40625 0.9453125
vt 0.4848453125 0.6375
vt 0.48967499999999997 0.6375
vt 0.48967499999999997 0.640625
vt 0.4848453125 0.640625
vt 0.4131125 0.91978125
vt 0.40876250000000003 0.921875
vt 0.40625 0.9140625
vt 0.40373749999999997 0.9375
vt 0.40876250000000003 0.9375
vt 0.40625 0.9453125
vt 0.48967499999999997 0.6375
vt 0.49470000000000003 0.6375
vt 0.49470000000000003 0.640625
vt 0.48967499999999997 0.640625
vt 0.40876250000000003 0.921875
vt 0.40373749999999997 0.921875
vt 0.40625 0.9140625
vt 0.3993875 0.93959375
vt 0.40373749999999997 0.9375
vt 0.40625 0.9453125
vt 0.49470000000000003 0.6375
vt 0.4995296875 0.6375
vt 0.4995296875 0.640625
vt 0.49470000000000003 0.640625
vt 0.40373749999999997 0.921875
vt 0.3993875 0.91978125
vt 0.40625 0.9140625
vt 0.396875 0.94321875
vt 0.3993875 0.93959375
vt 0.40625 0.9453125
vt 0.5013078125 0.965625
vt 0.50571875 0.965625
vt 0.50571875 0.96875
vt 0.5013078125 0.96875
vt 0.3993875 0.91978125
vt 0.396875 0.91615625
vt 0.40625 0.9140625
vt 0.396875 0.94740625
vt 0.396875 0.94321875
vt 0.40625 0.9453125
vt 0.50571875 0.965625
vt 0.50990625 0.965625
vt 0.50990625 0.96875
vt 0.50571875 0.96875
vt 0.396875 0.91615625
vt 0.396875 0.91196875
vt 0.40625 0.9140625
vt 0.3993875 0.95103125
vt 0.396875 0.94740625
vt 0.40625 0.9453125
vt 0.50990625 0.965625
vt 0.5143171875 0.965625
vt 0.5143171875 0.96875
vt 0.50990625 0.96875
vt 0.396875 0.91196875
vt 0.3993875 0.90834375
vt 0.40625 0.9140625
vt 0.40373749999999997 0.953125
vt 0.3993875 0.95103125
vt 0.40625 0.9453125
vt 0.3285953125 0.5125
vt 0.333425 0.5125
vt 0.333425 0.515625
vt 0.3285953125 0.515625
vt 0.3993875 0.90834375
vt 0.40373749999999997 0.90625
vt 0.40625 0.9140625
vt 0.40876250000000003 0.953125
vt 0.40373749999999997 0.953125
vt 0.40625 0.9453125
vt 0.333425 0.5125
vt 0.33845000000000003 0.5125
vt 0.33845000000000003 0.515625
vt 0.333425 0.515625
vt 0.40373749999999997 0.90625
vt 0.40876250000000003 0.90625
vt 0.40625 0.9140625
vn 0 -1 0
vn 0.4335549847620597 0 0.9011271137791661
vn 0 1 0
vn 0 -1 0
vn 0.8219949365267861 0 0.5694947974515002
vn 0 1 0
vn 0 -1 0
vn 1 0 0
vn 0 1 0
vn 0 -1 0
vn 0.8219949365267862 0 -0.5694947974514997
vn 0 1 0
vn 0 -1 0
vn 0.43355498476205945 0 -0.9011271137791663
vn 0 1 0
vn 0 -1 0
vn 1.7264203065141184e-16 0 -1
vn 0 1 0
vn 0 -1 0
vn -0.43355498476205884 0 -0.9011271137791665
vn 0 1 0
vn 0 -1 0
vn -0.821994936526787 0 -0.5694947974514986
vn 0 1 0
vn 0 -1 0
vn -1 0 0
vn 0 1 0
vn 0 -1 0
vn -0.8219949365267879 0 0.5694947974514973
vn 0 1 0
vn 0 -1 0
vn -0.4335549847620587 0 0.9011271137791667
vn 0 1 0
vn 0 -1 0
vn 0 0 1
vn 0 1 0
usemtl m_d4546cea-d57b-5512-445e-fadb594fe3f1
f 439/1801/505 440/1802/505 441/1803/505
f 440/1804/506 439/1805/506 442/1806/506 443/1807/506
f 443/1808/507 442/1809/507 444/1810/507
f 445/1811/508 439/1812/508 441/1813/508
f 439/1814/509 445/1815/509 446/1816/509 442/1817/509
f 442/1818/510 446/1819/510 444/1820/510
f 447/1821/511 445/1822/511 441/1823/511
f 445/1824/512 447/1825/512 448/1826/512 446/1827/512
f 446/1828/513 448/1829/513 444/1830/513
f 449/1831/514 447/1832/514 441/1833/514
f 447/1834/515 449/1835/515 450/1836/515 448/1837/515
f 448/1838/516 450/1839/516 444/1840/516
f 451/1841/517 449/1842/517 441/1843/517
f 449/1844/518 451/1845/518 452/1846/518 450/1847/518
f 450/1848/519 452/1849/519 444/1850/519
f 453/1851/520 451/1852/520 441/1853/520
f 451/1854/521 453/1855/521 454/1856/521 452/1857/521
f 452/1858/522 454/1859/522 444/1860/522
f 455/1861/523 453/1862/523 441/1863/523
f 453/1864/524 455/1865/524 456/1866/524 454/1867/524
f 454/1868/525 456/1869/525 444/1870/525
f 457/1871/526 455/1872/526 441/1873/526
f 455/1874/527 457/1875/527 458/1876/527 456/1877/527
f 456/1878/528 458/1879/528 444/1880/528
f 459/1881/529 457/1882/529 441/1883/529
f 457/1884/530 459/1885/530 460/1886/530 458/1887/530
f 458/1888/531 460/1889/531 444/1890/531
f 461/1891/532 459/1892/532 441/1893/532
f 459/1894/533 461/1895/533 462/1896/533 460/1897/533
f 460/1898/534 462/1899/534 444/1900/534
f 463/1901/535 461/1902/535 441/1903/535
f 461/1904/536 463/1905/536 464/1906/536 462/1907/536
f 462/1908/537 464/1909/537 444/1910/537
f 440/1911/538 463/1912/538 441/1913/538
f 463/1914/539 440/1915/539 443/1916/539 464/1917/539
f 464/1918/540 443/1919/540 444/1920/540
o pyramid
v 0.012499999999999978 0.28749999999999987 -0.037499999999999964
v 0.012499999999999978 0.3124999999999998 -0.037499999999999964
v -0.012499999999999985 0.3124999999999998 -0.037499999999999964
v -0.012499999999999985 0.28749999999999987 -0.037499999999999964
v 3.469446951953625e-18 0.2999999999999996 -0.04999999999999996
vt 0.4375 0.84375
vt 0.4375 0.859375
vt 0.421875 0.859375
vt 0.421875 0.84375
vt 0.0625 0.5
vt 0.0625 0.49375
vt 0.0669203125 0.49687499999999996
vt 0.2921875 0.5
vt 0.2859375 0.5
vt 0.2890625 0.49558125
vt 0.2546875 0.484375
vt 0.2609375 0.484375
vt 0.2578125 0.48879375
vt 0.109375 0.49375
vt 0.109375 0.5
vt 0.1049546875 0.49687499999999996
vn 0 0 1
vn 0.7071067811865481 0 -0.7071067811865469
vn 0 0.7071067811865425 -0.7071067811865527
vn 0 -0.707106781186555 -0.7071067811865401
vn -0.7071067811865478 0 -0.7071067811865472
usemtl m_d4546cea-d57b-5512-445e-fadb594fe3f1
f 465/1921/541 466/1922/541 467/1923/541 468/1924/541
f 466/1925/542 465/1926/542 469/1927/542
f 467/1928/543 466/1929/543 469/1930/543
f 465/1931/544 468/1932/544 469/1933/544
f 468/1934/545 467/1935/545 469/1936/545
o pyramid
v 0.012499999999999983 0.3125000000000008 0.037499999999999936
v 0.012499999999999983 0.28750000000000087 0.037499999999999936
v -0.012499999999999983 0.28750000000000087 0.037499999999999936
v -0.012499999999999983 0.3125000000000008 0.037499999999999936
v 0 0.30000000000000115 0.049999999999999975
vt 0.421875 0.828125
vt 0.421875 0.8125
vt 0.4375 0.8125
vt 0.4375 0.828125
vt 0.140625 0.49375
vt 0.140625 0.5
vt 0.1362046875 0.49687499999999996
vt 0.5046875 0.671875
vt 0.5109375 0.671875
vt 0.5078125 0.67629375
vt 0.3703125 0.5
vt 0.3640625 0.5
vt 0.3671875 0.49558125
vt 0.21875 0.5
vt 0.21875 0.49375
vt 0.2231703125 0.49687499999999996
vn 0 0 -1
vn 0.707106781186549 0 0.707106781186546
vn 0 -0.7071067811865405 0.7071067811865546
vn 0 0.7071067811865593 0.7071067811865358
vn -0.707106781186549 0 0.707106781186546
usemtl m_d4546cea-d57b-5512-445e-fadb594fe3f1
f 470/1937/546 471/1938/546 472/1939/546 473/1940/546
f 471/1941/547 470/1942/547 474/1943/547
f 472/1944/548 471/1945/548 474/1946/548
f 470/1947/549 473/1948/549 474/1949/549
f 473/1950/550 472/1951/550 474/1952/550