# Made in Blockbench 5.0.3
mtllib tronbikeme2.mtl

o tube
v 1.604968125 1.25 0.4375000000000001
v 1.604968125 1.25 -0.4374999999999999
v 1.56900875 1.1157975 0.4375000000000001
v 1.56900875 1.1157975000000002 -0.4374999999999999
v 1.895031875 1.082531875 0.4375000000000001
v 1.895031875 1.0825318750000001 -0.4374999999999999
v 1.79678875 0.9842887499999999 0.4375000000000001
v 1.79678875 0.9842887500000002 -0.4374999999999999
v 2.0625 0.792468125 0.4375
v 2.0625 0.7924681250000001 -0.4375
v 1.9282975 0.75650875 0.4375
v 1.9282975 0.7565087500000002 -0.4375
v 2.0625 0.457531875 0.4375
v 2.0625 0.45753187500000014 -0.4375
v 1.9282975 0.49349124999999994 0.4375
v 1.9282975 0.49349125000000016 -0.4375
v 1.895031875 0.16746812499999997 0.4374999999999999
v 1.895031875 0.1674681250000002 -0.4375000000000001
v 1.79678875 0.26571124999999995 0.4374999999999999
v 1.79678875 0.2657112500000002 -0.4375000000000001
v 1.604968125 0 0.4374999999999999
v 1.604968125 1.1102230246251565e-16 -0.4375000000000001
v 1.56900875 0.13420249999999995 0.4374999999999999
v 1.56900875 0.13420250000000017 -0.4375000000000001
v 1.270031875 0 0.4374999999999999
v 1.270031875 1.1102230246251565e-16 -0.4375000000000001
v 1.30599125 0.13420249999999995 0.4374999999999999
v 1.30599125 0.13420250000000017 -0.4375000000000001
v 0.9799681250000001 0.16746812499999997 0.4374999999999999
v 0.9799681250000001 0.1674681250000002 -0.4375000000000001
v 1.07821125 0.26571124999999995 0.4374999999999999
v 1.07821125 0.2657112500000002 -0.4375000000000001
v 0.8125 0.457531875 0.4375
v 0.8125 0.45753187500000014 -0.4375
v 0.9467025 0.49349124999999994 0.4375
v 0.9467025 0.49349125000000016 -0.4375
v 0.8125 0.792468125 0.4375
v 0.8125 0.7924681250000001 -0.4375
v 0.9467025 0.75650875 0.4375
v 0.9467025 0.7565087500000002 -0.4375
v 0.9799681250000001 1.082531875 0.4375000000000001
v 0.9799681250000001 1.0825318750000001 -0.4374999999999999
v 1.07821125 0.9842887499999999 0.4375000000000001
v 1.07821125 0.9842887500000002 -0.4374999999999999
v 1.270031875 1.25 0.4375000000000001
v 1.270031875 1.25 -0.4374999999999999
v 1.30599125 1.1157975 0.4375000000000001
v 1.30599125 1.1157975000000002 -0.4374999999999999
vt 0.3271171875 0.6171875
vt 0.34805078125 0.6171875
vt 0.34805078125 0.671875
vt 0.3271171875 0.671875
vt 0.4070640625 0.953125
vt 0.39062578125 0.953125
vt 0.39062578125 0.8984375
vt 0.4070640625 0.8984375
vt 0.047281640625 0.874425
vt 0.06151796875 0.86620546875
vt 0.067658203125 0.872345703125
vt 0.049529296875 0.8828125
vt 0.131560546875 0.8046875
vt 0.149689453125 0.815154296875
vt 0.14354921875 0.82129453125
vt 0.129312890625 0.813075
vt 0.28915625 0.8046875
vt 0.31008984375 0.8046875
vt 0.31008984375 0.859375
vt 0.28915625 0.859375
vt 0.107909375 0.6171875
vt 0.09147109375 0.6171875
vt 0.09147109375 0.5625
vt 0.107909375 0.5625
vt 0.06151796875 0.86620546875
vt 0.0697375 0.8519691406250001
vt 0.078125 0.854216796875
vt 0.067658203125 0.872345703125
vt 0.149689453125 0.815154296875
vt 0.16015625 0.833283203125
vt 0.15176875 0.8355308593749999
vt 0.14354921875 0.82129453125
vt 0.31008984375 0.8046875
vt 0.3310234375 0.8046875
vt 0.3310234375 0.859375
vt 0.31008984375 0.859375
vt 0.09147109375 0.6171875
vt 0.0750328125 0.6171875
vt 0.0750328125 0.5625
vt 0.09147109375 0.5625
vt 0.0697375 0.8519691406250001
vt 0.0697375 0.8355308593749999
vt 0.078125 0.833283203125
vt 0.078125 0.854216796875
vt 0.16015625 0.833283203125
vt 0.16015625 0.854216796875
vt 0.15176875 0.8519691406250001
vt 0.15176875 0.8355308593749999
vt 0.3310234375 0.8046875
vt 0.35195703125 0.8046875
vt 0.35195703125 0.859375
vt 0.3310234375 0.859375
vt 0.0750328125 0.6171875
vt 0.05859453125 0.6171875
vt 0.05859453125 0.5625
vt 0.0750328125 0.5625
vt 0.0697375 0.8355308593749999
vt 0.06151796875 0.82129453125
vt 0.067658203125 0.815154296875
vt 0.078125 0.833283203125
vt 0.16015625 0.854216796875
vt 0.149689453125 0.872345703125
vt 0.14354921875 0.86620546875
vt 0.15176875 0.8519691406250001
vt 0.32821875 0.74609375
vt 0.34915234375 0.74609375
vt 0.34915234375 0.80078125
vt 0.32821875 0.80078125
vt 0.264159375 0.61328125
vt 0.24772109375 0.61328125
vt 0.24772109375 0.55859375
vt 0.264159375 0.55859375
vt 0.06151796875 0.82129453125
vt 0.047281640625 0.813075
vt 0.049529296875 0.8046875
vt 0.067658203125 0.815154296875
vt 0.149689453125 0.872345703125
vt 0.131560546875 0.8828125
vt 0.129312890625 0.874425
vt 0.14354921875 0.86620546875
vt 0.34915234375 0.74609375
vt 0.3700859375 0.74609375
vt 0.3700859375 0.80078125
vt 0.34915234375 0.80078125
vt 0.24772109375 0.61328125
vt 0.2312828125 0.61328125
vt 0.2312828125 0.55859375
vt 0.24772109375 0.55859375
vt 0.047281640625 0.813075
vt 0.030843359375 0.813075
vt 0.028595703125 0.8046875
vt 0.049529296875 0.8046875
vt 0.131560546875 0.8828125
vt 0.110626953125 0.8828125
vt 0.112874609375 0.874425
vt 0.129312890625 0.874425
vt 0.3700859375 0.74609375
vt 0.39101953125 0.74609375
vt 0.39101953125 0.80078125
vt 0.3700859375 0.80078125
vt 0.2312828125 0.61328125
vt 0.21484453125 0.61328125
vt 0.21484453125 0.55859375
vt 0.2312828125 0.55859375
vt 0.030843359375 0.813075
vt 0.01660703125 0.82129453125
vt 0.010466796875 0.815154296875
vt 0.028595703125 0.8046875
vt 0.110626953125 0.8828125
vt 0.092498046875 0.872345703125
vt 0.09863828125 0.86620546875
vt 0.112874609375 0.874425
vt 0.2149375 0.6171875
vt 0.23587109375 0.6171875
vt 0.23587109375 0.671875
vt 0.2149375 0.671875
vt 0.318846875 0.61328125
vt 0.30240859375 0.61328125
vt 0.30240859375 0.55859375
vt 0.318846875 0.55859375
vt 0.01660703125 0.82129453125
vt 0.0083875 0.8355308593749999
vt 0 0.833283203125
vt 0.010466796875 0.815154296875
vt 0.092498046875 0.872345703125
vt 0.08203125 0.854216796875
vt 0.09041875 0.8519691406250001
vt 0.09863828125 0.86620546875
vt 0.23587109375 0.6171875
vt 0.2568046875 0.6171875
vt 0.2568046875 0.671875
vt 0.23587109375 0.671875
vt 0.30240859375 0.61328125
vt 0.2859703125 0.61328125
vt 0.2859703125 0.55859375
vt 0.30240859375 0.55859375
vt 0.0083875 0.8355308593749999
vt 0.0083875 0.8519691406250001
vt 0 0.854216796875
vt 0 0.833283203125
vt 0.08203125 0.854216796875
vt 0.08203125 0.833283203125
vt 0.09041875 0.8355308593749999
vt 0.09041875 0.8519691406250001
vt 0.2568046875 0.6171875
vt 0.27773828125 0.6171875
vt 0.27773828125 0.671875
vt 0.2568046875 0.671875
vt 0.2859703125 0.61328125
vt 0.26953203125 0.61328125
vt 0.26953203125 0.55859375
vt 0.2859703125 0.55859375
vt 0.0083875 0.8519691406250001
vt 0.01660703125 0.86620546875
vt 0.010466796875 0.872345703125
vt 0 0.854216796875
vt 0.08203125 0.833283203125
vt 0.092498046875 0.815154296875
vt 0.09863828125 0.82129453125
vt 0.09041875 0.8355308593749999
vt 0.28525 0.6171875
vt 0.30618359375 0.6171875
vt 0.30618359375 0.671875
vt 0.28525 0.671875
vt 0.439940625 0.953125
vt 0.42350234375 0.953125
vt 0.42350234375 0.8984375
vt 0.439940625 0.8984375
vt 0.01660703125 0.86620546875
vt 0.030843359375 0.874425
vt 0.028595703125 0.8828125
vt 0.010466796875 0.872345703125
vt 0.092498046875 0.815154296875
vt 0.110626953125 0.8046875
vt 0.112874609375 0.813075
vt 0.09863828125 0.82129453125
vt 0.30618359375 0.6171875
vt 0.3271171875 0.6171875
vt 0.3271171875 0.671875
vt 0.30618359375 0.671875
vt 0.42350234375 0.953125
vt 0.4070640625 0.953125
vt 0.4070640625 0.8984375
vt 0.42350234375 0.8984375
vt 0.030843359375 0.874425
vt 0.047281640625 0.874425
vt 0.049529296875 0.8828125
vt 0.028595703125 0.8828125
vt 0.110626953125 0.8046875
vt 0.131560546875 0.8046875
vt 0.129312890625 0.813075
vt 0.112874609375 0.813075
vn 0.4999994197155392 0.8660257388115691 1.922963430293232e-16
vn -0.49999973105600193 -0.8660255590592726 -1.9229630311629555e-16
vn 0 -2.220446049250313e-16 1
vn 0 2.220446049250313e-16 -1
vn 0.8660257388115691 0.4999994197155392 1.1102217361348181e-16
vn -0.8660255590592726 -0.49999973105600193 -1.1102224274495186e-16
vn 0 -2.220446049250313e-16 1
vn 0 2.220446049250313e-16 -1
vn 1 0 0
vn -1 0 0
vn 0 -2.220446049250313e-16 1
vn 0 2.220446049250313e-16 -1
vn 0.8660257388115691 -0.4999994197155392 -1.1102217361348181e-16
vn -0.8660255590592726 0.49999973105600193 1.1102224274495186e-16
vn 0 -2.220446049250313e-16 1
vn 0 2.220446049250313e-16 -1
vn 0.4999994197155392 -0.8660257388115691 -1.922963430293232e-16
vn -0.49999973105600193 0.8660255590592726 1.9229630311629555e-16
vn 0 -2.220446049250313e-16 1
vn 0 2.220446049250313e-16 -1
vn 0 -1 -2.220446049250313e-16
vn 0 1 2.220446049250313e-16
vn 0 -2.220446049250313e-16 1
vn 0 2.220446049250313e-16 -1
vn -0.4999994197155392 -0.8660257388115691 -1.922963430293232e-16
vn 0.49999973105600193 0.8660255590592726 1.9229630311629555e-16
vn 0 -2.220446049250313e-16 1
vn 0 2.220446049250313e-16 -1
vn -0.8660257388115691 -0.4999994197155392 -1.1102217361348181e-16
vn 0.8660255590592726 0.49999973105600193 1.1102224274495186e-16
vn 0 -2.220446049250313e-16 1
vn 0 2.220446049250313e-16 -1
vn -1 0 0
vn 1 0 0
vn 0 -2.220446049250313e-16 1
vn 0 2.220446049250313e-16 -1
vn -0.8660257388115691 0.4999994197155392 1.1102217361348181e-16
vn 0.8660255590592726 -0.49999973105600193 -1.1102224274495186e-16
vn 0 -2.220446049250313e-16 1
vn 0 2.220446049250313e-16 -1
vn -0.4999994197155392 0.8660257388115691 1.922963430293232e-16
vn 0.49999973105600193 -0.8660255590592726 -1.9229630311629555e-16
vn 0 -2.220446049250313e-16 1
vn 0 2.220446049250313e-16 -1
vn 0 1 2.220446049250313e-16
vn 0 -1 -2.220446049250313e-16
vn 0 -2.220446049250313e-16 1
vn 0 2.220446049250313e-16 -1
usemtl m_c04ff3ff-6f68-a1d6-5ef2-ffd6ff0a0417
f 1/1/1 5/2/1 6/3/1 2/4/1
f 4/5/2 8/6/2 7/7/2 3/8/2
f 3/9/3 7/10/3 5/11/3 1/12/3
f 2/13/4 6/14/4 8/15/4 4/16/4
f 5/17/5 9/18/5 10/19/5 6/20/5
f 8/21/6 12/22/6 11/23/6 7/24/6
f 7/25/7 11/26/7 9/27/7 5/28/7
f 6/29/8 10/30/8 12/31/8 8/32/8
f 9/33/9 13/34/9 14/35/9 10/36/9
f 12/37/10 16/38/10 15/39/10 11/40/10
f 11/41/11 15/42/11 13/43/11 9/44/11
f 10/45/12 14/46/12 16/47/12 12/48/12
f 13/49/13 17/50/13 18/51/13 14/52/13
f 16/53/14 20/54/14 19/55/14 15/56/14
f 15/57/15 19/58/15 17/59/15 13/60/15
f 14/61/16 18/62/16 20/63/16 16/64/16
f 17/65/17 21/66/17 22/67/17 18/68/17
f 20/69/18 24/70/18 23/71/18 19/72/18
f 19/73/19 23/74/19 21/75/19 17/76/19
f 18/77/20 22/78/20 24/79/20 20/80/20
f 21/81/21 25/82/21 26/83/21 22/84/21
f 24/85/22 28/86/22 27/87/22 23/88/22
f 23/89/23 27/90/23 25/91/23 21/92/23
f 22/93/24 26/94/24 28/95/24 24/96/24
f 25/97/25 29/98/25 30/99/25 26/100/25
f 28/101/26 32/102/26 31/103/26 27/104/26
f 27/105/27 31/106/27 29/107/27 25/108/27
f 26/109/28 30/110/28 32/111/28 28/112/28
f 29/113/29 33/114/29 34/115/29 30/116/29
f 32/117/30 36/118/30 35/119/30 31/120/30
f 31/121/31 35/122/31 33/123/31 29/124/31
f 30/125/32 34/126/32 36/127/32 32/128/32
f 33/129/33 37/130/33 38/131/33 34/132/33
f 36/133/34 40/134/34 39/135/34 35/136/34
f 35/137/35 39/138/35 37/139/35 33/140/35
f 34/141/36 38/142/36 40/143/36 36/144/36
f 37/145/37 41/146/37 42/147/37 38/148/37
f 40/149/38 44/150/38 43/151/38 39/152/38
f 39/153/39 43/154/39 41/155/39 37/156/39
f 38/157/40 42/158/40 44/159/40 40/160/40
f 41/161/41 45/162/41 46/163/41 42/164/41
f 44/165/42 48/166/42 47/167/42 43/168/42
f 43/169/43 47/170/43 45/171/43 41/172/43
f 42/173/44 46/174/44 48/175/44 44/176/44
f 45/177/45 1/178/45 2/179/45 46/180/45
f 48/181/46 4/182/46 3/183/46 47/184/46
f 47/185/47 3/186/47 1/187/47 45/188/47
f 46/189/48 2/190/48 4/191/48 48/192/48
o tube
v 1.571474375 1.125 0.3125000000000001
v 1.571474375 1.125 -0.3124999999999999
v 1.542706875 1.017638125 0.3125000000000001
v 1.542706875 1.0176381250000002 -0.3124999999999999
v 1.803525625 0.991025625 0.3125000000000001
v 1.803525625 0.9910256250000001 -0.3124999999999999
v 1.72493125 0.91243125 0.31250000000000006
v 1.72493125 0.9124312500000001 -0.3124999999999999
v 1.9375 0.758974375 0.3125
v 1.9375 0.7589743750000002 -0.3125
v 1.830138125 0.730206875 0.3125
v 1.830138125 0.7302068750000001 -0.3125
v 1.9375 0.49102562499999997 0.3125
v 1.9375 0.49102562500000013 -0.3125
v 1.830138125 0.519793125 0.3125
v 1.830138125 0.5197931250000001 -0.3125
v 1.803525625 0.258974375 0.3124999999999999
v 1.803525625 0.2589743750000001 -0.3125000000000001
v 1.72493125 0.33756875 0.31249999999999994
v 1.72493125 0.3375687500000001 -0.3125000000000001
v 1.571474375 0.125 0.3124999999999999
v 1.571474375 0.1250000000000001 -0.3125000000000001
v 1.542706875 0.232361875 0.3124999999999999
v 1.542706875 0.2323618750000001 -0.3125000000000001
v 1.303525625 0.125 0.3124999999999999
v 1.303525625 0.1250000000000001 -0.3125000000000001
v 1.332293125 0.232361875 0.3124999999999999
v 1.332293125 0.2323618750000001 -0.3125000000000001
v 1.071474375 0.258974375 0.3124999999999999
v 1.071474375 0.2589743750000001 -0.3125000000000001
v 1.15006875 0.33756875 0.31249999999999994
v 1.15006875 0.3375687500000001 -0.3125000000000001
v 0.9375 0.49102562499999997 0.3125
v 0.9375 0.49102562500000013 -0.3125
v 1.044861875 0.519793125 0.3125
v 1.044861875 0.5197931250000001 -0.3125
v 0.9375 0.758974375 0.3125
v 0.9375 0.7589743750000002 -0.3125
v 1.044861875 0.730206875 0.3125
v 1.044861875 0.7302068750000001 -0.3125
v 1.071474375 0.991025625 0.3125000000000001
v 1.071474375 0.9910256250000001 -0.3124999999999999
v 1.15006875 0.91243125 0.31250000000000006
v 1.15006875 0.9124312500000001 -0.3124999999999999
v 1.303525625 1.125 0.3125000000000001
v 1.303525625 1.125 -0.3124999999999999
v 1.332293125 1.017638125 0.3125000000000001
v 1.332293125 1.0176381250000002 -0.3124999999999999
vt 0.494457421875 0.85546875
vt 0.511204296875 0.85546875
vt 0.511204296875 0.89453125
vt 0.494457421875 0.89453125
vt 0.37648125 0.51953125
vt 0.36333046875 0.51953125
vt 0.36333046875 0.48046875
vt 0.37648125 0.48046875
vt 0.037825390625 0.73547734375
vt 0.049214453125 0.7289019531250001
vt 0.0541265625 0.7338140625
vt 0.0396234375 0.7421875
vt 0.3013421875 0.734375
vt 0.3158453125 0.7427484375
vt 0.310933203125 0.7476605468749999
vt 0.299544140625 0.74108515625
vt 0.156276171875 0.5078125
vt 0.173023046875 0.5078125
vt 0.173023046875 0.546875
vt 0.156276171875 0.546875
vt 0.3559078125 0.546875
vt 0.34275703125 0.546875
vt 0.34275703125 0.5078125
vt 0.3559078125 0.5078125
vt 0.049214453125 0.7289019531250001
vt 0.05578984375 0.717512890625
vt 0.0625 0.7193109375
vt 0.0541265625 0.7338140625
vt 0.3158453125 0.7427484375
vt 0.32421875 0.7572515625
vt 0.31750859375 0.759049609375
vt 0.310933203125 0.7476605468749999
vt 0.173023046875 0.5078125
vt 0.189769921875 0.5078125
vt 0.189769921875 0.546875
vt 0.173023046875 0.546875
vt 0.34275703125 0.546875
vt 0.32960625 0.546875
vt 0.32960625 0.5078125
vt 0.34275703125 0.5078125
vt 0.05578984375 0.717512890625
vt 0.05578984375 0.704362109375
vt 0.0625 0.7025640625
vt 0.0625 0.7193109375
vt 0.32421875 0.7572515625
vt 0.32421875 0.7739984375
vt 0.31750859375 0.772200390625
vt 0.31750859375 0.759049609375
vt 0.189769921875 0.5078125
vt 0.206516796875 0.5078125
vt 0.206516796875 0.546875
vt 0.189769921875 0.546875
vt 0.32960625 0.546875
vt 0.31645546875 0.546875
vt 0.31645546875 0.5078125
vt 0.32960625 0.5078125
vt 0.05578984375 0.704362109375
vt 0.049214453125 0.6929730468749999
vt 0.0541265625 0.6880609375
vt 0.0625 0.7025640625
vt 0.32421875 0.7739984375
vt 0.3158453125 0.7885015625
vt 0.310933203125 0.7835894531250001
vt 0.31750859375 0.772200390625
vt 0.421901171875 0.5078125
vt 0.438648046875 0.5078125
vt 0.438648046875 0.546875
vt 0.421901171875 0.546875
vt 0.5160640625 0.546875
vt 0.50291328125 0.546875
vt 0.50291328125 0.5078125
vt 0.5160640625 0.5078125
vt 0.049214453125 0.6929730468749999
vt 0.037825390625 0.68639765625
vt 0.0396234375 0.6796875
vt 0.0541265625 0.6880609375
vt 0.3158453125 0.7885015625
vt 0.3013421875 0.796875
vt 0.299544140625 0.79016484375
vt 0.310933203125 0.7835894531250001
vt 0.438648046875 0.5078125
vt 0.455394921875 0.5078125
vt 0.455394921875 0.546875
vt 0.438648046875 0.546875
vt 0.50291328125 0.546875
vt 0.4897625 0.546875
vt 0.4897625 0.5078125
vt 0.50291328125 0.5078125
vt 0.037825390625 0.68639765625
vt 0.024674609375 0.68639765625
vt 0.0228765625 0.6796875
vt 0.0396234375 0.6796875
vt 0.3013421875 0.796875
vt 0.2845953125 0.796875
vt 0.286393359375 0.79016484375
vt 0.299544140625 0.79016484375
vt 0.455394921875 0.5078125
vt 0.472141796875 0.5078125
vt 0.472141796875 0.546875
vt 0.455394921875 0.546875
vt 0.4897625 0.546875
vt 0.47661171875 0.546875
vt 0.47661171875 0.5078125
vt 0.4897625 0.5078125
vt 0.024674609375 0.68639765625
vt 0.013285546875 0.6929730468749999
vt 0.0083734375 0.6880609375
vt 0.0228765625 0.6796875
vt 0.2845953125 0.796875
vt 0.2700921875 0.7885015625
vt 0.275004296875 0.7835894531250001
vt 0.286393359375 0.79016484375
vt 0.460963671875 0.9609375
vt 0.477710546875 0.9609375
vt 0.477710546875 1
vt 0.460963671875 1
vt 0.0395015625 0.51953125
vt 0.02635078125 0.51953125
vt 0.02635078125 0.48046875
vt 0.0395015625 0.48046875
vt 0.013285546875 0.6929730468749999
vt 0.00671015625 0.704362109375
vt 0 0.7025640625
vt 0.0083734375 0.6880609375
vt 0.2700921875 0.7885015625
vt 0.26171875 0.7739984375
vt 0.26842890625 0.772200390625
vt 0.275004296875 0.7835894531250001
vt 0.477710546875 0.9609375
vt 0.494457421875 0.9609375
vt 0.494457421875 1
vt 0.477710546875 1
vt 0.02635078125 0.51953125
vt 0.0132 0.51953125
vt 0.0132 0.48046875
vt 0.02635078125 0.48046875
vt 0.00671015625 0.704362109375
vt 0.00671015625 0.717512890625
vt 0 0.7193109375
vt 0 0.7025640625
vt 0.26171875 0.7739984375
vt 0.26171875 0.7572515625
vt 0.26842890625 0.759049609375
vt 0.26842890625 0.772200390625
vt 0.494457421875 0.9609375
vt 0.511204296875 0.9609375
vt 0.511204296875 1
vt 0.494457421875 1
vt 0.0132 0.51953125
vt 0.00004921875 0.51953125
vt 0.00004921875 0.48046875
vt 0.0132 0.48046875
vt 0.00671015625 0.717512890625
vt 0.013285546875 0.7289019531250001
vt 0.0083734375 0.7338140625
vt 0 0.7193109375
vt 0.26171875 0.7572515625
vt 0.2700921875 0.7427484375
vt 0.275004296875 0.7476605468749999
vt 0.26842890625 0.759049609375
vt 0.460963671875 0.85546875
vt 0.477710546875 0.85546875
vt 0.477710546875 0.89453125
vt 0.460963671875 0.89453125
vt 0.4027828125 0.51953125
vt 0.38963203125 0.51953125
vt 0.38963203125 0.48046875
vt 0.4027828125 0.48046875
vt 0.013285546875 0.7289019531250001
vt 0.024674609375 0.73547734375
vt 0.0228765625 0.7421875
vt 0.0083734375 0.7338140625
vt 0.2700921875 0.7427484375
vt 0.2845953125 0.734375
vt 0.286393359375 0.74108515625
vt 0.275004296875 0.7476605468749999
vt 0.477710546875 0.85546875
vt 0.494457421875 0.85546875
vt 0.494457421875 0.89453125
vt 0.477710546875 0.89453125
vt 0.38963203125 0.51953125
vt 0.37648125 0.51953125
vt 0.37648125 0.48046875
vt 0.38963203125 0.48046875
vt 0.024674609375 0.73547734375
vt 0.037825390625 0.73547734375
vt 0.0396234375 0.7421875
vt 0.0228765625 0.7421875
vt 0.2845953125 0.734375
vt 0.3013421875 0.734375
vt 0.299544140625 0.74108515625
vt 0.286393359375 0.74108515625
vn 0.49999866583004415 0.8660261740664515 1.9229643967532163e-16
vn -0.4999985137920102 -0.8660262618453213 -1.9229645916614608e-16
vn 0 -2.220446049250313e-16 1
vn 0 2.220446049250313e-16 -1
vn 0.8660261740664515 0.49999866583004415 1.110220062172749e-16
vn -0.8660262618453213 -0.4999985137920102 -1.1102197245804973e-16
vn 0 -2.220446049250313e-16 1
vn 0 2.220446049250313e-16 -1
vn 1 0 0
vn -1 0 0
vn 0 -2.220446049250313e-16 1
vn 0 2.220446049250313e-16 -1
vn 0.8660261740664515 -0.49999866583004415 -1.110220062172749e-16
vn -0.8660262618453213 0.4999985137920102 1.1102197245804973e-16
vn 0 -2.220446049250313e-16 1
vn 0 2.220446049250313e-16 -1
vn 0.49999866583004415 -0.8660261740664515 -1.9229643967532163e-16
vn -0.4999985137920102 0.8660262618453213 1.9229645916614608e-16
vn 0 -2.220446049250313e-16 1
vn 0 2.220446049250313e-16 -1
vn 0 -1 -2.220446049250313e-16
vn 0 1 2.220446049250313e-16
vn 0 -2.220446049250313e-16 1
vn 0 2.220446049250313e-16 -1
vn -0.49999866583004415 -0.8660261740664515 -1.9229643967532163e-16
vn 0.4999985137920102 0.8660262618453213 1.9229645916614608e-16
vn 0 -2.220446049250313e-16 1
vn 0 2.220446049250313e-16 -1
vn -0.8660261740664515 -0.49999866583004415 -1.110220062172749e-16
vn 0.8660262618453213 0.4999985137920102 1.1102197245804973e-16
vn 0 -2.220446049250313e-16 1
vn 0 2.220446049250313e-16 -1
vn -1 0 0
vn 1 0 0
vn 0 -2.220446049250313e-16 1
vn 0 2.220446049250313e-16 -1
vn -0.8660261740664515 0.49999866583004415 1.110220062172749e-16
vn 0.8660262618453213 -0.4999985137920102 -1.1102197245804973e-16
vn 0 -2.220446049250313e-16 1
vn 0 2.220446049250313e-16 -1
vn -0.49999866583004415 0.8660261740664515 1.9229643967532163e-16
vn 0.4999985137920102 -0.8660262618453213 -1.9229645916614608e-16
vn 0 -2.220446049250313e-16 1
vn 0 2.220446049250313e-16 -1
vn 0 1 2.220446049250313e-16
vn 0 -1 -2.220446049250313e-16
vn 0 -2.220446049250313e-16 1
vn 0 2.220446049250313e-16 -1
usemtl m_c04ff3ff-6f68-a1d6-5ef2-ffd6ff0a0417
f 49/193/49 53/194/49 54/195/49 50/196/49
f 52/197/50 56/198/50 55/199/50 51/200/50
f 51/201/51 55/202/51 53/203/51 49/204/51
f 50/205/52 54/206/52 56/207/52 52/208/52
f 53/209/53 57/210/53 58/211/53 54/212/53
f 56/213/54 60/214/54 59/215/54 55/216/54
f 55/217/55 59/218/55 57/219/55 53/220/55
f 54/221/56 58/222/56 60/223/56 56/224/56
f 57/225/57 61/226/57 62/227/57 58/228/57
f 60/229/58 64/230/58 63/231/58 59/232/58
f 59/233/59 63/234/59 61/235/59 57/236/59
f 58/237/60 62/238/60 64/239/60 60/240/60
f 61/241/61 65/242/61 66/243/61 62/244/61
f 64/245/62 68/246/62 67/247/62 63/248/62
f 63/249/63 67/250/63 65/251/63 61/252/63
f 62/253/64 66/254/64 68/255/64 64/256/64
f 65/257/65 69/258/65 70/259/65 66/260/65
f 68/261/66 72/262/66 71/263/66 67/264/66
f 67/265/67 71/266/67 69/267/67 65/268/67
f 66/269/68 70/270/68 72/271/68 68/272/68
f 69/273/69 73/274/69 74/275/69 70/276/69
f 72/277/70 76/278/70 75/279/70 71/280/70
f 71/281/71 75/282/71 73/283/71 69/284/71
f 70/285/72 74/286/72 76/287/72 72/288/72
f 73/289/73 77/290/73 78/291/73 74/292/73
f 76/293/74 80/294/74 79/295/74 75/296/74
f 75/297/75 79/298/75 77/299/75 73/300/75
f 74/301/76 78/302/76 80/303/76 76/304/76
f 77/305/77 81/306/77 82/307/77 78/308/77
f 80/309/78 84/310/78 83/311/78 79/312/78
f 79/313/79 83/314/79 81/315/79 77/316/79
f 78/317/80 82/318/80 84/319/80 80/320/80
f 81/321/81 85/322/81 86/323/81 82/324/81
f 84/325/82 88/326/82 87/327/82 83/328/82
f 83/329/83 87/330/83 85/331/83 81/332/83
f 82/333/84 86/334/84 88/335/84 84/336/84
f 85/337/85 89/338/85 90/339/85 86/340/85
f 88/341/86 92/342/86 91/343/86 87/344/86
f 87/345/87 91/346/87 89/347/87 85/348/87
f 86/349/88 90/350/88 92/351/88 88/352/88
f 89/353/89 93/354/89 94/355/89 90/356/89
f 92/357/90 96/358/90 95/359/90 91/360/90
f 91/361/91 95/362/91 93/363/91 89/364/91
f 90/365/92 94/366/92 96/367/92 92/368/92
f 93/369/93 49/370/93 50/371/93 94/372/93
f 96/373/94 52/374/94 51/375/94 95/376/94
f 95/377/95 51/378/95 49/379/95 93/380/95
f 94/381/96 50/382/96 52/383/96 96/384/96
o torus
v -0.955320625 0.10000000000000003 0.1731593750000001
v -0.93637375 0.029289375000000006 0.1224425000000001
v -0.928525625 0 1.1102230246251565e-16
v -0.93637375 0.029289375000000006 -0.12244249999999988
v -0.955320625 0.09999999999999992 -0.17315937499999992
v -0.9742675 0.170710625 -0.12244249999999993
v -0.982115 0.2 6.661338147750939e-17
v -0.9742675 0.170710625 0.12244250000000007
v -0.7696793749999999 0.20717937500000005 0.17315937500000006
v -0.7179156250000001 0.155415625 0.12244250000000008
v -0.696474375 0.13397437499999998 8.127401529556267e-17
v -0.7179156250000001 0.155415625 -0.12244249999999991
v -0.7696793749999999 0.20717937499999994 -0.17315937499999995
v -0.82144375 0.25894375 -0.12244249999999994
v -0.842885 0.280385 4.876432591061075e-17
v -0.82144375 0.25894375000000003 0.12244250000000005
v -0.6625 0.39282062500000003 0.17315937500000003
v -0.5917893750000001 0.37387375 0.12244250000000002
v -0.5625 0.366025625 2.974828716695299e-17
v -0.5917893750000001 0.37387375 -0.12244249999999997
v -0.6625 0.392820625 -0.17315937499999998
v -0.733210625 0.41176749999999995 -0.12244249999999998
v -0.7625 0.419615 1.784905556689864e-17
v -0.733210625 0.4117675 0.12244250000000001
v -0.6625 0.6071793750000001 0.17315937499999998
v -0.5917893750000001 0.62612625 0.12244249999999997
v -0.5625 0.633974375 -2.974828716695299e-17
v -0.5917893750000001 0.62612625 -0.12244250000000002
v -0.6625 0.607179375 -0.17315937500000003
v -0.733210625 0.5882324999999999 -0.12244250000000001
v -0.7625 0.580385 -1.784905556689864e-17
v -0.733210625 0.5882325 0.12244249999999998
v -0.7696793749999999 0.7928206250000001 0.17315937499999995
v -0.7179156250000001 0.8445843749999999 0.12244249999999991
v -0.696474375 0.866025625 -8.127401529556267e-17
v -0.7179156250000001 0.8445843749999999 -0.12244250000000008
v -0.7696793749999999 0.792820625 -0.17315937500000006
v -0.82144375 0.74105625 -0.12244250000000005
v -0.842885 0.719615 -4.876432591061075e-17
v -0.82144375 0.74105625 0.12244249999999994
v -0.955320625 0.9000000000000001 0.17315937499999992
v -0.93637375 0.9707106249999999 0.12244249999999988
v -0.928525625 1 -1.1102230246251565e-16
v -0.93637375 0.9707106249999999 -0.1224425000000001
v -0.955320625 0.8999999999999999 -0.1731593750000001
v -0.9742675 0.829289375 -0.12244250000000007
v -0.982115 0.8 -6.661338147750939e-17
v -0.9742675 0.829289375 0.12244249999999993
v -1.169679375 0.9000000000000001 0.17315937499999992
v -1.18862625 0.9707106249999999 0.12244249999999988
v -1.196474375 1 -1.1102230246251565e-16
v -1.18862625 0.9707106249999999 -0.1224425000000001
v -1.169679375 0.8999999999999999 -0.1731593750000001
v -1.1507325 0.829289375 -0.12244250000000007
v -1.142885 0.8 -6.661338147750939e-17
v -1.1507325 0.829289375 0.12244249999999993
v -1.355320625 0.7928206250000001 0.17315937499999995
v -1.407084375 0.8445843749999999 0.12244249999999991
v -1.428525625 0.866025625 -8.127401529556267e-17
v -1.407084375 0.8445843749999999 -0.12244250000000008
v -1.355320625 0.792820625 -0.17315937500000006
v -1.30355625 0.74105625 -0.12244250000000005
v -1.2821150000000001 0.719615 -4.876432591061075e-17
v -1.30355625 0.74105625 0.12244249999999994
v -1.4625 0.6071793750000001 0.17315937499999998
v -1.533210625 0.62612625 0.12244249999999997
v -1.5625 0.633974375 -2.974828716695299e-17
v -1.533210625 0.62612625 -0.12244250000000002
v -1.4625 0.607179375 -0.17315937500000003
v -1.391789375 0.5882324999999999 -0.12244250000000001
v -1.3625 0.580385 -1.784905556689864e-17
v -1.391789375 0.5882325 0.12244249999999998
v -1.4625 0.39282062500000003 0.17315937500000003
v -1.533210625 0.37387375 0.12244250000000002
v -1.5625 0.366025625 2.974828716695299e-17
v -1.533210625 0.37387375 -0.12244249999999997
v -1.4625 0.392820625 -0.17315937499999998
v -1.391789375 0.41176749999999995 -0.12244249999999998
v -1.3625 0.419615 1.784905556689864e-17
v -1.391789375 0.4117675 0.12244250000000001
v -1.355320625 0.20717937500000005 0.17315937500000006
v -1.407084375 0.155415625 0.12244250000000008
v -1.428525625 0.13397437499999998 8.127401529556267e-17
v -1.407084375 0.155415625 -0.12244249999999991
v -1.355320625 0.20717937499999994 -0.17315937499999995
v -1.30355625 0.25894375 -0.12244249999999994
v -1.2821150000000001 0.280385 4.876432591061075e-17
v -1.30355625 0.25894375000000003 0.12244250000000005
v -1.169679375 0.10000000000000003 0.1731593750000001
v -1.18862625 0.029289375000000006 0.1224425000000001
v -1.196474375 0 1.1102230246251565e-16
v -1.18862625 0.029289375000000006 -0.12244249999999988
v -1.169679375 0.09999999999999992 -0.17315937499999992
v -1.1507325 0.170710625 -0.12244249999999993
v -1.142885 0.2 6.661338147750939e-17
v -1.1507325 0.170710625 0.12244250000000007
vt 0.5236666015625 0.6014875390625001
vt 0.5248505859375 0.5960488671874999
vt 0.5391894921875 0.6026025390625
vt 0.5358518359375 0.6070568359374999
vt 0.5021455078125 0.5019478515625
vt 0.5026361328125 0.4940791015625
vt 0.51925328125 0.49615937499999996
vt 0.5177890234375 0.50390625
vt 0.5026361328125 0.4940791015625
vt 0.504100390625 0.486332265625
vt 0.51974390625 0.488290625
vt 0.51925328125 0.49615937499999996
vt 0.5014130859375 0.6327108984375001
vt 0.5002291015625 0.6272722265624999
vt 0.5124143359375 0.6217029296875001
vt 0.5157519921875 0.6261572265625
vt 0.5131986328125 0.9384765625
vt 0.5143830078125 0.943915234375
vt 0.5043528125 0.94850125
vt 0.5010141796875 0.944047578125
vt 0.08447265625 0.656155234375
vt 0.0830087890625 0.66390171875
vt 0.0730385546875 0.662653515625
vt 0.0735291796875 0.65478515625
vt 0.1481740234375 0.945256640625
vt 0.1476837890625 0.953125
vt 0.1367401953125 0.951756015625
vt 0.138203671875 0.9440094140625
vt 0.2839142578125 0.498467578125
vt 0.2827298828125 0.50390625
vt 0.2705454296875 0.49833523437500005
vt 0.2738840625 0.49388156250000004
vt 0.5358518359375 0.6070568359374999
vt 0.5391894921875 0.6026025390625
vt 0.549506484375 0.6145237109375
vt 0.54461921875 0.6171875
vt 0.0488613671875 0.5
vt 0.047397109375 0.49225312499999996
vt 0.0640142578125 0.4901728515625
vt 0.0645048828125 0.4980416015625
vt 0.047397109375 0.49225312499999996
vt 0.046906484375 0.484384375
vt 0.06255 0.482426015625
vt 0.0640142578125 0.4901728515625
vt 0.5157519921875 0.6261572265625
vt 0.5124143359375 0.6217029296875001
vt 0.52118171875 0.611572265625
vt 0.526068984375 0.6142360546875
vt 0.5010141796875 0.944047578125
vt 0.5043528125 0.94850125
vt 0.4971378125 0.9568427734375
vt 0.4922495703125 0.954180625
vt 0.0735291796875 0.65478515625
vt 0.0730385546875 0.662653515625
vt 0.0629905078125 0.662653515625
vt 0.0625002734375 0.65478515625
vt 0.3674115625 0.6861969140624999
vt 0.3688750390625 0.693943515625
vt 0.3579314453125 0.6953125
vt 0.3574412109375 0.687444140625
vt 0.2738840625 0.49388156250000004
vt 0.2705454296875 0.49833523437500005
vt 0.2617808203125 0.4882021875
vt 0.2666690625 0.4855400390625
vt 0.1535794921875 0.8828125
vt 0.1523955078125 0.87890625
vt 0.1681611328125 0.87890625
vt 0.1669771484375 0.8828125
vt 0.0645048828125 0.4980416015625
vt 0.0640142578125 0.4901728515625
vt 0.0807611328125 0.4901728515625
vt 0.0802705078125 0.4980416015625
vt 0.0640142578125 0.4901728515625
vt 0.0645048828125 0.48230410156250003
vt 0.0802705078125 0.48230410156250003
vt 0.0807611328125 0.4901728515625
vt 0.0703642578125 0.8828125
vt 0.0715482421875 0.87890625
vt 0.0849458984375 0.87890625
vt 0.0861298828125 0.8828125
vt 0.1657564453125 0.765625
vt 0.1645720703125 0.76953125
vt 0.1535431640625 0.76953125
vt 0.1523587890625 0.765625
vt 0.3579314453125 0.6795757812500001
vt 0.3574412109375 0.687444140625
vt 0.3473927734375 0.687444140625
vt 0.3469025390625 0.6795757812500001
vt 0.3574412109375 0.687444140625
vt 0.3579314453125 0.6953125
vt 0.3469025390625 0.6953125
vt 0.3473927734375 0.687444140625
vt 0.0434783203125 0.8203125
vt 0.0446626953125 0.82421875
vt 0.0312650390625 0.82421875
vt 0.0324494140625 0.8203125
vt 0.485410078125 0.7890625
vt 0.4805228125 0.7863987109375
vt 0.4908398046875 0.7744775390625
vt 0.4941774609375 0.7789318359375
vt 0.0802705078125 0.4980416015625
vt 0.0807611328125 0.4901728515625
vt 0.09737828125 0.49225312499999996
vt 0.0959140234375 0.5
vt 0.0807611328125 0.4901728515625
vt 0.082225390625 0.482426015625
vt 0.09786890625 0.484384375
vt 0.09737828125 0.49225312499999996
vt 0.1836478125 0.8407985546875
vt 0.188535078125 0.838134765625
vt 0.1973024609375 0.8482654296875
vt 0.1939648046875 0.8527197265625
vt 0.1920766015625 0.903399375
vt 0.187188359375 0.9060615234375
vt 0.179973359375 0.89772
vt 0.1833119921875 0.893266328125
vt 0.4399411328125 0.83447265625
vt 0.4394508984375 0.842341015625
vt 0.4294028515625 0.842341015625
vt 0.4289122265625 0.83447265625
vt 0.3473927734375 0.687444140625
vt 0.3469025390625 0.6953125
vt 0.3359589453125 0.693943515625
vt 0.337422421875 0.6861969140624999
vt 0.546563359375 0.8996025390625
vt 0.5514516015625 0.9022646875
vt 0.5426869921875 0.912397734375
vt 0.539348359375 0.9079440625
vt 0.4941774609375 0.7789318359375
vt 0.4908398046875 0.7744775390625
vt 0.5051787109375 0.7679238671874999
vt 0.5063626953125 0.7733625390625
vt 0.4121426171875 0.50390625
vt 0.410678359375 0.49615937499999996
vt 0.4272955078125 0.4940791015625
vt 0.4277861328125 0.5019478515625
vt 0.410678359375 0.49615937499999996
vt 0.410187734375 0.488290625
vt 0.42583125 0.486332265625
vt 0.4272955078125 0.4940791015625
vt 0.1939648046875 0.8527197265625
vt 0.1973024609375 0.8482654296875
vt 0.2094876953125 0.8538347265625
vt 0.2083037109375 0.8592733984375001
vt 0.1833119921875 0.893266328125
vt 0.179973359375 0.89772
vt 0.1699431640625 0.893133984375
vt 0.1711275390625 0.8876953125
vt 0.4289122265625 0.83447265625
vt 0.4294028515625 0.842341015625
vt 0.4194326171875 0.84358921875
vt 0.41796875 0.835842734375
vt 0.1681928125 0.9908844140625
vt 0.1696562890625 0.998631015625
vt 0.1587126953125 1
vt 0.1582224609375 0.992131640625
vt 0.539348359375 0.9079440625
vt 0.5426869921875 0.912397734375
vt 0.5305025390625 0.91796875
vt 0.5293181640625 0.912530078125
vt 0.5063626953125 0.7733625390625
vt 0.5051787109375 0.7679238671874999
vt 0.5209443359375 0.7679238671874999
vt 0.5197603515625 0.7733625390625
vt 0.4277861328125 0.5019478515625
vt 0.4272955078125 0.4940791015625
vt 0.4440423828125 0.4940791015625
vt 0.4435517578125 0.5019478515625
vt 0.4272955078125 0.4940791015625
vt 0.4277861328125 0.48621035156250003
vt 0.4435517578125 0.48621035156250003
vt 0.4440423828125 0.4940791015625
vt 0.2083037109375 0.8592733984375001
vt 0.2094876953125 0.8538347265625
vt 0.2228853515625 0.8538347265625
vt 0.2240693359375 0.8592733984375001
vt 0.1711275390625 0.8876953125
vt 0.1699431640625 0.893133984375
vt 0.1589142578125 0.893133984375
vt 0.1577298828125 0.8876953125
vt 0.1587126953125 0.98426328125
vt 0.1582224609375 0.992131640625
vt 0.1481740234375 0.992131640625
vt 0.1476837890625 0.98426328125
vt 0.1582224609375 0.992131640625
vt 0.1587126953125 1
vt 0.1476837890625 1
vt 0.1481740234375 0.992131640625
vt 0.5293181640625 0.912530078125
vt 0.5305025390625 0.91796875
vt 0.5171048828125 0.91796875
vt 0.5182892578125 0.912530078125
vt 0.5197603515625 0.7733625390625
vt 0.5209443359375 0.7679238671874999
vt 0.5352832421875 0.7744775390625
vt 0.5319455859375 0.7789318359375
vt 0.4435517578125 0.5019478515625
vt 0.4440423828125 0.4940791015625
vt 0.46065953125 0.49615937499999996
vt 0.4591952734375 0.50390625
vt 0.4440423828125 0.4940791015625
vt 0.445506640625 0.486332265625
vt 0.46115015625 0.488290625
vt 0.46065953125 0.49615937499999996
vt 0.2240693359375 0.8592733984375001
vt 0.2228853515625 0.8538347265625
vt 0.2350705859375 0.8482654296875
vt 0.2384082421875 0.8527197265625
vt 0.1577298828125 0.8876953125
vt 0.1589142578125 0.893133984375
vt 0.1488840625 0.89772
vt 0.1455454296875 0.893266328125
vt 0.15478515625 0.644436484375
vt 0.1533212890625 0.65218296875
vt 0.1433510546875 0.650934765625
vt 0.1438416796875 0.64306640625
vt 0.1481740234375 0.992131640625
vt 0.1476837890625 1
vt 0.1367401953125 0.998631015625
vt 0.138203671875 0.9908844140625
vt 0.5182892578125 0.912530078125
vt 0.5171048828125 0.91796875
vt 0.5049204296875 0.912397734375
vt 0.5082590625 0.9079440625
vt 0.5319455859375 0.7789318359375
vt 0.5352832421875 0.7744775390625
vt 0.545600234375 0.7863987109375
vt 0.54071296875 0.7890625
vt 0.5019863671875 0.8515625
vt 0.500522109375 0.843815625
vt 0.5171392578125 0.8417353515625
vt 0.5176298828125 0.8496041015625
vt 0.500522109375 0.843815625
vt 0.500031484375 0.835946875
vt 0.515675 0.833988515625
vt 0.5171392578125 0.8417353515625
vt 0.2384082421875 0.8527197265625
vt 0.2350705859375 0.8482654296875
vt 0.24383796875 0.838134765625
vt 0.248725234375 0.8407985546875
vt 0.1455454296875 0.893266328125
vt 0.1488840625 0.89772
vt 0.1416690625 0.9060615234375
vt 0.1367808203125 0.903399375
vt 0.1438416796875 0.64306640625
vt 0.1433510546875 0.650934765625
vt 0.1333030078125 0.650934765625
vt 0.1328127734375 0.64306640625
vt 0.5314740625 0.8190094140624999
vt 0.5329375390625 0.826756015625
vt 0.5219939453125 0.828125
vt 0.5215037109375 0.820256640625
vt 0.5082590625 0.9079440625
vt 0.5049204296875 0.912397734375
vt 0.4961558203125 0.9022646875
vt 0.5010440625 0.8996025390625
vt 0.0988919921875 0.73046875
vt 0.0977080078125 0.7265625
vt 0.1134736328125 0.7265625
vt 0.1122896484375 0.73046875
vt 0.5176298828125 0.8496041015625
vt 0.5171392578125 0.8417353515625
vt 0.5338861328125 0.8417353515625
vt 0.5333955078125 0.8496041015625
vt 0.5171392578125 0.8417353515625
vt 0.5176298828125 0.8338666015625
vt 0.5333955078125 0.8338666015625
vt 0.5338861328125 0.8417353515625
vt 0.1523955078125 0.90625
vt 0.1535794921875 0.90234375
vt 0.1669771484375 0.90234375
vt 0.1681611328125 0.90625
vt 0.2204439453125 0.765625
vt 0.2192595703125 0.76953125
vt 0.2082306640625 0.76953125
vt 0.2070462890625 0.765625
vt 0.5219939453125 0.8123882812500001
vt 0.5215037109375 0.820256640625
vt 0.5114552734375 0.820256640625
vt 0.5109650390625 0.8123882812500001
vt 0.5215037109375 0.820256640625
vt 0.5219939453125 0.828125
vt 0.5109650390625 0.828125
vt 0.5114552734375 0.820256640625
vt 0.1255095703125 0.8203125
vt 0.1266939453125 0.82421875
vt 0.1132962890625 0.82421875
vt 0.1144806640625 0.8203125
vt 0.489316328125 0.6171875
vt 0.4844290625 0.6145237109375
vt 0.4947460546875 0.6026025390625
vt 0.4980837109375 0.6070568359374999
vt 0.5333955078125 0.8496041015625
vt 0.5338861328125 0.8417353515625
vt 0.55050328125 0.843815625
vt 0.5490390234375 0.8515625
vt 0.5338861328125 0.8417353515625
vt 0.535350390625 0.833988515625
vt 0.55099390625 0.835946875
vt 0.55050328125 0.843815625
vt 0.4609915625 0.6142360546875
vt 0.465878828125 0.611572265625
vt 0.4746462109375 0.6217029296875001
vt 0.4713085546875 0.6261572265625
vt 0.5475453515625 0.954180625
vt 0.542657109375 0.9568427734375
vt 0.535442109375 0.94850125
vt 0.5387807421875 0.944047578125
vt 0.4711911328125 0.77978515625
vt 0.4707008984375 0.787653515625
vt 0.4606528515625 0.787653515625
vt 0.4601622265625 0.77978515625
vt 0.5114552734375 0.820256640625
vt 0.5109650390625 0.828125
vt 0.5000214453125 0.826756015625
vt 0.501484921875 0.8190094140624999
vt 0.312188359375 0.4855400390625
vt 0.3170766015625 0.4882021875
vt 0.3083119921875 0.49833523437500005
vt 0.304973359375 0.49388156250000004
vt 0.4980837109375 0.6070568359374999
vt 0.4947460546875 0.6026025390625
vt 0.5090849609375 0.5960488671874999
vt 0.5102689453125 0.6014875390625001
vt 0.4707363671875 0.50390625
vt 0.469272109375 0.49615937499999996
vt 0.4858892578125 0.4940791015625
vt 0.4863798828125 0.5019478515625
vt 0.469272109375 0.49615937499999996
vt 0.468781484375 0.488290625
vt 0.484425 0.486332265625
vt 0.4858892578125 0.4940791015625
vt 0.4713085546875 0.6261572265625
vt 0.4746462109375 0.6217029296875001
vt 0.4868314453125 0.6272722265624999
vt 0.4856474609375 0.6327108984375001
vt 0.5387807421875 0.944047578125
vt 0.535442109375 0.94850125
vt 0.5254119140625 0.943915234375
vt 0.5265962890625 0.9384765625
vt 0.4601622265625 0.77978515625
vt 0.4606528515625 0.787653515625
vt 0.4506826171875 0.78890171875
vt 0.44921875 0.781155234375
vt 0.1681928125 0.9440094140625
vt 0.1696562890625 0.951756015625
vt 0.1587126953125 0.953125
vt 0.1582224609375 0.945256640625
vt 0.304973359375 0.49388156250000004
vt 0.3083119921875 0.49833523437500005
vt 0.2961275390625 0.50390625
vt 0.2949431640625 0.498467578125
vt 0.5102689453125 0.6014875390625001
vt 0.5090849609375 0.5960488671874999
vt 0.5248505859375 0.5960488671874999
vt 0.5236666015625 0.6014875390625001
vt 0.4863798828125 0.5019478515625
vt 0.4858892578125 0.4940791015625
vt 0.5026361328125 0.4940791015625
vt 0.5021455078125 0.5019478515625
vt 0.4858892578125 0.4940791015625
vt 0.4863798828125 0.48621035156250003
vt 0.5021455078125 0.48621035156250003
vt 0.5026361328125 0.4940791015625
vt 0.4856474609375 0.6327108984375001
vt 0.4868314453125 0.6272722265624999
vt 0.5002291015625 0.6272722265624999
vt 0.5014130859375 0.6327108984375001
vt 0.5265962890625 0.9384765625
vt 0.5254119140625 0.943915234375
vt 0.5143830078125 0.943915234375
vt 0.5131986328125 0.9384765625
vt 0.1587126953125 0.93738828125
vt 0.1582224609375 0.945256640625
vt 0.1481740234375 0.945256640625
vt 0.1476837890625 0.93738828125
vt 0.1582224609375 0.945256640625
vt 0.1587126953125 0.953125
vt 0.1476837890625 0.953125
vt 0.1481740234375 0.945256640625
vt 0.2949431640625 0.498467578125
vt 0.2961275390625 0.50390625
vt 0.2827298828125 0.50390625
vt 0.2839142578125 0.498467578125
vn 0.29141362808318233 -0.5047456401066338 0.8125945705951656
vn 0.48627944278676616 -0.8422636981734202 0.2326460106303697
vn 0.48627898049951324 -0.8422639562092367 -0.23264604272396136
vn 0.29141332554654037 -0.5047457500206239 -0.8125946108177335
vn -0.2914155845560042 0.5047449293028059 -0.8125943104778595
vn -0.48628342030148386 0.842262121149165 -0.23264340613307677
vn -0.4862822482756584 0.8422627753456214 0.23264348750623254
vn -0.29141332554654026 0.5047457500206237 0.8125946108177339
vn 0.5047461895768369 -0.29141394531842424 0.8125941155223894
vn 0.8422639118748249 -0.48627956616689066 0.2326449790600648
vn 0.8422641832079315 -0.48627911155663983 -0.23264494696588914
vn 0.5047463966242512 -0.2914136988610527 -0.812594075298949
vn -0.504740826500102 0.2914132157939246 -0.8125977084170478
vn -0.8422617421366467 0.4862832014770835 -0.23264523570049536
vn -0.8422624300459085 0.48628204891611676 0.23264515433403027
vn -0.5047423724920045 0.29141137554132107 0.8125974080787226
vn 0.5828296306078679 1.8043219742623626e-16 0.8125943770944374
vn 0.9725615569019453 5.1657720782112726e-17 0.232645692065132
vn 0.9725615569019453 -5.1657720782112726e-17 -0.232645692065132
vn 0.5828296306078677 -1.8043219742623623e-16 -0.8125943770944373
vn -0.5828296306078675 -1.8043219742623626e-16 -0.8125943770944374
vn -0.9725615569019455 -5.1657720782112726e-17 -0.232645692065132
vn -0.9725615569019453 5.1657720782112726e-17 0.232645692065132
vn -0.5828296306078675 1.8043219742623628e-16 0.8125943770944375
vn 0.504745640106634 0.2914136280831825 0.8125945705951654
vn 0.8422636981734202 0.4862794427867662 0.23264601063036938
vn 0.8422639562092367 0.4862789804995132 -0.23264604272396167
vn 0.5047457500206237 0.2914133255465402 -0.8125946108177338
vn -0.5047449293028061 -0.29141558455600436 -0.8125943104778592
vn -0.8422621211491651 -0.48628342030148397 -0.2326434061330765
vn -0.8422627753456212 -0.48628224827565825 0.2326434875062328
vn -0.5047457500206235 -0.2914133255465401 0.8125946108177341
vn 0.2914139453184244 0.5047461895768371 0.8125941155223891
vn 0.4862795661668907 0.8422639118748249 0.23264497906006448
vn 0.48627911155663966 0.8422641832079313 -0.2326449469658894
vn 0.2914136988610525 0.504746396624251 -0.8125940752989492
vn -0.29141321579392476 -0.5047408265001022 -0.8125977084170476
vn -0.48628320147708354 -0.8422617421366467 -0.23264523570049506
vn -0.4862820489161166 -0.8422624300459083 0.23264515433403052
vn -0.2914113755413209 -0.5047423724920043 0.8125974080787228
vn 0 0.582829630607868 0.812594377094437
vn 0 0.9725615569019453 0.23264569206513178
vn 0 0.9725615569019453 -0.23264569206513222
vn 0 0.5828296306078675 -0.8125943770944374
vn 0 -0.5828296306078677 -0.8125943770944373
vn 0 -0.9725615569019455 -0.23264569206513178
vn 0 -0.9725615569019453 0.23264569206513222
vn 0 -0.5828296306078673 0.8125943770944376
vn -0.2914136280831823 0.5047456401066341 0.8125945705951652
vn -0.48627944278676627 0.8422636981734204 0.23264601063036935
vn -0.48627898049951324 0.8422639562092367 -0.23264604272396175
vn -0.2914133255465404 0.5047457500206236 -0.812594610817734
vn 0.2914155845560042 -0.5047449293028063 -0.8125943104778592
vn 0.48628342030148397 -0.8422621211491652 -0.23264340613307644
vn 0.4862822482756583 -0.8422627753456212 0.23264348750623287
vn 0.29141332554654026 -0.5047457500206233 0.8125946108177341
vn -0.504746189576837 0.2914139453184246 0.8125941155223894
vn -0.8422639118748249 0.4862795661668908 0.23264497906006457
vn -0.8422641832079315 0.4862791115566397 -0.23264494696588936
vn -0.5047463966242511 0.2914136988610523 -0.812594075298949
vn 0.5047408265001021 -0.291413215793925 -0.8125977084170478
vn 0.8422617421366467 -0.4862832014770836 -0.23264523570049514
vn 0.8422624300459085 -0.48628204891611665 0.2326451543340305
vn 0.5047423724920044 -0.2914113755413207 0.8125974080787226
vn -0.5828296306078679 1.8043219742623626e-16 0.8125943770944374
vn -0.9725615569019453 5.1657720782112726e-17 0.232645692065132
vn -0.9725615569019453 -5.1657720782112726e-17 -0.232645692065132
vn -0.5828296306078677 -1.8043219742623623e-16 -0.8125943770944373
vn 0.5828296306078675 -1.8043219742623626e-16 -0.8125943770944374
vn 0.9725615569019455 -5.1657720782112726e-17 -0.232645692065132
vn 0.9725615569019453 5.1657720782112726e-17 0.232645692065132
vn 0.5828296306078675 1.8043219742623628e-16 0.8125943770944375
vn -0.5047456401066339 -0.2914136280831821 0.8125945705951654
vn -0.8422636981734202 -0.4862794427867661 0.2326460106303696
vn -0.8422639562092367 -0.4862789804995133 -0.23264604272396144
vn -0.5047457500206238 -0.2914133255465406 -0.8125946108177338
vn 0.5047449293028061 0.291415584556004 -0.8125943104778595
vn 0.8422621211491651 0.48628342030148386 -0.2326434061330767
vn 0.8422627753456212 0.48628224827565836 0.23264348750623257
vn 0.5047457500206235 0.2914133255465404 0.8125946108177339
vn -0.29141394531842446 -0.5047461895768368 0.8125941155223896
vn -0.4862795661668907 -0.8422639118748249 0.23264497906006487
vn -0.4862791115566398 -0.8422641832079315 -0.23264494696588905
vn -0.2914136988610525 -0.5047463966242515 -0.812594075298949
vn 0.2914132157939248 0.5047408265001019 -0.812597708417048
vn 0.48628320147708354 0.8422617421366467 -0.23264523570049545
vn 0.4862820489161167 0.8422624300459085 0.23264515433403019
vn 0.2914113755413209 0.5047423724920047 0.8125974080787226
vn 0 -0.5828296306078676 0.8125943770944375
vn 0 -0.9725615569019453 0.23264569206513222
vn 0 -0.9725615569019453 -0.23264569206513178
vn 0 -0.582829630607868 -0.8125943770944372
vn 0 0.5828296306078673 -0.8125943770944375
vn 0 0.9725615569019455 -0.23264569206513222
vn 0 0.9725615569019453 0.23264569206513178
vn 0 0.5828296306078677 0.8125943770944374
usemtl m_c04ff3ff-6f68-a1d6-5ef2-ffd6ff0a0417
f 97/385/97 98/386/97 106/387/97 105/388/97
f 98/389/98 99/390/98 107/391/98 106/392/98
f 99/393/99 100/394/99 108/395/99 107/396/99
f 100/397/100 101/398/100 109/399/100 108/400/100
f 101/401/101 102/402/101 110/403/101 109/404/101
f 102/405/102 103/406/102 111/407/102 110/408/102
f 103/409/103 104/410/103 112/411/103 111/412/103
f 104/413/104 97/414/104 105/415/104 112/416/104
f 105/417/105 106/418/105 114/419/105 113/420/105
f 106/421/106 107/422/106 115/423/106 114/424/106
f 107/425/107 108/426/107 116/427/107 115/428/107
f 108/429/108 109/430/108 117/431/108 116/432/108
f 109/433/109 110/434/109 118/435/109 117/436/109
f 110/437/110 111/438/110 119/439/110 118/440/110
f 111/441/111 112/442/111 120/443/111 119/444/111
f 112/445/112 105/446/112 113/447/112 120/448/112
f 113/449/113 114/450/113 122/451/113 121/452/113
f 114/453/114 115/454/114 123/455/114 122/456/114
f 115/457/115 116/458/115 124/459/115 123/460/115
f 116/461/116 117/462/116 125/463/116 124/464/116
f 117/465/117 118/466/117 126/467/117 125/468/117
f 118/469/118 119/470/118 127/471/118 126/472/118
f 119/473/119 120/474/119 128/475/119 127/476/119
f 120/477/120 113/478/120 121/479/120 128/480/120
f 121/481/121 122/482/121 130/483/121 129/484/121
f 122/485/122 123/486/122 131/487/122 130/488/122
f 123/489/123 124/490/123 132/491/123 131/492/123
f 124/493/124 125/494/124 133/495/124 132/496/124
f 125/497/125 126/498/125 134/499/125 133/500/125
f 126/501/126 127/502/126 135/503/126 134/504/126
f 127/505/127 128/506/127 136/507/127 135/508/127
f 128/509/128 121/510/128 129/511/128 136/512/128
f 129/513/129 130/514/129 138/515/129 137/516/129
f 130/517/130 131/518/130 139/519/130 138/520/130
f 131/521/131 132/522/131 140/523/131 139/524/131
f 132/525/132 133/526/132 141/527/132 140/528/132
f 133/529/133 134/530/133 142/531/133 141/532/133
f 134/533/134 135/534/134 143/535/134 142/536/134
f 135/537/135 136/538/135 144/539/135 143/540/135
f 136/541/136 129/542/136 137/543/136 144/544/136
f 137/545/137 138/546/137 146/547/137 145/548/137
f 138/549/138 139/550/138 147/551/138 146/552/138
f 139/553/139 140/554/139 148/555/139 147/556/139
f 140/557/140 141/558/140 149/559/140 148/560/140
f 141/561/141 142/562/141 150/563/141 149/564/141
f 142/565/142 143/566/142 151/567/142 150/568/142
f 143/569/143 144/570/143 152/571/143 151/572/143
f 144/573/144 137/574/144 145/575/144 152/576/144
f 145/577/145 146/578/145 154/579/145 153/580/145
f 146/581/146 147/582/146 155/583/146 154/584/146
f 147/585/147 148/586/147 156/587/147 155/588/147
f 148/589/148 149/590/148 157/591/148 156/592/148
f 149/593/149 150/594/149 158/595/149 157/596/149
f 150/597/150 151/598/150 159/599/150 158/600/150
f 151/601/151 152/602/151 160/603/151 159/604/151
f 152/605/152 145/606/152 153/607/152 160/608/152
f 153/609/153 154/610/153 162/611/153 161/612/153
f 154/613/154 155/614/154 163/615/154 162/616/154
f 155/617/155 156/618/155 164/619/155 163/620/155
f 156/621/156 157/622/156 165/623/156 164/624/156
f 157/625/157 158/626/157 166/627/157 165/628/157
f 158/629/158 159/630/158 167/631/158 166/632/158
f 159/633/159 160/634/159 168/635/159 167/636/159
f 160/637/160 153/638/160 161/639/160 168/640/160
f 161/641/161 162/642/161 170/643/161 169/644/161
f 162/645/162 163/646/162 171/647/162 170/648/162
f 163/649/163 164/650/163 172/651/163 171/652/163
f 164/653/164 165/654/164 173/655/164 172/656/164
f 165/657/165 166/658/165 174/659/165 173/660/165
f 166/661/166 167/662/166 175/663/166 174/664/166
f 167/665/167 168/666/167 176/667/167 175/668/167
f 168/669/168 161/670/168 169/671/168 176/672/168
f 169/673/169 170/674/169 178/675/169 177/676/169
f 170/677/170 171/678/170 179/679/170 178/680/170
f 171/681/171 172/682/171 180/683/171 179/684/171
f 172/685/172 173/686/172 181/687/172 180/688/172
f 173/689/173 174/690/173 182/691/173 181/692/173
f 174/693/174 175/694/174 183/695/174 182/696/174
f 175/697/175 176/698/175 184/699/175 183/700/175
f 176/701/176 169/702/176 177/703/176 184/704/176
f 177/705/177 178/706/177 186/707/177 185/708/177
f 178/709/178 179/710/178 187/711/178 186/712/178
f 179/713/179 180/714/179 188/715/179 187/716/179
f 180/717/180 181/718/180 189/719/180 188/720/180
f 181/721/181 182/722/181 190/723/181 189/724/181
f 182/725/182 183/726/182 191/727/182 190/728/182
f 183/729/183 184/730/183 192/731/183 191/732/183
f 184/733/184 177/734/184 185/735/184 192/736/184
f 185/737/185 186/738/185 98/739/185 97/740/185
f 186/741/186 187/742/186 99/743/186 98/744/186
f 187/745/187 188/746/187 100/747/187 99/748/187
f 188/749/188 189/750/188 101/751/188 100/752/188
f 189/753/189 190/754/189 102/755/189 101/756/189
f 190/757/190 191/758/190 103/759/190 102/760/190
f 191/761/191 192/762/191 104/763/191 103/764/191
f 192/765/192 185/766/192 97/767/192 104/768/192
o pyramid
v 1.1006306374521004 1.6483351804151387 0
v 1.6283067515983354 1.2257370633351763 0.41875
v 1.6283067515983354 1.2257370633351763 -0.41875
v 0.5075877162451218 1.3237872739262917 0.41875
v 0.5075877162451218 1.3237872739262917 -0.41875
vt 0.33203125 0.67578125
vt 0.33203125 0.73046875
vt 0.26171875 0.73046875
vt 0.26171875 0.67578125
vt 0.4218994140625 0.668684765625
vt 0.4758056640625 0.668684765625
vt 0.4488525390625 0.7109375
vt 0.4063408984375 0.999205078125
vt 0.4564520703125 0.9498825
vt 0.4564520703125 1
vt 0.0000908984375 0.5695175781249999
vt 0.0502020703125 0.520195
vt 0.0502020703125 0.5703125
vt 0.3633056640625 0.524153515625
vt 0.4172119140625 0.524153515625
vt 0.3902587890625 0.56640625
vn -0.08715574274765818 -0.9961946980917455 0
vn 0.6251073559164466 0.7805387841607546 0
vn 0.064926709504895 0.7421156854871418 0.6671198031439455
vn 0.064926709504895 0.7421156854871418 -0.6671198031439455
vn -0.48007143310360184 0.8772293993693178 0
usemtl m_c04ff3ff-6f68-a1d6-5ef2-ffd6ff0a0417
f 195/769/193 194/770/193 196/771/193 197/772/193
f 194/773/194 195/774/194 193/775/194
f 196/776/195 194/777/195 193/778/195
f 195/779/196 197/780/196 193/781/196
f 197/782/197 196/783/197 193/784/197
o torus
v -0.9727368750000001 0.15999999999999998 0.06690937500000006
v -0.95686875 0.09989562499999999 0.04731187500000009
v -0.95029625 0.07500000000000001 9.43689570931383e-17
v -0.95686875 0.09989562499999999 -0.04731187499999991
v -0.9727368750000001 0.15999999999999998 -0.06690937499999992
v -0.988605 0.22010437500000002 -0.04731187499999994
v -0.9951775 0.245 5.662137425588298e-17
v -0.988605 0.22010437500000002 0.047311875000000066
v -0.817263125 0.2511025 0.06690937500000005
v -0.7739106250000001 0.20710374999999998 0.047311875000000066
v -0.75595375 0.188878125 6.908293381790997e-17
v -0.7739106250000001 0.20710374999999998 -0.04731187499999994
v -0.817263125 0.2511025 -0.06690937499999994
v -0.860615 0.295101875 -0.047311874999999955
v -0.8785725 0.313326875 4.1449760290745984e-17
v -0.860615 0.295101875 0.04731187500000005
v -0.7275 0.4088975 0.06690937500000001
v -0.66828 0.3927925 0.047311875000000024
v -0.64375 0.386121875 2.528602327522833e-17
v -0.66828 0.3927925 -0.04731187499999998
v -0.7275 0.40889749999999997 -0.06690937499999998
v -0.78672 0.425001875 -0.04731187499999999
v -0.81125 0.431673125 1.5171613965136998e-17
v -0.78672 0.42500187500000003 0.04731187500000002
v -0.7275 0.5911025 0.06690937499999998
v -0.66828 0.6072075 0.04731187499999998
v -0.64375 0.613878125 -2.528602327522833e-17
v -0.66828 0.6072075 -0.047311875000000024
v -0.7275 0.5911025 -0.06690937500000001
v -0.78672 0.574998125 -0.04731187500000002
v -0.81125 0.568326875 -1.5171613965136998e-17
v -0.78672 0.574998125 0.04731187499999999
v -0.817263125 0.7488975 0.06690937499999994
v -0.7739106250000001 0.7928962500000001 0.04731187499999994
v -0.75595375 0.811121875 -6.908293381790997e-17
v -0.7739106250000001 0.7928962500000001 -0.047311875000000066
v -0.817263125 0.7488975 -0.06690937500000005
v -0.860615 0.7048981249999999 -0.04731187500000005
v -0.8785725 0.686673125 -4.1449760290745984e-17
v -0.860615 0.7048981249999999 0.047311874999999955
v -0.9727368750000001 0.8400000000000001 0.06690937499999992
v -0.95686875 0.900104375 0.04731187499999991
v -0.95029625 0.925 -9.43689570931383e-17
v -0.95686875 0.900104375 -0.04731187500000009
v -0.9727368750000001 0.8400000000000001 -0.06690937500000006
v -0.988605 0.779895625 -0.047311875000000066
v -0.9951775 0.755 -5.662137425588298e-17
v -0.988605 0.779895625 0.04731187499999994
v -1.152263125 0.8400000000000001 0.06690937499999992
v -1.16813125 0.900104375 0.04731187499999991
v -1.17470375 0.925 -9.43689570931383e-17
v -1.16813125 0.900104375 -0.04731187500000009
v -1.152263125 0.8400000000000001 -0.06690937500000006
v -1.136395 0.779895625 -0.047311875000000066
v -1.1298225 0.755 -5.662137425588298e-17
v -1.136395 0.779895625 0.04731187499999994
v -1.307736875 0.7488975 0.06690937499999994
v -1.351089375 0.7928962500000001 0.04731187499999994
v -1.36904625 0.811121875 -6.908293381790997e-17
v -1.351089375 0.7928962500000001 -0.047311875000000066
v -1.307736875 0.7488975 -0.06690937500000005
v -1.264385 0.7048981249999999 -0.04731187500000005
v -1.2464275 0.686673125 -4.1449760290745984e-17
v -1.264385 0.7048981249999999 0.047311874999999955
v -1.3975 0.5911025 0.06690937499999998
v -1.45672 0.6072075 0.04731187499999998
v -1.48125 0.613878125 -2.528602327522833e-17
v -1.45672 0.6072075 -0.047311875000000024
v -1.3975 0.5911025 -0.06690937500000001
v -1.3382800000000001 0.574998125 -0.04731187500000002
v -1.31375 0.568326875 -1.5171613965136998e-17
v -1.3382800000000001 0.574998125 0.04731187499999999
v -1.3975 0.4088975 0.06690937500000001
v -1.45672 0.3927925 0.047311875000000024
v -1.48125 0.386121875 2.528602327522833e-17
v -1.45672 0.3927925 -0.04731187499999998
v -1.3975 0.40889749999999997 -0.06690937499999998
v -1.3382800000000001 0.425001875 -0.04731187499999999
v -1.31375 0.431673125 1.5171613965136998e-17
v -1.3382800000000001 0.42500187500000003 0.04731187500000002
v -1.307736875 0.2511025 0.06690937500000005
v -1.351089375 0.20710374999999998 0.047311875000000066
v -1.36904625 0.188878125 6.908293381790997e-17
v -1.351089375 0.20710374999999998 -0.04731187499999994
v -1.307736875 0.2511025 -0.06690937499999994
v -1.264385 0.295101875 -0.047311874999999955
v -1.2464275 0.313326875 4.1449760290745984e-17
v -1.264385 0.295101875 0.04731187500000005
v -1.152263125 0.15999999999999998 0.06690937500000006
v -1.16813125 0.09989562499999999 0.04731187500000009
v -1.17470375 0.07500000000000001 9.43689570931383e-17
v -1.16813125 0.09989562499999999 -0.04731187499999991
v -1.152263125 0.15999999999999998 -0.06690937499999992
v -1.136395 0.22010437500000002 -0.04731187499999994
v -1.1298225 0.245 5.662137425588298e-17
v -1.136395 0.22010437500000002 0.047311875000000066
vt 0.017601953125 0.6231740625
vt 0.0160307421875 0.626932734375
vt 0.0055204296875 0.61885875
vt 0.0086708984375 0.6163132421874999
vt 0.542978828125 0.87952015625
vt 0.5433898046875 0.8761784375
vt 0.557026640625 0.879675625
vt 0.5558169140625 0.8828125
vt 0.4379210546875 0.48026667968750003
vt 0.4375101171875 0.47692535156250004
vt 0.450348125 0.4736328125
vt 0.4515579296875 0.47676968750000004
vt 0.3754016015625 0.811789609375
vt 0.3769734765625 0.8155480078125
vt 0.368043203125 0.822410546875
vt 0.36489265625 0.8198653124999999
vt 0.1368273046875 0.55288828125
vt 0.1352543359375 0.5491304296874999
vt 0.1426047265625 0.5434795703124999
vt 0.1457561328125 0.5460239062500001
vt 0.532491015625 0.4982910546875
vt 0.5329015625 0.501632421875
vt 0.5247192578125 0.503729921875
vt 0.523509921875 0.50059328125
vt 0.4704015625 0.8482210546875
vt 0.469991015625 0.8515624609375
vt 0.4610101953125 0.8492591796875
vt 0.4622198828125 0.8461226953125001
vt 0.4790046484375 0.9054588671875
vt 0.4805776171875 0.901701015625
vt 0.4895064453125 0.908565390625
vt 0.4863550390625 0.9111097265625
vt 0.0086708984375 0.6163132421874999
vt 0.005520390625 0.6188587890625
vt 0.000110625 0.6066518750000001
vt 0.0040738671875 0.60594015625
vt 0.001335234375 0.4765625
vt 0.0001115234375 0.47343124999999997
vt 0.013878515625 0.470022109375
vt 0.014295703125 0.473353046875
vt 0.4571427734375 0.47700820312500003
vt 0.458366484375 0.473876953125
vt 0.471326953125 0.47708640625
vt 0.470909765625 0.48041734375
vt 0.36489265625 0.8198653124999999
vt 0.368043359375 0.8224106640625
vt 0.36344703125 0.8327840625
vt 0.35948375 0.83207265625
vt 0.1457561328125 0.5460239062500001
vt 0.1426050390625 0.5434798046875
vt 0.146386953125 0.5349390625
vt 0.1503500390625 0.5356494140625
vt 0.554891953125 0.633349375
vt 0.553668203125 0.636480625
vt 0.54540796875 0.6344349609375
vt 0.545825234375 0.6311040234375
vt 0.557574453125 0.6743108984374999
vt 0.558798203125 0.6774421484375
vt 0.549731484375 0.6796875
vt 0.54931421875 0.6763565234375
vt 0.4863550390625 0.9111097265625
vt 0.4895061328125 0.9085656640625
vt 0.4941000390625 0.9189401171875
vt 0.490136953125 0.9196505078125
vt 0.0040738671875 0.60594015625
vt 0.0001109375 0.606651796875
vt 0.0011151953125 0.5932887109375
vt 0.0049272265625 0.5945846484374999
vt 0.014295703125 0.473353046875
vt 0.013878515625 0.4700221875
vt 0.02811328125 0.4700221875
vt 0.027696484375 0.473353046875
vt 0.470909765625 0.48041734375
vt 0.471326953125 0.477086484375
vt 0.484727734375 0.477086484375
vt 0.48514453125 0.48041734375
vt 0.35948375 0.83207265625
vt 0.36344671875 0.8327840234375
vt 0.3643008984375 0.8441394531249999
vt 0.3604889453125 0.8454356640625
vt 0.1503500390625 0.5356494140625
vt 0.146386953125 0.5349390625
vt 0.1456822265625 0.5255905859375001
vt 0.1494940234375 0.524294140625
vt 0.545825234375 0.6311040234375
vt 0.545408046875 0.6344344921875
vt 0.536867421875 0.6344344921875
vt 0.536450234375 0.6311040234375
vt 0.54931421875 0.6763565234375
vt 0.54973140625 0.6796869921875
vt 0.54035640625 0.6796869921875
vt 0.54077359375 0.6763565234375
vt 0.490136953125 0.9196505078125
vt 0.4941 0.91894015625
vt 0.493243984375 0.9302954296875
vt 0.4894322265625 0.928998984375
vt 0.0049272265625 0.5945846484374999
vt 0.0011148828125 0.59328859375
vt 0.0082883203125 0.5820273046875
vt 0.0110230078125 0.58501515625
vt 0.027696484375 0.47335324218749997
vt 0.02811328125 0.4700221875
vt 0.0418806640625 0.47342976562500005
vt 0.04065734375 0.476561171875
vt 0.48514453125 0.48041753906249995
vt 0.484727734375 0.477086484375
vt 0.49768859375 0.47387855468749995
vt 0.4989119140625 0.47700996093750003
vt 0.3604889453125 0.8454356640625
vt 0.364300859375 0.8441394531249999
vt 0.3703975 0.8537083984375
vt 0.3676630859375 0.8566965234375
vt 0.1494940234375 0.524294140625
vt 0.1456822265625 0.5255905859375001
vt 0.14066265625 0.5177133593750001
vt 0.14339671875 0.5147255859375
vt 0.53645015625 0.631103515625
vt 0.536867421875 0.6344344921875
vt 0.5286071875 0.6364801171875001
vt 0.5273834375 0.6333488671875
vt 0.540773671875 0.6763560546875
vt 0.54035640625 0.6796869921875
vt 0.5312896875 0.677441640625
vt 0.5325134375 0.674310390625
vt 0.4894322265625 0.928998984375
vt 0.4932440234375 0.9302954296875
vt 0.48714671875 0.939863984375
vt 0.48441265625 0.9368762109375
vt 0.0110230078125 0.58501515625
vt 0.008288359375 0.5820273828125
vt 0.0198873046875 0.5756148828125001
vt 0.020879140625 0.579566171875
vt 0.516936953125 0.8945311328125
vt 0.515727265625 0.8913946484375
vt 0.5293640234375 0.887897265625
vt 0.5297749609375 0.89123859375
vt 0.5157272265625 0.8673943749999999
vt 0.5169369140625 0.864257890625
vt 0.5297749609375 0.8675504296875001
vt 0.5293640234375 0.8708917578125
vt 0.3676630859375 0.8566965234375
vt 0.3703973828125 0.8537085156249999
vt 0.38025390625 0.8591576953125
vt 0.3792620703125 0.8631089843749999
vt 0.14339671875 0.5147255859375
vt 0.1406623828125 0.5177136328125
vt 0.1325479296875 0.5132285546875
vt 0.1335397265625 0.50927734375
vt 0.027271328125 0.52793703125
vt 0.0260619921875 0.5310736328125
vt 0.0178796875 0.5289761328125
vt 0.018290234375 0.525634765625
vt 0.4869988671875 0.951591484375
vt 0.4882085546875 0.95472796875
vt 0.479227734375 0.95703125
vt 0.4788171875 0.9536898046875
vt 0.48441265625 0.9368762109375
vt 0.4871469921875 0.9398642578125
vt 0.4772899609375 0.9453125
vt 0.4762981640625 0.941361328125
vt 0.020879140625 0.579566171875
vt 0.01988734375 0.575615
vt 0.03309125 0.575615
vt 0.032099453125 0.579566171875
vt 0.5297749609375 0.89123859375
vt 0.5293640234375 0.8878971875
vt 0.5433898046875 0.8878971875
vt 0.5429788671875 0.89123859375
vt 0.5293640234375 0.8708917578125
vt 0.5297749609375 0.8675503515625
vt 0.5429788671875 0.8675503515625
vt 0.5433898046875 0.8708917578125
vt 0.3792620703125 0.8631089843749999
vt 0.3802538671875 0.8591578125
vt 0.3914741796875 0.8591578125
vt 0.3924659765625 0.8631089843749999
vt 0.1335397265625 0.50927734375
vt 0.1325479296875 0.513228515625
vt 0.1233112109375 0.513228515625
vt 0.1223194140625 0.50927734375
vt 0.018290234375 0.525634765625
vt 0.0178796875 0.528976171875
vt 0.0094640625 0.528976171875
vt 0.009053515625 0.525634765625
vt 0.4788171875 0.9536898046875
vt 0.479227734375 0.9570312109375
vt 0.469991015625 0.9570312109375
vt 0.4704015625 0.9536898046875
vt 0.4762981640625 0.941361328125
vt 0.4772899609375 0.9453125
vt 0.4660696484375 0.9453125
vt 0.4670614453125 0.941361328125
vt 0.0320994140625 0.5795662890625
vt 0.03309125 0.575615
vt 0.044690234375 0.5820274609375
vt 0.0419555859375 0.5850152734375
vt 0.542978828125 0.89123890625
vt 0.5433898046875 0.8878971875
vt 0.557026640625 0.891394375
vt 0.5558169140625 0.89453125
vt 0.5433898046875 0.8708916796875
vt 0.5429788671875 0.8675503515625
vt 0.555816875 0.8642578125
vt 0.5570266796875 0.8673946875
vt 0.392466015625 0.8631091015625
vt 0.3914741796875 0.8591578125
vt 0.4013306640625 0.8537086328125
vt 0.4040649609375 0.8566966406250001
vt 0.1223194140625 0.50927734375
vt 0.1233112109375 0.513228515625
vt 0.11519671875 0.5177136328125
vt 0.1124623828125 0.5147255859375
vt 0.009053515625 0.5256348046875
vt 0.0094640625 0.528976171875
vt 0.0012817578125 0.531073671875
vt 0.000072421875 0.52793703125
vt 0.4704015625 0.9536898046875
vt 0.469991015625 0.9570312109375
vt 0.4610101953125 0.9547279296875
vt 0.4622198828125 0.9515914453125
vt 0.4670614453125 0.9413612890625
vt 0.4660696484375 0.9453125
vt 0.45621265625 0.9398642578125
vt 0.4589469921875 0.9368762109375
vt 0.041955546875 0.5850153124999999
vt 0.044690234375 0.5820274609375
vt 0.0518636328125 0.5932887890625
vt 0.0480512890625 0.59458484375
vt 0.048210234375 0.4765625
vt 0.0469865234375 0.47343124999999997
vt 0.060753515625 0.470022109375
vt 0.061170703125 0.473353046875
vt 0.5040177734375 0.47700820312500003
vt 0.505241484375 0.473876953125
vt 0.518201953125 0.47708640625
vt 0.517784765625 0.48041734375
vt 0.404065078125 0.8566967578125
vt 0.4013306640625 0.8537086328125
vt 0.40742734375 0.8441396875
vt 0.41123953125 0.8454361328125
vt 0.11246265625 0.5147258593749999
vt 0.11519671875 0.5177136328125
vt 0.1101771484375 0.525590859375
vt 0.1063653515625 0.5242944140625
vt 0.554891953125 0.488818125
vt 0.553668203125 0.491949375
vt 0.54540796875 0.48990371093749996
vt 0.545825234375 0.48657277343750005
vt 0.557574453125 0.6625921484374999
vt 0.558798203125 0.6657233984375
vt 0.549731484375 0.66796875
vt 0.54931421875 0.6646377734375
vt 0.45894671875 0.936876484375
vt 0.45621265625 0.9398642578125
vt 0.4501153515625 0.930295703125
vt 0.4539271484375 0.9289992578125
vt 0.0480516015625 0.5945847265624999
vt 0.0518636328125 0.5932887890625
vt 0.052867890625 0.6066518750000001
vt 0.0489049609375 0.605940234375
vt 0.061170703125 0.473353046875
vt 0.060753515625 0.4700221875
vt 0.07498828125 0.4700221875
vt 0.074571484375 0.473353046875
vt 0.517784765625 0.48041734375
vt 0.518201953125 0.477086484375
vt 0.531602734375 0.477086484375
vt 0.53201953125 0.48041734375
vt 0.4112392578125 0.845436015625
vt 0.40742734375 0.8441396875
vt 0.4082817578125 0.832784296875
vt 0.412244765625 0.8320730078125
vt 0.106365390625 0.5242944140625
vt 0.1101771484375 0.525590859375
vt 0.109472421875 0.5349393359375
vt 0.105509375 0.5356496875000001
vt 0.545825234375 0.48657277343750005
vt 0.545408046875 0.48990324218750003
vt 0.536867421875 0.48990324218750003
vt 0.536450234375 0.48657277343750005
vt 0.54931421875 0.6646377734375
vt 0.54973140625 0.6679682421875
vt 0.54035640625 0.6679682421875
vt 0.54077359375 0.6646377734375
vt 0.4539271484375 0.9289992578125
vt 0.4501153515625 0.930295703125
vt 0.4492593359375 0.9189404296875
vt 0.453222421875 0.91965078125
vt 0.0489046484375 0.60594015625
vt 0.052867890625 0.6066518750000001
vt 0.047458125 0.618858828125
vt 0.0443076171875 0.6163132421874999
vt 0.074571484375 0.47335324218749997
vt 0.07498828125 0.4700221875
vt 0.0887556640625 0.47342976562500005
vt 0.08753234375 0.476561171875
vt 0.53201953125 0.48041753906249995
vt 0.531602734375 0.477086484375
vt 0.54456359375 0.47387855468749995
vt 0.5457869140625 0.47700996093750003
vt 0.4122446875 0.8320730078125
vt 0.4082817578125 0.832784296875
vt 0.40368546875 0.8224108984375
vt 0.406836171875 0.819865546875
vt 0.1055093359375 0.5356497265625
vt 0.109472421875 0.5349393359375
vt 0.1132543359375 0.5434801171875
vt 0.1101032421875 0.5460241796875
vt 0.53645015625 0.486572265625
vt 0.536867421875 0.48990324218750003
vt 0.5286071875 0.49194886718749997
vt 0.5273834375 0.48881761718750005
vt 0.540773671875 0.6646373046875
vt 0.54035640625 0.6679682421875
vt 0.5312896875 0.665722890625
vt 0.5325134375 0.662591640625
vt 0.453222421875 0.91965078125
vt 0.4492593359375 0.9189404296875
vt 0.4538532421875 0.9085659375
vt 0.4570043359375 0.9111100390625
vt 0.0443076953125 0.6163133203125
vt 0.047458125 0.618858828125
vt 0.0369478515625 0.6269328125
vt 0.0353766015625 0.623174140625
vt 0.516936953125 0.8828123828125
vt 0.515727265625 0.8796758984375
vt 0.5293640234375 0.876178515625
vt 0.5297749609375 0.87951984375
vt 0.4102584765625 0.47676937500000005
vt 0.4114681640625 0.473632890625
vt 0.4243062109375 0.47692542968749996
vt 0.4238952734375 0.48026675781249994
vt 0.406836015625 0.8198656640624999
vt 0.40368546875 0.8224108984375
vt 0.394755234375 0.8155483203125
vt 0.3963270703125 0.811789921875
vt 0.1101029296875 0.546024453125
vt 0.1132543359375 0.5434801171875
vt 0.1206047265625 0.5491309765625
vt 0.1190317578125 0.552888828125
vt 0.550708828125 0.50059328125
vt 0.5494994921875 0.5037298828125
vt 0.5413171875 0.5016323828125
vt 0.541727734375 0.498291015625
vt 0.4869988671875 0.846122734375
vt 0.4882085546875 0.84925921875
vt 0.479227734375 0.8515625
vt 0.4788171875 0.8482210546875
vt 0.4570046484375 0.9111102734375001
vt 0.4538532421875 0.9085659375
vt 0.4627820703125 0.9017015625
vt 0.4643550390625 0.9054594140625
vt 0.035376640625 0.6231742578125
vt 0.0369478515625 0.6269328125
vt 0.023892265625 0.62890625
vt 0.0242823828125 0.6248512109375
vt 0.5297749609375 0.87951984375
vt 0.5293640234375 0.8761784375
vt 0.5433898046875 0.8761784375
vt 0.5429788671875 0.87951984375
vt 0.4238952734375 0.48026675781249994
vt 0.4243062109375 0.47692535156250004
vt 0.4375101171875 0.47692535156250004
vt 0.4379210546875 0.48026675781249994
vt 0.39632703125 0.8117900390625
vt 0.394755234375 0.8155483203125
vt 0.3836612109375 0.81386953125
vt 0.3832717578125 0.809814453125
vt 0.119031796875 0.552888828125
vt 0.1206047265625 0.5491309765625
vt 0.12973703125 0.5505157421875
vt 0.1301252734375 0.5545709375000001
vt 0.541727734375 0.498291015625
vt 0.5413171875 0.501632421875
vt 0.5329015625 0.501632421875
vt 0.532491015625 0.498291015625
vt 0.4788171875 0.8482210546875
vt 0.479227734375 0.8515624609375
vt 0.469991015625 0.8515624609375
vt 0.4704015625 0.8482210546875
vt 0.4643550390625 0.905459375
vt 0.4627820703125 0.9017015625
vt 0.4738755859375 0.900019453125
vt 0.47348734375 0.9040746484375
vn 0.15725509854386235 -0.2683667676892518 0.9503947137805341
vn 0.44776720823861077 -0.7641520148589749 0.4643018688452261
vn 0.447769970778768 -0.7641506115790032 -0.4643015142040967
vn 0.15725423906540395 -0.2683670179291991 -0.9503947853306803
vn -0.1572534739710206 0.2683672406887018 -0.9503948490228564
vn -0.44776868784682977 0.764151263267632 -0.4643016789011327
vn -0.44776579783698267 0.7641527312931157 0.4643020499035964
vn -0.15725423906540384 0.26836701792919887 0.9503947853306804
vn 0.27217745473957006 -0.15483046040780588 0.949708882585288
vn 0.7710539013508303 -0.4386204337713778 0.46161455381072247
vn 0.7710538362393059 -0.4386205337189548 -0.4616145676002319
vn 0.27217735062685555 -0.15483056843681553 -0.9497088948110777
vn -0.27217805690556535 0.1548313896461642 -0.9497085585164265
vn -0.7710515640937934 0.4386207330076312 -0.46161817347713197
vn -0.7710514831889961 0.438620857199776 0.46161819060927756
vn -0.2721783180010031 0.1548311187364228 0.9497085278552431
vn 0.3141710247156239 2.108016878930536e-16 0.9493664030442278
vn 0.8877705058597305 1.0220410192707956e-16 0.4602863553545317
vn 0.8877705058597305 -1.0220410192707956e-16 -0.4602863553545317
vn 0.31417102471562386 -2.1080168789305358e-16 -0.9493664030442277
vn -0.3141710247156238 -2.1080168789305358e-16 -0.9493664030442277
vn -0.8877705058597303 -1.0220410192707976e-16 -0.4602863553545326
vn -0.8877705058597302 1.0220410192707975e-16 0.46028635535453255
vn -0.3141710247156238 2.1080168789305358e-16 0.9493664030442277
vn 0.27217780284715687 0.15483065843176824 0.9497087505371736
vn 0.7710540927140025 0.4386205426299124 0.4616141307326149
vn 0.771054039510554 0.43862064935153317 -0.4616141181949449
vn 0.27217776026992324 0.1548308014660105 -0.9497087394205875
vn -0.27217892988360387 -0.1548318862490296 -0.9497082273666917
vn -0.7710513977506097 -0.4386206383815746 -0.4616185412356954
vn -0.7710513316409725 -0.4386207709900667 0.4616185256581055
vn -0.2721790366549548 -0.15483152754927762 0.9497082552459667
vn 0.15725629147147138 0.26836880350322256 0.950393941531031
vn 0.4477643261717027 0.7641470963718814 0.4643127430024121
vn 0.44776690936637586 0.7641453870657383 -0.4643130649708628
vn 0.1572556428721731 0.2683694136384566 -0.9503938765628758
vn -0.15725453588485724 -0.2683690529404699 -0.9503941615811167
vn -0.44776657864458647 -0.7641476637538599 -0.46430963701870287
vn -0.44776387626088476 -0.7641494519501403 0.46430930014391
vn -0.1572551132627377 -0.2683685098173215 0.9503942194116891
vn 0 0.3099955397318151 0.9507380108875318
vn 0 0.8849595540888593 0.4656678941336276
vn 0 0.8849595540888591 -0.4656678941336281
vn 0 0.30999553973181465 -0.9507380108875321
vn 0 -0.3099955397318149 -0.950738010887532
vn 0 -0.8849595540888593 -0.4656678941336275
vn 0 -0.8849595540888592 0.46566789413362814
vn 0 -0.30999553973181443 0.9507380108875322
vn -0.15725509854386238 0.2683667676892523 0.9503947137805341
vn -0.44776720823861077 0.7641520148589751 0.4643018688452258
vn -0.447769970778768 0.764150611579003 -0.46430151420409704
vn -0.15725423906540392 0.2683670179291986 -0.9503947853306803
vn 0.1572534739710206 -0.26836724068870227 -0.9503948490228562
vn 0.44776868784682977 -0.7641512632676323 -0.4643016789011324
vn 0.4477657978369828 -0.7641527312931157 0.46430204990359686
vn 0.1572542390654038 -0.26836701792919837 0.9503947853306804
vn -0.27217745473957006 0.15483046040780632 0.949708882585288
vn -0.7710539013508305 0.43862043377137816 0.46161455381072236
vn -0.7710538362393059 0.4386205337189546 -0.4616145676002321
vn -0.27217735062685555 0.15483056843681509 -0.9497088948110777
vn 0.27217805690556535 -0.15483138964616464 -0.9497085585164265
vn 0.7710515640937934 -0.43862073300763144 -0.46161817347713174
vn 0.7710514831889961 -0.4386208571997758 0.4616181906092778
vn 0.2721783180010031 -0.15483111873642236 0.9497085278552431
vn -0.3141710247156239 2.108016878930536e-16 0.9493664030442278
vn -0.8877705058597305 1.0220410192707956e-16 0.4602863553545317
vn -0.8877705058597305 -1.0220410192707956e-16 -0.4602863553545317
vn -0.31417102471562386 -2.1080168789305358e-16 -0.9493664030442277
vn 0.3141710247156238 -2.1080168789305358e-16 -0.9493664030442277
vn 0.8877705058597303 -1.0220410192707976e-16 -0.4602863553545326
vn 0.8877705058597302 1.0220410192707975e-16 0.46028635535453255
vn 0.3141710247156238 2.1080168789305358e-16 0.9493664030442277
vn -0.27217780284715687 -0.1548306584317678 0.9497087505371736
vn -0.7710540927140025 -0.4386205426299122 0.46161413073261515
vn -0.771054039510554 -0.4386206493515334 -0.4616141181949447
vn -0.2721777602699232 -0.15483080146601091 -0.9497087394205873
vn 0.2721789298836039 0.1548318862490292 -0.9497082273666919
vn 0.7710513977506095 0.4386206383815743 -0.4616185412356955
vn 0.7710513316409725 0.4386207709900669 0.4616185256581053
vn 0.2721790366549548 0.15483152754927806 0.9497082552459667
vn -0.15725629147147135 -0.26836880350322206 0.950393941531031
vn -0.4477643261717027 -0.7641470963718812 0.46431274300241243
vn -0.44776690936637586 -0.7641453870657385 -0.46431306497086244
vn -0.1572556428721731 -0.26836941363845707 -0.9503938765628756
vn 0.15725453588485722 0.2683690529404694 -0.9503941615811167
vn 0.44776657864458647 0.7641476637538597 -0.4643096370187032
vn 0.44776387626088476 0.7641494519501405 0.46430930014390964
vn 0.15725511326273772 0.268368509817322 0.9503942194116891
vn 0 -0.30999553973181465 0.9507380108875321
vn 0 -0.8849595540888591 0.465667894133628
vn 0 -0.8849595540888593 -0.46566789413362764
vn 0 -0.3099955397318151 -0.9507380108875318
vn 0 0.30999553973181443 -0.9507380108875322
vn 0 0.8849595540888591 -0.46566789413362797
vn 0 0.8849595540888594 0.4656678941336277
vn 0 0.3099955397318149 0.950738010887532
usemtl m_c04ff3ff-6f68-a1d6-5ef2-ffd6ff0a0417
f 198/785/198 199/786/198 207/787/198 206/788/198
f 199/789/199 200/790/199 208/791/199 207/792/199
f 200/793/200 201/794/200 209/795/200 208/796/200
f 201/797/201 202/798/201 210/799/201 209/800/201
f 202/801/202 203/802/202 211/803/202 210/804/202
f 203/805/203 204/806/203 212/807/203 211/808/203
f 204/809/204 205/810/204 213/811/204 212/812/204
f 205/813/205 198/814/205 206/815/205 213/816/205
f 206/817/206 207/818/206 215/819/206 214/820/206
f 207/821/207 208/822/207 216/823/207 215/824/207
f 208/825/208 209/826/208 217/827/208 216/828/208
f 209/829/209 210/830/209 218/831/209 217/832/209
f 210/833/210 211/834/210 219/835/210 218/836/210
f 211/837/211 212/838/211 220/839/211 219/840/211
f 212/841/212 213/842/212 221/843/212 220/844/212
f 213/845/213 206/846/213 214/847/213 221/848/213
f 214/849/214 215/850/214 223/851/214 222/852/214
f 215/853/215 216/854/215 224/855/215 223/856/215
f 216/857/216 217/858/216 225/859/216 224/860/216
f 217/861/217 218/862/217 226/863/217 225/864/217
f 218/865/218 219/866/218 227/867/218 226/868/218
f 219/869/219 220/870/219 228/871/219 227/872/219
f 220/873/220 221/874/220 229/875/220 228/876/220
f 221/877/221 214/878/221 222/879/221 229/880/221
f 222/881/222 223/882/222 231/883/222 230/884/222
f 223/885/223 224/886/223 232/887/223 231/888/223
f 224/889/224 225/890/224 233/891/224 232/892/224
f 225/893/225 226/894/225 234/895/225 233/896/225
f 226/897/226 227/898/226 235/899/226 234/900/226
f 227/901/227 228/902/227 236/903/227 235/904/227
f 228/905/228 229/906/228 237/907/228 236/908/228
f 229/909/229 222/910/229 230/911/229 237/912/229
f 230/913/230 231/914/230 239/915/230 238/916/230
f 231/917/231 232/918/231 240/919/231 239/920/231
f 232/921/232 233/922/232 241/923/232 240/924/232
f 233/925/233 234/926/233 242/927/233 241/928/233
f 234/929/234 235/930/234 243/931/234 242/932/234
f 235/933/235 236/934/235 244/935/235 243/936/235
f 236/937/236 237/938/236 245/939/236 244/940/236
f 237/941/237 230/942/237 238/943/237 245/944/237
f 238/945/238 239/946/238 247/947/238 246/948/238
f 239/949/239 240/950/239 248/951/239 247/952/239
f 240/953/240 241/954/240 249/955/240 248/956/240
f 241/957/241 242/958/241 250/959/241 249/960/241
f 242/961/242 243/962/242 251/963/242 250/964/242
f 243/965/243 244/966/243 252/967/243 251/968/243
f 244/969/244 245/970/244 253/971/244 252/972/244
f 245/973/245 238/974/245 246/975/245 253/976/245
f 246/977/246 247/978/246 255/979/246 254/980/246
f 247/981/247 248/982/247 256/983/247 255/984/247
f 248/985/248 249/986/248 257/987/248 256/988/248
f 249/989/249 250/990/249 258/991/249 257/992/249
f 250/993/250 251/994/250 259/995/250 258/996/250
f 251/997/251 252/998/251 260/999/251 259/1000/251
f 252/1001/252 253/1002/252 261/1003/252 260/1004/252
f 253/1005/253 246/1006/253 254/1007/253 261/1008/253
f 254/1009/254 255/1010/254 263/1011/254 262/1012/254
f 255/1013/255 256/1014/255 264/1015/255 263/1016/255
f 256/1017/256 257/1018/256 265/1019/256 264/1020/256
f 257/1021/257 258/1022/257 266/1023/257 265/1024/257
f 258/1025/258 259/1026/258 267/1027/258 266/1028/258
f 259/1029/259 260/1030/259 268/1031/259 267/1032/259
f 260/1033/260 261/1034/260 269/1035/260 268/1036/260
f 261/1037/261 254/1038/261 262/1039/261 269/1040/261
f 262/1041/262 263/1042/262 271/1043/262 270/1044/262
f 263/1045/263 264/1046/263 272/1047/263 271/1048/263
f 264/1049/264 265/1050/264 273/1051/264 272/1052/264
f 265/1053/265 266/1054/265 274/1055/265 273/1056/265
f 266/1057/266 267/1058/266 275/1059/266 274/1060/266
f 267/1061/267 268/1062/267 276/1063/267 275/1064/267
f 268/1065/268 269/1066/268 277/1067/268 276/1068/268
f 269/1069/269 262/1070/269 270/1071/269 277/1072/269
f 270/1073/270 271/1074/270 279/1075/270 278/1076/270
f 271/1077/271 272/1078/271 280/1079/271 279/1080/271
f 272/1081/272 273/1082/272 281/1083/272 280/1084/272
f 273/1085/273 274/1086/273 282/1087/273 281/1088/273
f 274/1089/274 275/1090/274 283/1091/274 282/1092/274
f 275/1093/275 276/1094/275 284/1095/275 283/1096/275
f 276/1097/276 277/1098/276 285/1099/276 284/1100/276
f 277/1101/277 270/1102/277 278/1103/277 285/1104/277
f 278/1105/278 279/1106/278 287/1107/278 286/1108/278
f 279/1109/279 280/1110/279 288/1111/279 287/1112/279
f 280/1113/280 281/1114/280 289/1115/280 288/1116/280
f 281/1117/281 282/1118/281 290/1119/281 289/1120/281
f 282/1121/282 283/1122/282 291/1123/282 290/1124/282
f 283/1125/283 284/1126/283 292/1127/283 291/1128/283
f 284/1129/284 285/1130/284 293/1131/284 292/1132/284
f 285/1133/285 278/1134/285 286/1135/285 293/1136/285
f 286/1137/286 287/1138/286 199/1139/286 198/1140/286
f 287/1141/287 288/1142/287 200/1143/287 199/1144/287
f 288/1145/288 289/1146/288 201/1147/288 200/1148/288
f 289/1149/289 290/1150/289 202/1151/289 201/1152/289
f 290/1153/290 291/1154/290 203/1155/290 202/1156/290
f 291/1157/291 292/1158/291 204/1159/291 203/1160/291
f 292/1161/292 293/1162/292 205/1163/292 204/1164/292
f 293/1165/293 286/1166/293 198/1167/293 205/1168/293
o torus
v -1.012929375 0.31000000000000005 0.15440937500000004
v -1.00416625 0.27641250000000006 0.10918375000000005
v -1.000536875 0.2625 5.2735593669694933e-17
v -1.00416625 0.27641249999999995 -0.10918374999999994
v -1.012929375 0.30999999999999994 -0.15440937499999993
v -1.0216925 0.34358749999999993 -0.10918374999999995
v -1.025321875 0.35750000000000004 3.164135620181696e-17
v -1.0216925 0.34358750000000005 0.10918375000000004
v -0.927070625 0.36091062500000004 0.15440937500000002
v -0.90313 0.3363225 0.10918375000000004
v -0.8932131249999999 0.326138125 3.860509134590018e-17
v -0.90313 0.33632249999999997 -0.10918374999999995
v -0.927070625 0.360910625 -0.15440937499999996
v -0.95101125 0.38549812499999997 -0.10918374999999997
v -0.960928125 0.3956825 2.3163138074266952e-17
v -0.95101125 0.385498125 0.10918375000000002
v -0.8775 0.449089375 0.154409375
v -0.84479625 0.44009000000000004 0.10918375000000001
v -0.83125 0.436361875 1.413050232379476e-17
v -0.84479625 0.44009 -0.10918374999999998
v -0.8775 0.44908937499999996 -0.154409375
v -0.91020375 0.45808937499999997 -0.10918374999999998
v -0.92375 0.4618175 8.478218127550008e-18
v -0.91020375 0.458089375 0.10918375000000001
v -0.8775 0.550910625 0.154409375
v -0.84479625 0.55991 0.10918374999999998
v -0.83125 0.563638125 -1.413050232379476e-17
v -0.84479625 0.55991 -0.10918375000000001
v -0.8775 0.550910625 -0.154409375
v -0.91020375 0.541910625 -0.10918375000000001
v -0.92375 0.5381825 -8.478218127550008e-18
v -0.91020375 0.541910625 0.10918374999999998
v -0.927070625 0.639089375 0.15440937499999996
v -0.90313 0.6636775 0.10918374999999995
v -0.8932131249999999 0.673861875 -3.860509134590018e-17
v -0.90313 0.6636774999999999 -0.10918375000000004
v -0.927070625 0.639089375 -0.15440937500000002
v -0.95101125 0.614501875 -0.10918375000000002
v -0.960928125 0.6043175 -2.3163138074266952e-17
v -0.95101125 0.614501875 0.10918374999999997
v -1.012929375 0.6900000000000001 0.15440937499999993
v -1.00416625 0.7235875 0.10918374999999994
v -1.000536875 0.7375 -5.2735593669694933e-17
v -1.00416625 0.7235874999999999 -0.10918375000000005
v -1.012929375 0.69 -0.15440937500000004
v -1.0216925 0.6564125 -0.10918375000000004
v -1.025321875 0.6425 -3.164135620181696e-17
v -1.0216925 0.6564125000000001 0.10918374999999995
v -1.112070625 0.6900000000000001 0.15440937499999993
v -1.12083375 0.7235875 0.10918374999999994
v -1.124463125 0.7375 -5.2735593669694933e-17
v -1.12083375 0.7235874999999999 -0.10918375000000005
v -1.112070625 0.69 -0.15440937500000004
v -1.1033075 0.6564125 -0.10918375000000004
v -1.099678125 0.6425 -3.164135620181696e-17
v -1.1033075 0.6564125000000001 0.10918374999999995
v -1.197929375 0.639089375 0.15440937499999996
v -1.22187 0.6636775 0.10918374999999995
v -1.231786875 0.673861875 -3.860509134590018e-17
v -1.22187 0.6636774999999999 -0.10918375000000004
v -1.197929375 0.639089375 -0.15440937500000002
v -1.17398875 0.614501875 -0.10918375000000002
v -1.164071875 0.6043175 -2.3163138074266952e-17
v -1.17398875 0.614501875 0.10918374999999997
v -1.2475 0.550910625 0.154409375
v -1.28020375 0.55991 0.10918374999999998
v -1.29375 0.563638125 -1.413050232379476e-17
v -1.28020375 0.55991 -0.10918375000000001
v -1.2475 0.550910625 -0.154409375
v -1.21479625 0.541910625 -0.10918375000000001
v -1.20125 0.5381825 -8.478218127550008e-18
v -1.21479625 0.541910625 0.10918374999999998
v -1.2475 0.449089375 0.154409375
v -1.28020375 0.44009000000000004 0.10918375000000001
v -1.29375 0.436361875 1.413050232379476e-17
v -1.28020375 0.44009 -0.10918374999999998
v -1.2475 0.44908937499999996 -0.154409375
v -1.21479625 0.45808937499999997 -0.10918374999999998
v -1.20125 0.4618175 8.478218127550008e-18
v -1.21479625 0.458089375 0.10918375000000001
v -1.197929375 0.36091062500000004 0.15440937500000002
v -1.22187 0.3363225 0.10918375000000004
v -1.231786875 0.326138125 3.860509134590018e-17
v -1.22187 0.33632249999999997 -0.10918374999999995
v -1.197929375 0.360910625 -0.15440937499999996
v -1.17398875 0.38549812499999997 -0.10918374999999997
v -1.164071875 0.3956825 2.3163138074266952e-17
v -1.17398875 0.385498125 0.10918375000000002
v -1.112070625 0.31000000000000005 0.15440937500000004
v -1.12083375 0.27641250000000006 0.10918375000000005
v -1.124463125 0.2625 5.2735593669694933e-17
v -1.12083375 0.27641249999999995 -0.10918374999999994
v -1.112070625 0.30999999999999994 -0.15440937499999993
v -1.1033075 0.34358749999999993 -0.10918374999999995
v -1.099678125 0.35750000000000004 3.164135620181696e-17
v -1.1033075 0.34358750000000005 0.10918375000000004
vt 0.255787421875 0.90625
vt 0.254132421875 0.9030948046875
vt 0.2611148828125 0.9008273828125
vt 0.26172109375 0.9043231640625
vt 0.223589453125 0.792266171875
vt 0.222866796875 0.7854212109375001
vt 0.230646640625 0.784882890625
vt 0.230913359375 0.791759375
vt 0.222866796875 0.7854212109375001
vt 0.22263984375 0.778541953125
vt 0.22996375 0.77803515625
vt 0.230646640625 0.784882890625
vt 0.22263984375 0.778541953125
vt 0.2229955859375 0.774996796875
vt 0.229219375 0.774566171875
vt 0.22996375 0.77803515625
vt 0.21296640625 0.7160645703124999
vt 0.2135140234375 0.71958515625
vt 0.208644375 0.7212173828124999
vt 0.207051171875 0.7180472265625
vt 0.0224469921875 0.5960115234375001
vt 0.021724375 0.602856484375
vt 0.017056640625 0.602533515625
vt 0.0173233203125 0.59565703125
vt 0.021724375 0.602856484375
vt 0.021497421875 0.6097357421875
vt 0.0163737109375 0.60938125
vt 0.017056640625 0.602533515625
vt 0.021497421875 0.6097357421875
vt 0.0218531640625 0.6132808984375
vt 0.015629375 0.612850234375
vt 0.0163737109375 0.60938125
vt 0.26172109375 0.9043231640625
vt 0.26111484375 0.9008270703125
vt 0.2685546875 0.9008270703125
vt 0.268043359375 0.9043231640625
vt 0.0195584375 0.717744765625
vt 0.019752265625 0.7108659374999999
vt 0.0276388671875 0.7113767578125
vt 0.026982734375 0.718225625
vt 0.019752265625 0.7108659374999999
vt 0.0204473828125 0.704019609375
vt 0.0278716796875 0.70450046875
vt 0.0276388671875 0.7113767578125
vt 0.0204473828125 0.704019609375
vt 0.0212783203125 0.70057
vt 0.0275873828125 0.7009786328125001
vt 0.0278716796875 0.70450046875
vt 0.4247396484375 0.6906203125
vt 0.4231111328125 0.6937727734375
vt 0.4181468359375 0.6922092578125
vt 0.4187094140625 0.688721015625
vt 0.3905913671875 0.8300726171875
vt 0.3907851953125 0.83695140625
vt 0.3860533203125 0.837257890625
vt 0.385397578125 0.830408984375
vt 0.3907851953125 0.83695140625
vt 0.3914803125 0.843797734375
vt 0.3862865234375 0.844134140625
vt 0.3860533203125 0.837257890625
vt 0.3914803125 0.843797734375
vt 0.392311640625 0.84724734375
vt 0.3860026171875 0.8476559375
vt 0.3862865234375 0.844134140625
vt 0.0298309375 0.7225779296875
vt 0.028823203125 0.7191913671875
vt 0.0362496875 0.7182253125
vt 0.0361418359375 0.72175703125
vt 0.028823203125 0.7191913671875
vt 0.0277053125 0.7124023046875
vt 0.035593515625 0.711376171875
vt 0.0362496875 0.7182253125
vt 0.0276388671875 0.7113767578125
vt 0.0278716796875 0.7045001953125001
vt 0.0353607421875 0.7045001953125001
vt 0.0355935546875 0.7113767578125
vt 0.028087109375 0.702716875
vt 0.0294640625 0.699462890625
vt 0.0356450390625 0.7009782812500001
vt 0.0353607421875 0.7045001953125001
vt 0.4187094140625 0.688721015625
vt 0.4181469140625 0.69220890625
vt 0.4129078515625 0.69220890625
vt 0.4123453515625 0.688721015625
vt 0.4181469140625 0.69220890625
vt 0.4179137109375 0.69908546875
vt 0.4131410546875 0.69908546875
vt 0.4129078515625 0.69220890625
vt 0.3860533203125 0.837257890625
vt 0.3862865234375 0.844134453125
vt 0.3810474609375 0.844134453125
vt 0.3812806640625 0.837257890625
vt 0.2520091796875 0.85546875
vt 0.2525716796875 0.859375
vt 0.2462076171875 0.859375
vt 0.2467701171875 0.85546875
vt 0.387230078125 0.5996359765625
vt 0.38671875 0.5961398828125
vt 0.39415859375 0.5961398828125
vt 0.39355234375 0.5996359765625
vt 0.0362496875 0.7182253125
vt 0.0355935546875 0.7113764453125
vt 0.04348015625 0.7108656640625
vt 0.043673984375 0.7177444921875
vt 0.0355935546875 0.7113764453125
vt 0.0353607421875 0.7045001953125001
vt 0.0427850390625 0.7040193359375
vt 0.04348015625 0.7108656640625
vt 0.0353607421875 0.7045001953125001
vt 0.0356450390625 0.7009783593750001
vt 0.0419541015625 0.7005697265624999
vt 0.0427850390625 0.7040193359375
vt 0.4123452734375 0.688720703125
vt 0.4129078515625 0.69220890625
vt 0.4079435546875 0.6937724609375
vt 0.4063150390625 0.6906199609375
vt 0.38193640625 0.830409296875
vt 0.3812806640625 0.837258203125
vt 0.3765487890625 0.83695171875
vt 0.3767426171875 0.830072890625
vt 0.3812806640625 0.837258203125
vt 0.3810474609375 0.844134453125
vt 0.375853671875 0.843798046875
vt 0.3765487890625 0.83695171875
vt 0.3810474609375 0.844134453125
vt 0.3813313671875 0.84765625
vt 0.37502234375 0.8472476171875
vt 0.375853671875 0.843798046875
vt 0.3935523828125 0.5996356640625
vt 0.39415859375 0.5961398828125
vt 0.40114109375 0.5984073046875
vt 0.3994860546875 0.6015625
vt 0.152387421875 0.7917590234375
vt 0.152654140625 0.7848825390625
vt 0.160433984375 0.7854208593750001
vt 0.159711328125 0.7922658203125
vt 0.152654140625 0.7848825390625
vt 0.15333703125 0.7780348046875
vt 0.1606609375 0.7785416015625
vt 0.160433984375 0.7854208593750001
vt 0.15333703125 0.7780348046875
vt 0.1540816015625 0.77456546875
vt 0.160305390625 0.7749964453125
vt 0.1606609375 0.7785416015625
vt 0.170390234375 0.71804703125
vt 0.1687969921875 0.7212175390625
vt 0.163927265625 0.7195854296875
vt 0.1644749609375 0.716064453125
vt 0.0424918359375 0.7831572265625
vt 0.0427581640625 0.79003375
vt 0.038090390625 0.7903564453125
vt 0.037368125 0.7835114453125
vt 0.0427581640625 0.79003375
vt 0.0434406640625 0.7968815234375
vt 0.038316953125 0.7972357421875
vt 0.038090390625 0.7903564453125
vt 0.0434406640625 0.7968815234375
vt 0.044185078125 0.8003505078125
vt 0.0379612890625 0.80078125
vt 0.038316953125 0.7972357421875
vt 0.162707421875 0.7966825
vt 0.1616800390625 0.793270390625
vt 0.168901953125 0.792266171875
vt 0.168844453125 0.7958291015625
vt 0.1616800390625 0.793270390625
vt 0.1605078515625 0.78648828125
vt 0.1681793359375 0.7854215625000001
vt 0.168901953125 0.792266171875
vt 0.160433984375 0.7854208593750001
vt 0.1606609375 0.778541953125
vt 0.16795234375 0.778541953125
vt 0.168179296875 0.7854208593750001
vt 0.1608954296875 0.776707578125
vt 0.162311328125 0.7734375
vt 0.168308125 0.774996328125
vt 0.16795234375 0.778541953125
vt 0.1644749609375 0.716064453125
vt 0.1639273046875 0.71958515625
vt 0.1588265234375 0.71958515625
vt 0.1582788671875 0.716064453125
vt 0.1639273046875 0.71958515625
vt 0.1637007421875 0.726464453125
vt 0.1590534765625 0.726464453125
vt 0.1588265234375 0.71958515625
vt 0.038090390625 0.7903564453125
vt 0.038316953125 0.7972357421875
vt 0.033216171875 0.7972357421875
vt 0.033443125 0.7903564453125
vt 0.06822421875 0.73046875
vt 0.068771875 0.734375
vt 0.06257578125 0.734375
vt 0.0631234375 0.73046875
vt 0.122974921875 0.6640625
vt 0.121319921875 0.6609073046875
vt 0.1283023828125 0.6586398828125
vt 0.12890859375 0.6621356640625
vt 0.168901953125 0.792266171875
vt 0.168179296875 0.7854212109375001
vt 0.175959140625 0.784882890625
vt 0.176225859375 0.791759375
vt 0.168179296875 0.7854212109375001
vt 0.16795234375 0.778541953125
vt 0.17527625 0.77803515625
vt 0.175959140625 0.784882890625
vt 0.16795234375 0.778541953125
vt 0.1683080859375 0.774996796875
vt 0.174531875 0.774566171875
vt 0.17527625 0.77803515625
vt 0.15827890625 0.7160645703124999
vt 0.1588265234375 0.71958515625
vt 0.153956875 0.7212173828124999
vt 0.152363671875 0.7180472265625
vt 0.0341657421875 0.7835115234375
vt 0.033443125 0.790356484375
vt 0.028775390625 0.790033515625
vt 0.0290420703125 0.78315703125
vt 0.033443125 0.790356484375
vt 0.033216171875 0.7972357421875
vt 0.0280924609375 0.79688125
vt 0.028775390625 0.790033515625
vt 0.033216171875 0.7972357421875
vt 0.0335719140625 0.8007808984375
vt 0.027348125 0.800350234375
vt 0.0280924609375 0.79688125
vt 0.12890859375 0.6621356640625
vt 0.12830234375 0.6586395703125
vt 0.1357421875 0.6586395703125
vt 0.135230859375 0.6621356640625
vt 0.2812771875 0.772432265625
vt 0.281471015625 0.7655534374999999
vt 0.2893576171875 0.7660642578125
vt 0.288701484375 0.772913125
vt 0.281471015625 0.7655534374999999
vt 0.2821661328125 0.758707109375
vt 0.2895904296875 0.75918796875
vt 0.2893576171875 0.7660642578125
vt 0.2821661328125 0.758707109375
vt 0.2829970703125 0.7552575
vt 0.2893061328125 0.7556661328125001
vt 0.2895904296875 0.75918796875
vt 0.1825521484375 0.5539015625
vt 0.1809236328125 0.5570540234375
vt 0.1759593359375 0.5554905078125
vt 0.1765219140625 0.552002265625
vt 0.1288726171875 0.5996038671874999
vt 0.1290664453125 0.60648265625
vt 0.1243345703125 0.606789140625
vt 0.123678828125 0.599940234375
vt 0.1290664453125 0.60648265625
vt 0.1297615625 0.613328984375
vt 0.1245677734375 0.613665390625
vt 0.1243345703125 0.606789140625
vt 0.1297615625 0.613328984375
vt 0.130592890625 0.61677859375
vt 0.1242838671875 0.6171871875
vt 0.1245677734375 0.613665390625
vt 0.2915496875 0.7772654296875
vt 0.290541953125 0.7738788671875
vt 0.2979684375 0.7729128125
vt 0.2978605859375 0.77644453125
vt 0.290541953125 0.7738788671875
vt 0.2894240625 0.7670898046875
vt 0.297312265625 0.766063671875
vt 0.2979684375 0.7729128125
vt 0.2893576171875 0.7660642578125
vt 0.2895904296875 0.7591876953125
vt 0.2970794921875 0.7591876953125
vt 0.2973123046875 0.7660642578125
vt 0.289805859375 0.757404375
vt 0.2911828125 0.754150390625
vt 0.2973637890625 0.7556657812500001
vt 0.2970794921875 0.7591876953125
vt 0.1765219140625 0.552002265625
vt 0.1759594140625 0.55549015625
vt 0.1707203515625 0.55549015625
vt 0.1701578515625 0.552002265625
vt 0.1759594140625 0.55549015625
vt 0.1757262109375 0.56236671875
vt 0.1709535546875 0.56236671875
vt 0.1707203515625 0.55549015625
vt 0.1243345703125 0.606789140625
vt 0.1245677734375 0.613665703125
vt 0.1193287109375 0.613665703125
vt 0.1195619140625 0.606789140625
vt 0.0332591796875 0.74609375
vt 0.0338216796875 0.75
vt 0.0274576171875 0.75
vt 0.0280201171875 0.74609375
vt 0.000511328125 0.5410422265625
vt 0 0.5375461328125
vt 0.00743984375 0.5375461328125
vt 0.00683359375 0.5410422265625
vt 0.2979684375 0.7729128125
vt 0.2973123046875 0.7660639453125
vt 0.30519890625 0.7655531640625
vt 0.305392734375 0.7724319921875
vt 0.2973123046875 0.7660639453125
vt 0.2970794921875 0.7591876953125
vt 0.3045037890625 0.7587068359375
vt 0.30519890625 0.7655531640625
vt 0.2970794921875 0.7591876953125
vt 0.2973637890625 0.755665859375
vt 0.3036728515625 0.7552572265624999
vt 0.3045037890625 0.7587068359375
vt 0.1701577734375 0.552001953125
vt 0.1707203515625 0.55549015625
vt 0.1657560546875 0.5570537109375
vt 0.1641275390625 0.5539012109375
vt 0.12021765625 0.599940546875
vt 0.1195619140625 0.606789453125
vt 0.1148300390625 0.60648296875
vt 0.1150238671875 0.599604140625
vt 0.1195619140625 0.606789453125
vt 0.1193287109375 0.613665703125
vt 0.114134921875 0.6133292968749999
vt 0.1148300390625 0.60648296875
vt 0.1193287109375 0.613665703125
vt 0.1196126171875 0.6171875
vt 0.11330359375 0.6167788671875001
vt 0.114134921875 0.6133292968749999
vt 0.0068336328125 0.5410419140625
vt 0.00743984375 0.5375461328125
vt 0.01442234375 0.5398135546875
vt 0.0127673046875 0.54296875
vt 0.207074921875 0.7917590234375
vt 0.207341640625 0.7848825390625
vt 0.215121484375 0.7854208593750001
vt 0.214398828125 0.7922658203125
vt 0.207341640625 0.7848825390625
vt 0.20802453125 0.7780348046875
vt 0.2153484375 0.7785416015625
vt 0.215121484375 0.7854208593750001
vt 0.20802453125 0.7780348046875
vt 0.2087691015625 0.77456546875
vt 0.214992890625 0.7749964453125
vt 0.2153484375 0.7785416015625
vt 0.225077734375 0.71804703125
vt 0.2234844921875 0.7212175390625
vt 0.218614765625 0.7195854296875
vt 0.2191624609375 0.716064453125
vt 0.0307730859375 0.5956572265625
vt 0.0310394140625 0.60253375
vt 0.026371640625 0.6028564453125
vt 0.025649375 0.5960114453125
vt 0.0310394140625 0.60253375
vt 0.0317219140625 0.6093815234375
vt 0.026598203125 0.6097357421875
vt 0.026371640625 0.6028564453125
vt 0.0317219140625 0.6093815234375
vt 0.032466328125 0.6128505078125
vt 0.0262425390625 0.61328125
vt 0.026598203125 0.6097357421875
vt 0.217394921875 0.7966825
vt 0.2163675390625 0.793270390625
vt 0.223589453125 0.792266171875
vt 0.223531953125 0.7958291015625
vt 0.2163675390625 0.793270390625
vt 0.2151953515625 0.78648828125
vt 0.2228668359375 0.7854215625000001
vt 0.223589453125 0.792266171875
vt 0.215121484375 0.7854208593750001
vt 0.2153484375 0.778541953125
vt 0.22263984375 0.778541953125
vt 0.222866796875 0.7854208593750001
vt 0.2155829296875 0.776707578125
vt 0.216998828125 0.7734375
vt 0.222995625 0.774996328125
vt 0.22263984375 0.778541953125
vt 0.2191624609375 0.716064453125
vt 0.2186148046875 0.71958515625
vt 0.2135140234375 0.71958515625
vt 0.2129663671875 0.716064453125
vt 0.2186148046875 0.71958515625
vt 0.2183882421875 0.726464453125
vt 0.2137409765625 0.726464453125
vt 0.2135140234375 0.71958515625
vt 0.026371640625 0.6028564453125
vt 0.026598203125 0.6097357421875
vt 0.021497421875 0.6097357421875
vt 0.021724375 0.6028564453125
vt 0.03306796875 0.7265625
vt 0.033615625 0.73046875
vt 0.02741953125 0.73046875
vt 0.0279671875 0.7265625
vn 0.4104502170600056 -0.6922108286334334 0.593611647491868
vn 0.5059967903414464 -0.8533480995457963 0.12555584082682997
vn 0.5059972781428477 -0.8533478132825956 -0.12555582056536607
vn 0.41045152650221184 -0.6922102213648285 -0.5936114502181199
vn -0.4104485975694529 0.6922115796878686 -0.5936118914739622
vn -0.5059960183775359 0.8533485525672353 -0.12555587289125597
vn -0.505995389752136 0.8533489214708241 0.12555589900186148
vn -0.4104515265022117 0.6922102213648285 0.5936114502181199
vn 0.7047789201792554 -0.3961972422483592 0.5884848501922185
vn 0.8649840057677972 -0.48625738166584564 0.12392105769953518
vn 0.8649838070205379 -0.4862577314938135 -0.12392107227887926
vn 0.7047780387905589 -0.396198493051016 -0.5884850636529678
vn -0.7047824931765042 0.39619667095276895 -0.5884809557138228
vn -0.8649849723019374 0.48625568040164774 -0.12392098679782768
vn -0.8649851704428286 0.48625533163908485 0.1239209722627865
vn -0.7047803096808073 0.3961997696561948 0.5884814845095839
vn 0.8103321153564639 1.3011167076882258e-16 0.585970871991022
vn 0.9923912487491107 2.7339101117900976e-17 0.12312436560722315
vn 0.9923912487491106 -2.7339101117900973e-17 -0.12312436560722313
vn 0.810332115356464 -1.3011167076882258e-16 -0.585970871991022
vn -0.8103321153564639 -1.3011167076882256e-16 -0.5859708719910219
vn -0.9923912487491107 -2.7339101117900924e-17 -0.12312436560722291
vn -0.9923912487491106 2.733910111790091e-17 0.12312436560722285
vn -0.810332115356464 1.3011167076882258e-16 0.585970871991022
vn 0.7047803323351889 0.3961980361033834 0.5884826245024767
vn 0.8649840527874708 0.4862574080983151 0.12392062577662707
vn 0.8649838569656788 0.48625775957088363 -0.12392061348251504
vn 0.7047797005920745 0.39619942725046575 -0.588482444495797
vn -0.7047789947623024 -0.39619470430337905 -0.5884864695333246
vn -0.8649850050946288 -0.4862556988362252 -0.12392068556435266
vn -0.8649852003189585 -0.4862553484340868 0.12392069782088926
vn -0.704777429702047 -0.3961981506454111 0.5884860236299009
vn 0.41044944481296985 0.692209526264137 0.5936137001467401
vn 0.505996751684381 0.8533480343518384 0.12555643971023178
vn 0.5059972370801221 0.853347744031656 -0.12555645671715202
vn 0.41045061774105474 0.6922086887751773 -0.5936138657242908
vn -0.4104503249094004 -0.69221449280469 -0.5936073001007596
vn -0.5059959835275055 -0.8533484937936049 -0.125556412796076
vn -0.5059953580022394 -0.8533488679253954 0.12555639087928544
vn -0.41045294850148634 -0.6922126195102096 0.593607670483839
vn 0 0.802817588045145 0.596224723007505
vn 0 0.9919792549758659 0.1264007820289348
vn 0 0.9919792549758658 -0.12640078202893518
vn 0 0.8028175880451446 -0.5962247230075054
vn 0 -0.8028175880451449 -0.596224723007505
vn 0 -0.9919792549758657 -0.12640078202893498
vn 0 -0.9919792549758658 0.12640078202893543
vn 0 -0.8028175880451447 0.5962247230075054
vn -0.4104502170600056 0.6922108286334336 0.5936116474918678
vn -0.5059967903414464 0.8533480995457963 0.12555584082682958
vn -0.5059972781428477 0.8533478132825956 -0.12555582056536646
vn -0.41045152650221184 0.6922102213648282 -0.5936114502181201
vn 0.4104485975694528 -0.6922115796878687 -0.5936118914739619
vn 0.5059960183775359 -0.8533485525672353 -0.12555587289125558
vn 0.505995389752136 -0.8533489214708241 0.12555589900186187
vn 0.4104515265022117 -0.6922102213648282 0.5936114502181201
vn -0.7047789201792554 0.39619724224835945 0.5884848501922183
vn -0.8649840057677974 0.48625738166584576 0.12392105769953499
vn -0.8649838070205379 0.4862577314938135 -0.12392107227887948
vn -0.7047780387905589 0.3961984930510158 -0.588485063652968
vn 0.7047824931765042 -0.39619667095276917 -0.5884809557138225
vn 0.8649849723019374 -0.48625568040164774 -0.12392098679782745
vn 0.8649851704428286 -0.48625533163908485 0.12392097226278673
vn 0.7047803096808073 -0.3961997696561946 0.5884814845095842
vn -0.8103321153564639 1.3011167076882258e-16 0.585970871991022
vn -0.9923912487491107 2.7339101117900976e-17 0.12312436560722315
vn -0.9923912487491106 -2.7339101117900973e-17 -0.12312436560722313
vn -0.810332115356464 -1.3011167076882258e-16 -0.585970871991022
vn 0.8103321153564639 -1.3011167076882256e-16 -0.5859708719910219
vn 0.9923912487491107 -2.7339101117900924e-17 -0.12312436560722291
vn 0.9923912487491106 2.733910111790091e-17 0.12312436560722285
vn 0.810332115356464 1.3011167076882258e-16 0.585970871991022
vn -0.7047803323351889 -0.39619803610338317 0.5884826245024769
vn -0.8649840527874708 -0.4862574080983151 0.1239206257766273
vn -0.8649838569656788 -0.48625775957088363 -0.12392061348251482
vn -0.7047797005920745 -0.396199427250466 -0.5884824444957968
vn 0.7047789947623024 0.39619470430337883 -0.5884864695333248
vn 0.8649850050946288 0.4862556988362252 -0.12392068556435289
vn 0.8649852003189585 0.4862553484340868 0.12392069782088903
vn 0.7047774297020472 0.3961981506454114 0.5884860236299008
vn -0.41044944481296985 -0.6922095262641368 0.5936137001467403
vn -0.5059967516843809 -0.8533480343518381 0.12555643971023214
vn -0.5059972370801221 -0.853347744031656 -0.12555645671715163
vn -0.41045061774105474 -0.6922086887751775 -0.5936138657242905
vn 0.41045032490940053 0.6922144928046899 -0.5936073001007599
vn 0.5059959835275054 0.8533484937936047 -0.12555641279607635
vn 0.5059953580022394 0.8533488679253954 0.12555639087928505
vn 0.41045294850148634 0.6922126195102098 0.5936076704838388
vn 0 -0.8028175880451448 0.5962247230075054
vn 0 -0.9919792549758657 0.1264007820289352
vn 0 -0.9919792549758658 -0.12640078202893473
vn 0 -0.802817588045145 -0.5962247230075051
vn 0 0.8028175880451447 -0.5962247230075054
vn 0 0.9919792549758657 -0.12640078202893543
vn 0 0.9919792549758658 0.12640078202893498
vn 0 0.8028175880451449 0.596224723007505
usemtl m_c04ff3ff-6f68-a1d6-5ef2-ffd6ff0a0417
f 294/1169/294 295/1170/294 303/1171/294 302/1172/294
f 295/1173/295 296/1174/295 304/1175/295 303/1176/295
f 296/1177/296 297/1178/296 305/1179/296 304/1180/296
f 297/1181/297 298/1182/297 306/1183/297 305/1184/297
f 298/1185/298 299/1186/298 307/1187/298 306/1188/298
f 299/1189/299 300/1190/299 308/1191/299 307/1192/299
f 300/1193/300 301/1194/300 309/1195/300 308/1196/300
f 301/1197/301 294/1198/301 302/1199/301 309/1200/301
f 302/1201/302 303/1202/302 311/1203/302 310/1204/302
f 303/1205/303 304/1206/303 312/1207/303 311/1208/303
f 304/1209/304 305/1210/304 313/1211/304 312/1212/304
f 305/1213/305 306/1214/305 314/1215/305 313/1216/305
f 306/1217/306 307/1218/306 315/1219/306 314/1220/306
f 307/1221/307 308/1222/307 316/1223/307 315/1224/307
f 308/1225/308 309/1226/308 317/1227/308 316/1228/308
f 309/1229/309 302/1230/309 310/1231/309 317/1232/309
f 310/1233/310 311/1234/310 319/1235/310 318/1236/310
f 311/1237/311 312/1238/311 320/1239/311 319/1240/311
f 312/1241/312 313/1242/312 321/1243/312 320/1244/312
f 313/1245/313 314/1246/313 322/1247/313 321/1248/313
f 314/1249/314 315/1250/314 323/1251/314 322/1252/314
f 315/1253/315 316/1254/315 324/1255/315 323/1256/315
f 316/1257/316 317/1258/316 325/1259/316 324/1260/316
f 317/1261/317 310/1262/317 318/1263/317 325/1264/317
f 318/1265/318 319/1266/318 327/1267/318 326/1268/318
f 319/1269/319 320/1270/319 328/1271/319 327/1272/319
f 320/1273/320 321/1274/320 329/1275/320 328/1276/320
f 321/1277/321 322/1278/321 330/1279/321 329/1280/321
f 322/1281/322 323/1282/322 331/1283/322 330/1284/322
f 323/1285/323 324/1286/323 332/1287/323 331/1288/323
f 324/1289/324 325/1290/324 333/1291/324 332/1292/324
f 325/1293/325 318/1294/325 326/1295/325 333/1296/325
f 326/1297/326 327/1298/326 335/1299/326 334/1300/326
f 327/1301/327 328/1302/327 336/1303/327 335/1304/327
f 328/1305/328 329/1306/328 337/1307/328 336/1308/328
f 329/1309/329 330/1310/329 338/1311/329 337/1312/329
f 330/1313/330 331/1314/330 339/1315/330 338/1316/330
f 331/1317/331 332/1318/331 340/1319/331 339/1320/331
f 332/1321/332 333/1322/332 341/1323/332 340/1324/332
f 333/1325/333 326/1326/333 334/1327/333 341/1328/333
f 334/1329/334 335/1330/334 343/1331/334 342/1332/334
f 335/1333/335 336/1334/335 344/1335/335 343/1336/335
f 336/1337/336 337/1338/336 345/1339/336 344/1340/336
f 337/1341/337 338/1342/337 346/1343/337 345/1344/337
f 338/1345/338 339/1346/338 347/1347/338 346/1348/338
f 339/1349/339 340/1350/339 348/1351/339 347/1352/339
f 340/1353/340 341/1354/340 349/1355/340 348/1356/340
f 341/1357/341 334/1358/341 342/1359/341 349/1360/341
f 342/1361/342 343/1362/342 351/1363/342 350/1364/342
f 343/1365/343 344/1366/343 352/1367/343 351/1368/343
f 344/1369/344 345/1370/344 353/1371/344 352/1372/344
f 345/1373/345 346/1374/345 354/1375/345 353/1376/345
f 346/1377/346 347/1378/346 355/1379/346 354/1380/346
f 347/1381/347 348/1382/347 356/1383/347 355/1384/347
f 348/1385/348 349/1386/348 357/1387/348 356/1388/348
f 349/1389/349 342/1390/349 350/1391/349 357/1392/349
f 350/1393/350 351/1394/350 359/1395/350 358/1396/350
f 351/1397/351 352/1398/351 360/1399/351 359/1400/351
f 352/1401/352 353/1402/352 361/1403/352 360/1404/352
f 353/1405/353 354/1406/353 362/1407/353 361/1408/353
f 354/1409/354 355/1410/354 363/1411/354 362/1412/354
f 355/1413/355 356/1414/355 364/1415/355 363/1416/355
f 356/1417/356 357/1418/356 365/1419/356 364/1420/356
f 357/1421/357 350/1422/357 358/1423/357 365/1424/357
f 358/1425/358 359/1426/358 367/1427/358 366/1428/358
f 359/1429/359 360/1430/359 368/1431/359 367/1432/359
f 360/1433/360 361/1434/360 369/1435/360 368/1436/360
f 361/1437/361 362/1438/361 370/1439/361 369/1440/361
f 362/1441/362 363/1442/362 371/1443/362 370/1444/362
f 363/1445/363 364/1446/363 372/1447/363 371/1448/363
f 364/1449/364 365/1450/364 373/1451/364 372/1452/364
f 365/1453/365 358/1454/365 366/1455/365 373/1456/365
f 366/1457/366 367/1458/366 375/1459/366 374/1460/366
f 367/1461/367 368/1462/367 376/1463/367 375/1464/367
f 368/1465/368 369/1466/368 377/1467/368 376/1468/368
f 369/1469/369 370/1470/369 378/1471/369 377/1472/369
f 370/1473/370 371/1474/370 379/1475/370 378/1476/370
f 371/1477/371 372/1478/371 380/1479/371 379/1480/371
f 372/1481/372 373/1482/372 381/1483/372 380/1484/372
f 373/1485/373 366/1486/373 374/1487/373 381/1488/373
f 374/1489/374 375/1490/374 383/1491/374 382/1492/374
f 375/1493/375 376/1494/375 384/1495/375 383/1496/375
f 376/1497/376 377/1498/376 385/1499/376 384/1500/376
f 377/1501/377 378/1502/377 386/1503/377 385/1504/377
f 378/1505/378 379/1506/378 387/1507/378 386/1508/378
f 379/1509/379 380/1510/379 388/1511/379 387/1512/379
f 380/1513/380 381/1514/380 389/1515/380 388/1516/380
f 381/1517/381 374/1518/381 382/1519/381 389/1520/381
f 382/1521/382 383/1522/382 295/1523/382 294/1524/382
f 383/1525/383 384/1526/383 296/1527/383 295/1528/383
f 384/1529/384 385/1530/384 297/1531/384 296/1532/384
f 385/1533/385 386/1534/385 298/1535/385 297/1536/385
f 386/1537/386 387/1538/386 299/1539/386 298/1540/386
f 387/1541/387 388/1542/387 300/1543/387 299/1544/387
f 388/1545/388 389/1546/388 301/1547/388 300/1548/388
f 389/1549/389 382/1550/389 294/1551/389 301/1552/389
o pyramid
v 0.26892212862617093 0.839402650954127 0
v -0.7459568667224798 1.4301029766693867 0.43125
v -0.7459568667224798 1.4301029766693867 -0.43125
v 1.3709568667224798 1.2448970233306131 0.43125
v 1.3709568667224798 1.2448970233306131 -0.43125
vt 0.1328125 0.9453125
vt 0.1328125 1
vt 0 1
vt 0 0.9453125
vt 0.031339765625 0.75680515625
vt 0.081941484375 0.7382216796875001
vt 0.081941484375 0.81640625
vt 0.13671875 0.95873203125
vt 0.26953125 0.95873203125
vt 0.203125 1
vt 0.13671875 0.9118570312500001
vt 0.26953125 0.9118570312500001
vt 0.203125 0.953125
vt 0.097746015625 0.74508640625
vt 0.148347734375 0.7265029296875001
vt 0.148347734375 0.8046875
vn 0.08715574274765817 0.9961946980917455 0
vn -0.5030368960973042 -0.8642649369058021 0
vn -0.05692375555320189 -0.6506415032426991 0.7572485195177341
vn -0.05692375555320189 -0.6506415032426991 -0.7572485195177341
vn 0.34531660401270464 -0.9384862508279667 0
usemtl m_c04ff3ff-6f68-a1d6-5ef2-ffd6ff0a0417
f 392/1553/390 391/1554/390 393/1555/390 394/1556/390
f 391/1557/391 392/1558/391 390/1559/391
f 393/1560/392 391/1561/392 390/1562/392
f 392/1563/393 394/1564/393 390/1565/393
f 394/1566/394 393/1567/394 390/1568/394
o pyramid
v 0.41857787137382907 1.3980973490458728 0
v 0.9353595176766069 0.8509748947044423 0.43125
v 0.9353595176766069 0.8509748947044423 -0.43125
v -0.18535951767660686 0.9490251052955577 0.43125
v -0.18535951767660686 0.9490251052955577 -0.43125
vt 0.34375 0.9453125
vt 0.34375 1
vt 0.2734375 1
vt 0.2734375 0.9453125
vt 0.3906766015625 0.7343070703125
vt 0.4374483984375 0.7075062109375
vt 0.4374483984375 0.76171875
vt 0 0.6345132812500001
vt 0.0703125 0.6345132812500001
vt 0.03515625 0.67578125
vt 0.0703125 0.6227945312500001
vt 0.140625 0.6227945312500001
vt 0.10546875 0.6640625
vt 0.1133328515625 0.5780570703125
vt 0.1601046484375 0.5512562109375
vt 0.1601046484375 0.60546875
vn -0.08715574274765818 -0.9961946980917455 0
vn 0.7269767481526406 0.6866620767491186 0
vn 0.05692375555320191 0.6506415032426992 0.7572485195177341
vn 0.05692375555320191 0.6506415032426992 -0.7572485195177341
vn -0.5966947195398495 0.8024683244049328 0
usemtl m_c04ff3ff-6f68-a1d6-5ef2-ffd6ff0a0417
f 397/1569/395 396/1570/395 398/1571/395 399/1572/395
f 396/1573/396 397/1574/396 395/1575/396
f 398/1576/397 396/1577/397 395/1578/397
f 397/1579/398 399/1580/398 395/1581/398
f 399/1582/399 398/1583/399 395/1584/399
o pyramid
v 0.33142212862617093 0.40190265095412714 0
v -0.18535951767660697 0.9490251052955577 0.43125
v -0.18535951767660697 0.9490251052955577 -0.43125
v 0.935359517676607 0.8509748947044423 0.43125
v 0.935359517676607 0.8509748947044423 -0.43125
vt 0.34375 0.88671875
vt 0.34375 0.94140625
vt 0.2734375 0.94140625
vt 0.2734375 0.88671875
vt 0.1641141015625 0.5780570703125
vt 0.2108858984375 0.5512562109375
vt 0.2108858984375 0.60546875
vt 0.3359375 0.8688882812500001
vt 0.40625 0.8688882812500001
vt 0.37109375 0.91015625
vt 0.3359375 0.7009195312500001
vt 0.40625 0.7009195312500001
vt 0.37109375 0.7421875
vt 0.3867703515625 0.5780570703125
vt 0.4335421484375 0.5512562109375
vt 0.4335421484375 0.60546875
vn 0.08715574274765817 0.9961946980917455 0
vn -0.7269767481526405 -0.6866620767491186 0
vn -0.05692375555320189 -0.6506415032426991 0.7572485195177341
vn -0.05692375555320189 -0.6506415032426991 -0.7572485195177341
vn 0.5966947195398494 -0.8024683244049329 0
usemtl m_c04ff3ff-6f68-a1d6-5ef2-ffd6ff0a0417
f 402/1585/400 401/1586/400 403/1587/400 404/1588/400
f 401/1589/401 402/1590/401 400/1591/401
f 403/1592/402 401/1593/402 400/1594/402
f 402/1595/403 404/1596/403 400/1597/403
f 404/1598/404 403/1599/404 400/1600/404
o pyramid
v -0.48107787137382907 0.39565265095412716 0
v -0.997859517676607 0.9427751052955577 0.43125
v -0.997859517676607 0.9427751052955577 -0.43125
v 0.12285951767660697 0.8447248947044423 0.43125
v 0.12285951767660697 0.8447248947044423 -0.43125
vt 0.13671875 0.66796875
vt 0.13671875 0.72265625
vt 0.06640625 0.72265625
vt 0.06640625 0.66796875
vt 0.3984891015625 0.8007133203125
vt 0.4452608984375 0.7739124609375
vt 0.4452608984375 0.828125
vt 0.34765625 0.95873203125
vt 0.41796875 0.95873203125
vt 0.3828125 1
vt 0.140625 0.6110757812500001
vt 0.2109375 0.6110757812500001
vt 0.17578125 0.65234375
vt 0.3242703515625 0.5741508203125
vt 0.3710421484375 0.5473499609375
vt 0.3710421484375 0.6015625
vn 0.08715574274765817 0.9961946980917455 0
vn -0.7269767481526405 -0.6866620767491186 0
vn -0.05692375555320189 -0.6506415032426991 0.7572485195177341
vn -0.05692375555320189 -0.6506415032426991 -0.7572485195177341
vn 0.5966947195398494 -0.8024683244049329 0
usemtl m_c04ff3ff-6f68-a1d6-5ef2-ffd6ff0a0417
f 407/1601/405 406/1602/405 408/1603/405 409/1604/405
f 406/1605/406 407/1606/406 405/1607/406
f 408/1608/407 406/1609/407 405/1610/407
f 407/1611/408 409/1612/408 405/1613/408
f 409/1614/409 408/1615/409 405/1616/409
o pyramid
v -0.7064221286261709 1.3980973490458728 0
v -0.18964048232339314 0.8509748947044423 0.43125
v -0.18964048232339314 0.8509748947044423 -0.43125
v -1.310359517676607 0.9490251052955577 0.43125
v -1.310359517676607 0.9490251052955577 -0.43125
vt 0.2109375 0.65625
vt 0.2109375 0.7109375
vt 0.140625 0.7109375
vt 0.140625 0.65625
vt 0.4102078515625 0.8710258203125
vt 0.4569796484375 0.8442249609375
vt 0.4569796484375 0.8984375
vt 0.3515625 0.6071695312500001
vt 0.421875 0.6071695312500001
vt 0.38671875 0.6484375
vt 0.35546875 0.6540445312500001
vt 0.42578125 0.6540445312500001
vt 0.390625 0.6953125
vt 0.4102078515625 0.6366508203125
vt 0.4569796484375 0.6098499609375
vt 0.4569796484375 0.6640625
vn -0.08715574274765818 -0.9961946980917455 0
vn 0.7269767481526406 0.6866620767491186 0
vn 0.05692375555320191 0.6506415032426992 0.7572485195177341
vn 0.05692375555320191 0.6506415032426992 -0.7572485195177341
vn -0.5966947195398495 0.8024683244049328 0
usemtl m_c04ff3ff-6f68-a1d6-5ef2-ffd6ff0a0417
f 412/1617/410 411/1618/410 413/1619/410 414/1620/410
f 411/1621/411 412/1622/411 410/1623/411
f 413/1624/412 411/1625/412 410/1626/412
f 412/1627/413 414/1628/413 410/1629/413
f 414/1630/414 413/1631/414 410/1632/414
o beveled_cuboid
v -0.3104607128171232 1.1833647346700782 0.28125
v -0.3104607128171232 1.1833647346700782 -0.28125
v -0.6079682154263364 1.4116502705483485 0.28125
v -0.6079682154263364 1.4116502705483485 -0.28125
v -0.4626510700693033 0.9850263995972692 0.28125
v -0.4626510700693033 0.9850263995972692 -0.28125
v -0.7601585726785165 1.2133119354755395 0.28125
v -0.7601585726785165 1.2133119354755395 -0.28125
v -0.7716955671336737 1.3009441085567868 0.28125
v -0.6956003885075837 1.4001132760931911 0.28125
v -0.7716955671336737 1.3009441085567868 -0.28125
v -0.6956003885075837 1.4001132760931911 -0.28125
v -0.37501889698805607 0.9965633940524264 0.28125
v -0.298923718361966 1.095732561588831 0.28125
v -0.37501889698805607 0.9965633940524264 -0.28125
v -0.298923718361966 1.095732561588831 -0.28125
v -0.42460348075625826 1.0346109833654715 -0.375
v -0.3485083021301682 1.133780150901876 -0.375
v -0.7221109833654715 1.2628965192437418 -0.375
v -0.6460158047393814 1.3620656867801462 -0.375
v -0.42460348075625826 1.0346109833654715 0.375
v -0.3485083021301682 1.133780150901876 0.375
v -0.7221109833654715 1.2628965192437418 0.375
v -0.6460158047393814 1.3620656867801462 0.375
vt 0.534423828125 0.72265625
vt 0.499267578125 0.72265625
vt 0.499267578125 0.71484375
vt 0.534423828125 0.71484375
vt 0.557861328125 0.9921875
vt 0.557861328125 1
vt 0.522705078125 1
vt 0.522705078125 0.9921875
vt 0.15625 0.46170781250000004
vt 0.15625 0.49686406250000004
vt 0.1328125 0.49686406250000004
vt 0.1328125 0.46170781250000004
vt 0.16015625 0.46163203124999996
vt 0.18359375 0.46163203124999996
vt 0.18359375 0.49678828124999996
vt 0.16015625 0.49678828124999996
vt 0.34765625 0.734375
vt 0.34765625 0.7421875
vt 0.32421875 0.7421875
vt 0.32421875 0.734375
vt 0.421875 0.89453125
vt 0.3984375 0.89453125
vt 0.3984375 0.88671875
vt 0.421875 0.88671875
vt 0.565185546875 0.52734375
vt 0.530029296875 0.52734375
vt 0.530029296875 0.52181953125
vt 0.565185546875 0.52181953125
vt 0.565185546875 0.51010078125
vt 0.565185546875 0.515625
vt 0.530029296875 0.515625
vt 0.530029296875 0.51010078125
vt 0.15625 0.45466562499999996
vt 0.15625 0.46170781250000004
vt 0.1328125 0.46170781250000004
vt 0.1328125 0.45466562499999996
vt 0.1328125 0.49686406250000004
vt 0.15625 0.49686406250000004
vt 0.15625 0.50390625
vt 0.1328125 0.50390625
vt 0.530029296875 0.5506903515625
vt 0.530029296875 0.5451661328124999
vt 0.565185546875 0.5451661328124999
vt 0.565185546875 0.5506903515625
vt 0.530029296875 0.533447265625
vt 0.565185546875 0.533447265625
vt 0.565185546875 0.538971484375
vt 0.530029296875 0.538971484375
vt 0.16015625 0.49678828124999996
vt 0.18359375 0.49678828124999996
vt 0.18359375 0.5038304687499999
vt 0.16015625 0.5038304687499999
vt 0.18359375 0.45458984375
vt 0.18359375 0.46163203124999996
vt 0.16015625 0.46163203124999996
vt 0.16015625 0.45458984375
vt 0.534423828125 0.71484375
vt 0.541466015625 0.71484375
vt 0.541466015625 0.72265625
vt 0.534423828125 0.72265625
vt 0.492225390625 0.72265625
vt 0.492225390625 0.71484375
vt 0.499267578125 0.71484375
vt 0.499267578125 0.72265625
vt 0.515662890625 1
vt 0.515662890625 0.9921875
vt 0.522705078125 0.9921875
vt 0.522705078125 1
vt 0.557861328125 0.9921875
vt 0.564903515625 0.9921875
vt 0.564903515625 1
vt 0.557861328125 1
vt 0.530029296875 0.545166015625
vt 0.530029296875 0.5506903515625
vt 0.52355140625 0.5479281640625
vt 0.565185546875 0.533447265625
vt 0.5716634375 0.5362094140625
vt 0.565185546875 0.5389716015625
vt 0.565185546875 0.5451661328124999
vt 0.5716634375 0.5479282812499999
vt 0.565185546875 0.5506904296874999
vt 0.530029296875 0.533447265625
vt 0.530029296875 0.5389716015625
vt 0.52355140625 0.5362094140625
vt 0.530029296875 0.52734375
vt 0.523551484375 0.524582109375
vt 0.530029296875 0.5218198046875
vt 0.565185546875 0.5156247265625
vt 0.565185546875 0.51010078125
vt 0.571663359375 0.512863125
vt 0.565185546875 0.52734375
vt 0.565185546875 0.5218198046875
vt 0.571663359375 0.524582109375
vt 0.530029296875 0.515625
vt 0.523551484375 0.512863359375
vt 0.530029296875 0.5101010546875
vn 0.7933533402912352 -0.6087614290087207 0
vn -0.7933533402912352 0.6087614290087207 0
vn 0.6087614290087207 0.7933533402912352 0
vn -0.6087614290087207 -0.7933533402912352 0
vn 0 0 1
vn 0 0 -1
vn 0.9914448613738105 0.13052619222005157 0
vn -0.13052619222005157 0.9914448613738105 0
vn 0.5065201261882324 0.6601098803032337 0.5547001962252291
vn 0.5065201261882324 0.6601098803032337 -0.5547001962252291
vn 0.13052619222005157 -0.9914448613738105 0
vn -0.9914448613738105 -0.13052619222005157 0
vn -0.5065201261882324 -0.6601098803032337 0.5547001962252291
vn -0.5065201261882324 -0.6601098803032337 -0.5547001962252291
vn 0.6601098803032337 -0.5065201261882324 -0.5547001962252291
vn 0.6601098803032337 -0.5065201261882324 0.5547001962252291
vn -0.6601098803032337 0.5065201261882324 -0.5547001962252291
vn -0.6601098803032337 0.5065201261882324 0.5547001962252291
vn 0.11806538315665022 -0.8967956196825961 0.42640143271122083
vn -0.8967956196825961 -0.11806538315665022 0.42640143271122083
vn 0.11806538315665022 -0.8967956196825961 -0.42640143271122083
vn -0.8967956196825961 -0.11806538315665022 -0.42640143271122083
vn 0.8967956196825961 0.11806538315665022 0.42640143271122083
vn -0.11806538315665022 0.8967956196825961 0.42640143271122083
vn 0.8967956196825961 0.11806538315665022 -0.42640143271122083
vn -0.11806538315665022 0.8967956196825961 -0.42640143271122083
usemtl m_c04ff3ff-6f68-a1d6-5ef2-ffd6ff0a0417
f 430/1633/415 428/1634/415 427/1635/415 429/1636/415
f 423/1637/416 424/1638/416 426/1639/416 425/1640/416
f 415/1641/417 416/1642/417 418/1643/417 417/1644/417
f 422/1645/418 420/1646/418 419/1647/418 421/1648/418
f 435/1649/419 436/1650/419 438/1651/419 437/1652/419
f 434/1653/420 432/1654/420 431/1655/420 433/1656/420
f 416/1657/421 415/1658/421 428/1659/421 430/1660/421
f 424/1661/422 417/1662/422 418/1663/422 426/1664/422
f 436/1665/423 415/1666/423 417/1667/423 438/1668/423
f 418/1669/424 416/1670/424 432/1671/424 434/1672/424
f 427/1673/425 419/1674/425 420/1675/425 429/1676/425
f 422/1677/426 421/1678/426 423/1679/426 425/1680/426
f 421/1681/427 419/1682/427 435/1683/427 437/1684/427
f 431/1685/428 420/1686/428 422/1687/428 433/1688/428
f 429/1689/429 431/1690/429 432/1691/429 430/1692/429
f 436/1693/430 435/1694/430 427/1695/430 428/1696/430
f 434/1697/431 433/1698/431 425/1699/431 426/1700/431
f 423/1701/432 437/1702/432 438/1703/432 424/1704/432
f 419/1705/433 427/1706/433 435/1707/433
f 421/1708/434 437/1709/434 423/1710/434
f 420/1711/435 431/1712/435 429/1713/435
f 422/1714/436 425/1715/436 433/1716/436
f 415/1717/437 436/1718/437 428/1719/437
f 417/1720/438 424/1721/438 438/1722/438
f 416/1723/439 430/1724/439 432/1725/439
f 418/1726/440 434/1727/440 426/1728/440
o beveled_cuboid
v 1.0203125 1.25 0.234375
v 1.0203125 1.25 -0.234375
v 0.7296875 1.25 0.234375
v 0.7296875 1.25 -0.234375
v 1.0203125 0.75 0.234375
v 1.0203125 0.75 -0.234375
v 0.7296875 0.75 0.234375
v 0.7296875 0.75 -0.234375
v 0.68125 0.875 0.234375
v 0.68125 1.125 0.234375
v 0.68125 0.875 -0.234375
v 0.68125 1.125 -0.234375
v 1.06875 0.875 0.234375
v 1.06875 1.125 0.234375
v 1.06875 0.875 -0.234375
v 1.06875 1.125 -0.234375
v 1.0203125 0.875 -0.3125
v 1.0203125 1.125 -0.3125
v 0.7296875 0.875 -0.3125
v 0.7296875 1.125 -0.3125
v 1.0203125 0.875 0.3125
v 1.0203125 1.125 0.3125
v 0.7296875 0.875 0.3125
v 0.7296875 1.125 0.3125
vt 0.25 0.702558984375
vt 0.220703125 0.702558984375
vt 0.220703125 0.686933984375
vt 0.25 0.686933984375
vt 0.5234375 0.565840234375
vt 0.5234375 0.581465234375
vt 0.494140625 0.581465234375
vt 0.494140625 0.565840234375
vt 0.20703125 0.47265625
vt 0.20703125 0.50390625
vt 0.1875 0.50390625
vt 0.1875 0.47265625
vt 0.32421875 0.47265625
vt 0.34375 0.47265625
vt 0.34375 0.50390625
vt 0.32421875 0.50390625
vt 0.1041748046875 0.775943359375
vt 0.1041748046875 0.791568359375
vt 0.0860107421875 0.791568359375
vt 0.0860107421875 0.775943359375
vt 0.2799560546875 0.850162109375
vt 0.2617919921875 0.850162109375
vt 0.2617919921875 0.834537109375
vt 0.2799560546875 0.834537109375
vt 0.25 0.7109375
vt 0.220703125 0.7109375
vt 0.220703125 0.702558984375
vt 0.25 0.702558984375
vt 0.5234375 0.581465234375
vt 0.5234375 0.58984375
vt 0.494140625 0.58984375
vt 0.494140625 0.581465234375
vt 0.1041748046875 0.791568359375
vt 0.1041748046875 0.80078125
vt 0.0860107421875 0.80078125
vt 0.0860107421875 0.791568359375
vt 0.2799560546875 0.859375
vt 0.2617919921875 0.859375
vt 0.2617919921875 0.850162109375
vt 0.2799560546875 0.850162109375
vt 0.220703125 0.686933984375
vt 0.220703125 0.67855546875
vt 0.25 0.67855546875
vt 0.25 0.686933984375
vt 0.494140625 0.55746171875
vt 0.5234375 0.55746171875
vt 0.5234375 0.565840234375
vt 0.494140625 0.565840234375
vt 0.0860107421875 0.7667304687500001
vt 0.1041748046875 0.7667304687500001
vt 0.1041748046875 0.775943359375
vt 0.0860107421875 0.775943359375
vt 0.2617919921875 0.834537109375
vt 0.2617919921875 0.8253242187500001
vt 0.2799560546875 0.8253242187500001
vt 0.2799560546875 0.834537109375
vt 0.25 0.686933984375
vt 0.2557453125 0.686933984375
vt 0.2557453125 0.702558984375
vt 0.25 0.702558984375
vt 0.2149578125 0.702558984375
vt 0.2149578125 0.686933984375
vt 0.220703125 0.686933984375
vt 0.220703125 0.702558984375
vt 0.4883953125 0.581465234375
vt 0.4883953125 0.565840234375
vt 0.494140625 0.565840234375
vt 0.494140625 0.581465234375
vt 0.5234375 0.565840234375
vt 0.5291828125 0.565840234375
vt 0.5291828125 0.581465234375
vt 0.5234375 0.581465234375
vt 0.220703125 0.6785553125
vt 0.220703125 0.686933984375
vt 0.2150629296875 0.685840078125
vt 0.5250328125 0.5576148437499999
vt 0.5291828125 0.565840234375
vt 0.5234375 0.565840234375
vt 0.25 0.67855546875
vt 0.2556401953125 0.6858402343750001
vt 0.25 0.686934140625
vt 0.4925453125 0.5576148437499999
vt 0.494140625 0.565840234375
vt 0.4883953125 0.565840234375
vt 0.220703125 0.7109375
vt 0.2150629296875 0.703652734375
vt 0.220703125 0.7025588281249999
vt 0.5250328125 0.589690625
vt 0.5234375 0.581465234375
vt 0.5291828125 0.581465234375
vt 0.25 0.7109375
vt 0.25 0.7025588281249999
vt 0.2556401953125 0.703652734375
vt 0.4925453125 0.589690625
vt 0.4883953125 0.581465234375
vt 0.494140625 0.581465234375
vn 1 0 0
vn -1 0 0
vn 0 1 0
vn 0 -1 0
vn 0 0 1
vn 0 0 -1
vn 0.9324414651836066 0.3613210677586475 0
vn -0.9324414651836066 0.3613210677586475 0
vn 0 0.5299989400031799 0.847998304005088
vn 0 0.5299989400031799 -0.847998304005088
vn 0.9324414651836066 -0.3613210677586475 0
vn -0.9324414651836066 -0.3613210677586475 0
vn 0 -0.5299989400031799 0.847998304005088
vn 0 -0.5299989400031799 -0.847998304005088
vn 0.8499026917123796 0 -0.5269396688616753
vn 0.8499026917123796 0 0.5269396688616753
vn -0.8499026917123796 0 -0.5269396688616753
vn -0.8499026917123796 0 0.5269396688616753
vn 0.807251003973495 -0.31280976403972927 0.5004956224635668
vn -0.807251003973495 -0.31280976403972927 0.5004956224635668
vn 0.807251003973495 -0.31280976403972927 -0.5004956224635668
vn -0.807251003973495 -0.31280976403972927 -0.5004956224635668
vn 0.807251003973495 0.31280976403972927 0.5004956224635668
vn -0.807251003973495 0.31280976403972927 0.5004956224635668
vn 0.807251003973495 0.31280976403972927 -0.5004956224635668
vn -0.807251003973495 0.31280976403972927 -0.5004956224635668
usemtl m_c04ff3ff-6f68-a1d6-5ef2-ffd6ff0a0417
f 454/1729/441 452/1730/441 451/1731/441 453/1732/441
f 447/1733/442 448/1734/442 450/1735/442 449/1736/442
f 439/1737/443 440/1738/443 442/1739/443 441/1740/443
f 446/1741/444 444/1742/444 443/1743/444 445/1744/444
f 459/1745/445 460/1746/445 462/1747/445 461/1748/445
f 458/1749/446 456/1750/446 455/1751/446 457/1752/446
f 440/1753/447 439/1754/447 452/1755/447 454/1756/447
f 448/1757/448 441/1758/448 442/1759/448 450/1760/448
f 460/1761/449 439/1762/449 441/1763/449 462/1764/449
f 442/1765/450 440/1766/450 456/1767/450 458/1768/450
f 451/1769/451 443/1770/451 444/1771/451 453/1772/451
f 446/1773/452 445/1774/452 447/1775/452 449/1776/452
f 445/1777/453 443/1778/453 459/1779/453 461/1780/453
f 455/1781/454 444/1782/454 446/1783/454 457/1784/454
f 453/1785/455 455/1786/455 456/1787/455 454/1788/455
f 460/1789/456 459/1790/456 451/1791/456 452/1792/456
f 458/1793/457 457/1794/457 449/1795/457 450/1796/457
f 447/1797/458 461/1798/458 462/1799/458 448/1800/458
f 443/1801/459 451/1802/459 459/1803/459
f 445/1804/460 461/1805/460 447/1806/460
f 444/1807/461 455/1808/461 453/1809/461
f 446/1810/462 449/1811/462 457/1812/462
f 439/1813/463 460/1814/463 452/1815/463
f 441/1816/464 448/1817/464 462/1818/464
f 440/1819/465 454/1820/465 456/1821/465
f 442/1822/466 458/1823/466 450/1824/466
o cuboid
v -0.3861984785244017 0.6667679961796951 0.1875
v -0.3861984785244017 0.6667679961796951 -0.1875
v -1.2253462143687954 0.3778262590989686 0.1875
v -1.2253462143687954 0.3778262590989686 -0.1875
v -0.4268944978315463 0.7849578181296097 0.1875
v -0.4268944978315463 0.7849578181296097 -0.1875
v -1.26604223367594 0.49601608104888323 0.1875
v -1.26604223367594 0.49601608104888323 -0.1875
vt 0.0234375 0.80078125
vt 0 0.80078125
vt 0 0.74609375
vt 0.0234375 0.74609375
vt 0.12890625 0.44921875
vt 0.12890625 0.50390625
vt 0.10546875 0.50390625
vt 0.10546875 0.44921875
vt 0.109375 0.77734375
vt 0.1171875 0.77734375
vt 0.1171875 0.80078125
vt 0.109375 0.80078125
vt 0.35546875 0.9765625
vt 0.35546875 1
vt 0.34765625 1
vt 0.34765625 0.9765625
vt 0.29296875 0.4375
vt 0.29296875 0.4921875
vt 0.28515625 0.4921875
vt 0.28515625 0.4375
vt 0.28125 0.484375
vt 0.2734375 0.484375
vt 0.2734375 0.4296875
vt 0.28125 0.4296875
vn 0.3255681544571566 -0.9455185755993168 0
vn -0.3255681544571566 0.9455185755993168 0
vn 0.9455185755993168 0.3255681544571566 0
vn -0.9455185755993168 -0.3255681544571566 0
vn 0 0 1
vn 0 0 -1
usemtl m_c04ff3ff-6f68-a1d6-5ef2-ffd6ff0a0417
f 464/1825/467 463/1826/467 465/1827/467 466/1828/467
f 469/1829/468 467/1830/468 468/1831/468 470/1832/468
f 467/1833/469 463/1834/469 464/1835/469 468/1836/469
f 466/1837/470 465/1838/470 469/1839/470 470/1840/470
f 465/1841/471 463/1842/471 467/1843/471 469/1844/471
f 468/1845/472 464/1846/472 466/1847/472 470/1848/472
o cuboid
v 2.0749999999999997 0.65 0.44375
v 2.0749999999999997 0.65 -0.056249999999999994
v 2.0749999999999997 0.6 0.44375
v 2.0749999999999997 0.6 -0.056249999999999994
v 1.9124999999999999 0.65 0.44375
v 1.9124999999999999 0.65 -0.056249999999999994
v 1.9124999999999999 0.6 0.44375
v 1.9124999999999999 0.6 -0.056249999999999994
vt 0.546875 0.859375
vt 0.515625 0.859375
vt 0.515625 0.85546875
vt 0.546875 0.85546875
vt 0.55859375 0.80859375
vt 0.55859375 0.8125
vt 0.52734375 0.8125
vt 0.52734375 0.80859375
vt 0.1640625 0.828125
vt 0.17578125 0.828125
vt 0.17578125 0.859375
vt 0.1640625 0.859375
vt 0.41015625 0.75390625
vt 0.41015625 0.78515625
vt 0.3984375 0.78515625
vt 0.3984375 0.75390625
vt 0.1484375 0.97265625
vt 0.1484375 0.9765625
vt 0.13671875 0.9765625
vt 0.13671875 0.97265625
vt 0.1484375 0.9296875
vt 0.13671875 0.9296875
vt 0.13671875 0.92578125
vt 0.1484375 0.92578125
vn 1 0 0
vn -1 0 0
vn 0 1 0
vn 0 -1 0
vn 0 0 1
vn 0 0 -1
usemtl m_c04ff3ff-6f68-a1d6-5ef2-ffd6ff0a0417
f 472/1849/473 471/1850/473 473/1851/473 474/1852/473
f 477/1853/474 475/1854/474 476/1855/474 478/1856/474
f 475/1857/475 471/1858/475 472/1859/475 476/1860/475
f 474/1861/476 473/1862/476 477/1863/476 478/1864/476
f 473/1865/477 471/1866/477 475/1867/477 477/1868/477
f 476/1869/478 472/1870/478 474/1871/478 478/1872/478
o cuboid
v 2.0749999999999997 0.775 -0.13124999999999998
v 2.0749999999999997 0.775 -0.23125
v 2.0749999999999997 0.725 -0.13124999999999998
v 2.0749999999999997 0.725 -0.23125
v 2.025 0.775 -0.13124999999999998
v 2.025 0.775 -0.23125
v 2.025 0.725 -0.13124999999999998
v 2.025 0.725 -0.23125
vt 0.18359375 1
vt 0.17578125 1
vt 0.17578125 0.99609375
vt 0.18359375 0.99609375
vt 0.18359375 0.94921875
vt 0.18359375 0.953125
vt 0.17578125 0.953125
vt 0.17578125 0.94921875
vt 0.1796875 0.8515625
vt 0.18359375 0.8515625
vt 0.18359375 0.859375
vt 0.1796875 0.859375
vt 0.00390625 0.8046875
vt 0.00390625 0.8125
vt 0 0.8125
vt 0 0.8046875
vt 0.0625 0.8359375
vt 0.0625 0.83984375
vt 0.05859375 0.83984375
vt 0.05859375 0.8359375
vt 0.14453125 0.83984375
vt 0.140625 0.83984375
vt 0.140625 0.8359375
vt 0.14453125 0.8359375
vn 1 0 0
vn -1 0 0
vn 0 1 0
vn 0 -1 0
vn 0 0 1
vn 0 0 -1
usemtl m_c04ff3ff-6f68-a1d6-5ef2-ffd6ff0a0417
f 480/1873/479 479/1874/479 481/1875/479 482/1876/479
f 485/1877/480 483/1878/480 484/1879/480 486/1880/480
f 483/1881/481 479/1882/481 480/1883/481 484/1884/481
f 482/1885/482 481/1886/482 485/1887/482 486/1888/482
f 481/1889/483 479/1890/483 483/1891/483 485/1892/483
f 484/1893/484 480/1894/484 482/1895/484 486/1896/484
o cuboid
v 2.0749999999999997 0.65 -0.13124999999999998
v 2.0749999999999997 0.65 -0.23125
v 2.0749999999999997 0.6 -0.13124999999999998
v 2.0749999999999997 0.6 -0.23125
v 2.025 0.65 -0.13124999999999998
v 2.025 0.65 -0.23125
v 2.025 0.6 -0.13124999999999998
v 2.025 0.6 -0.23125
vt 0.20703125 0.90625
vt 0.19921875 0.90625
vt 0.19921875 0.90234375
vt 0.20703125 0.90234375
vt 0.12890625 0.796875
vt 0.12890625 0.80078125
vt 0.12109375 0.80078125
vt 0.12109375 0.796875
vt 0.05078125 0.79296875
vt 0.0546875 0.79296875
vt 0.0546875 0.80078125
vt 0.05078125 0.80078125
vt 0.1875 0.7890625
vt 0.1875 0.796875
vt 0.18359375 0.796875
vt 0.18359375 0.7890625
vt 0.16796875 0.8203125
vt 0.16796875 0.82421875
vt 0.1640625 0.82421875
vt 0.1640625 0.8203125
vt 0.08984375 0.80859375
vt 0.0859375 0.80859375
vt 0.0859375 0.8046875
vt 0.08984375 0.8046875
vn 1 0 0
vn -1 0 0
vn 0 1 0
vn 0 -1 0
vn 0 0 1
vn 0 0 -1
usemtl m_c04ff3ff-6f68-a1d6-5ef2-ffd6ff0a0417
f 488/1897/485 487/1898/485 489/1899/485 490/1900/485
f 493/1901/486 491/1902/486 492/1903/486 494/1904/486
f 491/1905/487 487/1906/487 488/1907/487 492/1908/487
f 490/1909/488 489/1910/488 493/1911/488 494/1912/488
f 489/1913/489 487/1914/489 491/1915/489 493/1916/489
f 492/1917/490 488/1918/490 490/1919/490 494/1920/490
o cuboid
v 2.0749999999999997 0.525 -0.13124999999999998
v 2.0749999999999997 0.525 -0.23125
v 2.0749999999999997 0.475 -0.13124999999999998
v 2.0749999999999997 0.475 -0.23125
v 2.025 0.525 -0.13124999999999998
v 2.025 0.525 -0.23125
v 2.025 0.475 -0.13124999999999998
v 2.025 0.475 -0.23125
vt 0.23046875 1
vt 0.22265625 1
vt 0.22265625 0.99609375
vt 0.23046875 0.99609375
vt 0.03515625 0.7734375
vt 0.03515625 0.77734375
vt 0.02734375 0.77734375
vt 0.02734375 0.7734375
vt 0.2265625 0.9453125
vt 0.23046875 0.9453125
vt 0.23046875 0.953125
vt 0.2265625 0.953125
vt 0.15625 0.75390625
vt 0.15625 0.76171875
vt 0.15234375 0.76171875
vt 0.15234375 0.75390625
vt 0.19921875 0.89453125
vt 0.19921875 0.8984375
vt 0.1953125 0.8984375
vt 0.1953125 0.89453125
vt 0.125 0.79296875
vt 0.12109375 0.79296875
vt 0.12109375 0.7890625
vt 0.125 0.7890625
vn 1 0 0
vn -1 0 0
vn 0 1 0
vn 0 -1 0
vn 0 0 1
vn 0 0 -1
usemtl m_c04ff3ff-6f68-a1d6-5ef2-ffd6ff0a0417
f 496/1921/491 495/1922/491 497/1923/491 498/1924/491
f 501/1925/492 499/1926/492 500/1927/492 502/1928/492
f 499/1929/493 495/1930/493 496/1931/493 500/1932/493
f 498/1933/494 497/1934/494 501/1935/494 502/1936/494
f 497/1937/495 495/1938/495 499/1939/495 501/1940/495
f 500/1941/496 496/1942/496 498/1943/496 502/1944/496
o cuboid
v 0.3125 0.7875000000000001 0.49374999999999997
v 0.3125 0.7875000000000001 0.41875
v -0.4375 0.7875 0.49374999999999997
v -0.4375 0.7875 0.41875
v 0.3125 0.8375000000000001 0.49374999999999997
v 0.3125 0.8375000000000001 0.41875
v -0.4375 0.8375 0.49374999999999997
v -0.4375 0.8375 0.41875
vt 0.3125 0.48046875
vt 0.30859375 0.48046875
vt 0.30859375 0.43359375
vt 0.3125 0.43359375
vt 0.3203125 0.43359375
vt 0.3203125 0.48046875
vt 0.31640625 0.48046875
vt 0.31640625 0.43359375
vt 0.02734375 0.765625
vt 0.03125 0.765625
vt 0.03125 0.76953125
vt 0.02734375 0.76953125
vt 0.2578125 0.84765625
vt 0.2578125 0.8515625
vt 0.25390625 0.8515625
vt 0.25390625 0.84765625
vt 0.09765625 0.4296875
vt 0.09765625 0.4765625
vt 0.09375 0.4765625
vt 0.09375 0.4296875
vt 0.3671875 0.4765625
vt 0.36328125 0.4765625
vt 0.36328125 0.4296875
vt 0.3671875 0.4296875
vn 2.220446049250313e-16 -1 0
vn -2.220446049250313e-16 1 0
vn 1 2.220446049250313e-16 0
vn -1 -2.220446049250313e-16 0
vn 0 0 1
vn 0 0 -1
usemtl m_c04ff3ff-6f68-a1d6-5ef2-ffd6ff0a0417
f 504/1945/497 503/1946/497 505/1947/497 506/1948/497
f 509/1949/498 507/1950/498 508/1951/498 510/1952/498
f 507/1953/499 503/1954/499 504/1955/499 508/1956/499
f 506/1957/500 505/1958/500 509/1959/500 510/1960/500
f 505/1961/501 503/1962/501 507/1963/501 509/1964/501
f 508/1965/502 504/1966/502 506/1967/502 510/1968/502
o cuboid
v 0.3125 0.7875000000000001 -0.41875
v 0.3125 0.7875000000000001 -0.49374999999999997
v -0.4375 0.7875 -0.41875
v -0.4375 0.7875 -0.49374999999999997
v 0.3125 0.8375000000000001 -0.41875
v 0.3125 0.8375000000000001 -0.49374999999999997
v -0.4375 0.8375 -0.41875
v -0.4375 0.8375 -0.49374999999999997
vt 0.375 0.4765625
vt 0.37109375 0.4765625
vt 0.37109375 0.4296875
vt 0.375 0.4296875
vt 0.3828125 0.4296875
vt 0.3828125 0.4765625
vt 0.37890625 0.4765625
vt 0.37890625 0.4296875
vt 0.25390625 0.83984375
vt 0.2578125 0.83984375
vt 0.2578125 0.84375
vt 0.25390625 0.84375
vt 0.2578125 0.83203125
vt 0.2578125 0.8359375
vt 0.25390625 0.8359375
vt 0.25390625 0.83203125
vt 0.390625 0.4296875
vt 0.390625 0.4765625
vt 0.38671875 0.4765625
vt 0.38671875 0.4296875
vt 0.3984375 0.4765625
vt 0.39453125 0.4765625
vt 0.39453125 0.4296875
vt 0.3984375 0.4296875
vn 2.220446049250313e-16 -1 0
vn -2.220446049250313e-16 1 0
vn 1 2.220446049250313e-16 0
vn -1 -2.220446049250313e-16 0
vn 0 0 1
vn 0 0 -1
usemtl m_c04ff3ff-6f68-a1d6-5ef2-ffd6ff0a0417
f 512/1969/503 511/1970/503 513/1971/503 514/1972/503
f 517/1973/504 515/1974/504 516/1975/504 518/1976/504
f 515/1977/505 511/1978/505 512/1979/505 516/1980/505
f 514/1981/506 513/1982/506 517/1983/506 518/1984/506
f 513/1985/507 511/1986/507 515/1987/507 517/1988/507
f 516/1989/508 512/1990/508 514/1991/508 518/1992/508
o cuboid
v 0.3125 0.8500000000000001 0.49374999999999997
v 0.3125 0.8500000000000001 0.41875
v 0.2375 0.8500000000000001 0.49374999999999997
v 0.2375 0.8500000000000001 0.41875
v 0.3125 0.9 0.49374999999999997
v 0.3125 0.9 0.41875
v 0.2375 0.9 0.49374999999999997
v 0.2375 0.9 0.41875
vt 0.00390625 0.7421875
vt 0 0.7421875
vt 0 0.73828125
vt 0.00390625 0.73828125
vt 0.1015625 0.734375
vt 0.1015625 0.73828125
vt 0.09765625 0.73828125
vt 0.09765625 0.734375
vt 0.26171875 0.79296875
vt 0.265625 0.79296875
vt 0.265625 0.796875
vt 0.26171875 0.796875
vt 0.265625 0.734375
vt 0.265625 0.73828125
vt 0.26171875 0.73828125
vt 0.26171875 0.734375
vt 0.078125 0.7265625
vt 0.078125 0.73046875
vt 0.07421875 0.73046875
vt 0.07421875 0.7265625
vt 0.27734375 0.8203125
vt 0.2734375 0.8203125
vt 0.2734375 0.81640625
vt 0.27734375 0.81640625
vn 2.220446049250313e-16 -1 0
vn -2.220446049250313e-16 1 0
vn 1 2.220446049250313e-16 0
vn -1 -2.220446049250313e-16 0
vn 0 0 1
vn 0 0 -1
usemtl m_c04ff3ff-6f68-a1d6-5ef2-ffd6ff0a0417
f 520/1993/509 519/1994/509 521/1995/509 522/1996/509
f 525/1997/510 523/1998/510 524/1999/510 526/2000/510
f 523/2001/511 519/2002/511 520/2003/511 524/2004/511
f 522/2005/512 521/2006/512 525/2007/512 526/2008/512
f 521/2009/513 519/2010/513 523/2011/513 525/2012/513
f 524/2013/514 520/2014/514 522/2015/514 526/2016/514
o cuboid
v 0.3125 0.7250000000000001 0.49374999999999997
v 0.3125 0.7250000000000001 0.41875
v 0.2375 0.7250000000000001 0.49374999999999997
v 0.2375 0.7250000000000001 0.41875
v 0.3125 0.775 0.49374999999999997
v 0.3125 0.775 0.41875
v 0.2375 0.775 0.49374999999999997
v 0.2375 0.775 0.41875
vt 0.27734375 0.76953125
vt 0.2734375 0.76953125
vt 0.2734375 0.765625
vt 0.27734375 0.765625
vt 0.14453125 0.71484375
vt 0.14453125 0.71875
vt 0.140625 0.71875
vt 0.140625 0.71484375
vt 0.17578125 0.71484375
vt 0.1796875 0.71484375
vt 0.1796875 0.71875
vt 0.17578125 0.71875
vt 0.28515625 0.81640625
vt 0.28515625 0.8203125
vt 0.28125 0.8203125
vt 0.28125 0.81640625
vt 0.1875 0.71484375
vt 0.1875 0.71875
vt 0.18359375 0.71875
vt 0.18359375 0.71484375
vt 0.234375 0.71875
vt 0.23046875 0.71875
vt 0.23046875 0.71484375
vt 0.234375 0.71484375
vn 2.220446049250313e-16 -1 0
vn -2.220446049250313e-16 1 0
vn 1 2.220446049250313e-16 0
vn -1 -2.220446049250313e-16 0
vn 0 0 1
vn 0 0 -1
usemtl m_c04ff3ff-6f68-a1d6-5ef2-ffd6ff0a0417
f 528/2017/515 527/2018/515 529/2019/515 530/2020/515
f 533/2021/516 531/2022/516 532/2023/516 534/2024/516
f 531/2025/517 527/2026/517 528/2027/517 532/2028/517
f 530/2029/518 529/2030/518 533/2031/518 534/2032/518
f 529/2033/519 527/2034/519 531/2035/519 533/2036/519
f 532/2037/520 528/2038/520 530/2039/520 534/2040/520
o cuboid
v 0.3125 0.7250000000000001 -0.41875
v 0.3125 0.7250000000000001 -0.49374999999999997
v 0.2375 0.7250000000000001 -0.41875
v 0.2375 0.7250000000000001 -0.49374999999999997
v 0.3125 0.775 -0.41875
v 0.3125 0.775 -0.49374999999999997
v 0.2375 0.775 -0.41875
v 0.2375 0.775 -0.49374999999999997
vt 0.2421875 0.71875
vt 0.23828125 0.71875
vt 0.23828125 0.71484375
vt 0.2421875 0.71484375
vt 0.015625 0.7109375
vt 0.015625 0.71484375
vt 0.01171875 0.71484375
vt 0.01171875 0.7109375
vt 0.28515625 0.87890625
vt 0.2890625 0.87890625
vt 0.2890625 0.8828125
vt 0.28515625 0.8828125
vt 0.29296875 0.78125
vt 0.29296875 0.78515625
vt 0.2890625 0.78515625
vt 0.2890625 0.78125
vt 0.29296875 0.74609375
vt 0.29296875 0.75
vt 0.2890625 0.75
vt 0.2890625 0.74609375
vt 0.296875 0.8828125
vt 0.29296875 0.8828125
vt 0.29296875 0.87890625
vt 0.296875 0.87890625
vn 2.220446049250313e-16 -1 0
vn -2.220446049250313e-16 1 0
vn 1 2.220446049250313e-16 0
vn -1 -2.220446049250313e-16 0
vn 0 0 1
vn 0 0 -1
usemtl m_c04ff3ff-6f68-a1d6-5ef2-ffd6ff0a0417
f 536/2041/521 535/2042/521 537/2043/521 538/2044/521
f 541/2045/522 539/2046/522 540/2047/522 542/2048/522
f 539/2049/523 535/2050/523 536/2051/523 540/2052/523
f 538/2053/524 537/2054/524 541/2055/524 542/2056/524
f 537/2057/525 535/2058/525 539/2059/525 541/2060/525
f 540/2061/526 536/2062/526 538/2063/526 542/2064/526
o cuboid
v 0.3125 0.8500000000000001 -0.41875
v 0.3125 0.8500000000000001 -0.49374999999999997
v 0.2375 0.8500000000000001 -0.41875
v 0.2375 0.8500000000000001 -0.49374999999999997
v 0.3125 0.9 -0.41875
v 0.3125 0.9 -0.49374999999999997
v 0.2375 0.9 -0.41875
v 0.2375 0.9 -0.49374999999999997
vt 0.03125 0.6953125
vt 0.02734375 0.6953125
vt 0.02734375 0.69140625
vt 0.03125 0.69140625
vt 0.31640625 0.796875
vt 0.31640625 0.80078125
vt 0.3125 0.80078125
vt 0.3125 0.796875
vt 0.3203125 0.796875
vt 0.32421875 0.796875
vt 0.32421875 0.80078125
vt 0.3203125 0.80078125
vt 0.015625 0.671875
vt 0.015625 0.67578125
vt 0.01171875 0.67578125
vt 0.01171875 0.671875
vt 0.0234375 0.671875
vt 0.0234375 0.67578125
vt 0.01953125 0.67578125
vt 0.01953125 0.671875
vt 0.015625 0.66796875
vt 0.01171875 0.66796875
vt 0.01171875 0.6640625
vt 0.015625 0.6640625
vn 2.220446049250313e-16 -1 0
vn -2.220446049250313e-16 1 0
vn 1 2.220446049250313e-16 0
vn -1 -2.220446049250313e-16 0
vn 0 0 1
vn 0 0 -1
usemtl m_c04ff3ff-6f68-a1d6-5ef2-ffd6ff0a0417
f 544/2065/527 543/2066/527 545/2067/527 546/2068/527
f 549/2069/528 547/2070/528 548/2071/528 550/2072/528
f 547/2073/529 543/2074/529 544/2075/529 548/2076/529
f 546/2077/530 545/2078/530 549/2079/530 550/2080/530
f 545/2081/531 543/2082/531 547/2083/531 549/2084/531
f 548/2085/532 544/2086/532 546/2087/532 550/2088/532
o beveled_cuboid
v 0.8484375 1 0.234375
v 0.8484375 1 -0.234375
v 0.2765625 1 0.234375
v 0.2765625 1 -0.234375
v 0.8484375 0.5 0.234375
v 0.8484375 0.5 -0.234375
v 0.2765625 0.5 0.234375
v 0.2765625 0.5 -0.234375
v 0.18125000000000002 0.625 0.234375
v 0.18125000000000002 0.875 0.234375
v 0.18125000000000002 0.625 -0.234375
v 0.18125000000000002 0.875 -0.234375
v 0.94375 0.625 0.234375
v 0.94375 0.875 0.234375
v 0.94375 0.625 -0.234375
v 0.94375 0.875 -0.234375
v 0.8484375 0.625 -0.3125
v 0.8484375 0.875 -0.3125
v 0.2765625 0.625 -0.3125
v 0.2765625 0.875 -0.3125
v 0.8484375 0.625 0.3125
v 0.8484375 0.875 0.3125
v 0.2765625 0.625 0.3125
v 0.2765625 0.875 0.3125
vt 0.33203125 0.8828125
vt 0.30078125 0.8828125
vt 0.30078125 0.8671875
vt 0.33203125 0.8671875
vt 0.53125 0.7890625
vt 0.53125 0.8046875
vt 0.5 0.8046875
vt 0.5 0.7890625
vt 0.0546875 0.828125
vt 0.0546875 0.859375
vt 0.01953125 0.859375
vt 0.01953125 0.828125
vt 0.1015625 0.828125
vt 0.13671875 0.828125
vt 0.13671875 0.859375
vt 0.1015625 0.859375
vt 0.3834716796875 0.928287109375
vt 0.3834716796875 0.943912109375
vt 0.3477294921875 0.943912109375
vt 0.3477294921875 0.928287109375
vt 0.5280029296875 0.752505859375
vt 0.4922607421875 0.752505859375
vt 0.4922607421875 0.736880859375
vt 0.5280029296875 0.736880859375
vt 0.265625 1
vt 0.234375 1
vt 0.234375 0.98828125
vt 0.265625 0.98828125
vt 0.265625 0.94140625
vt 0.265625 0.953125
vt 0.234375 0.953125
vt 0.234375 0.94140625
vt 0.3834716796875 0.943912109375
vt 0.3834716796875 0.953125
vt 0.3477294921875 0.953125
vt 0.3477294921875 0.943912109375
vt 0.5280029296875 0.76171875
vt 0.4922607421875 0.76171875
vt 0.4922607421875 0.752505859375
vt 0.5280029296875 0.752505859375
vt 0.515625 0.98828125
vt 0.515625 0.9765625
vt 0.546875 0.9765625
vt 0.546875 0.98828125
vt 0.515625 0.9609375
vt 0.546875 0.9609375
vt 0.546875 0.97265625
vt 0.515625 0.97265625
vt 0.3477294921875 0.9190742187500001
vt 0.3834716796875 0.9190742187500001
vt 0.3834716796875 0.928287109375
vt 0.3477294921875 0.928287109375
vt 0.4922607421875 0.736880859375
vt 0.4922607421875 0.7276679687500001
vt 0.5280029296875 0.7276679687500001
vt 0.5280029296875 0.736880859375
vt 0.0859375 0.7374164062499999
vt 0.093640234375 0.7374164062499999
vt 0.093640234375 0.7530414062499999
vt 0.0859375 0.7530414062499999
vt 0.375109765625 0.5928851562499999
vt 0.375109765625 0.5772601562499999
vt 0.3828125 0.5772601562499999
vt 0.3828125 0.5928851562499999
vt 0.296984765625 0.47569765625000004
vt 0.296984765625 0.46007265625000004
vt 0.3046875 0.46007265625000004
vt 0.3046875 0.47569765625000004
vt 0.2578125 0.45616640625000004
vt 0.265515234375 0.45616640625000004
vt 0.265515234375 0.47179140625000004
vt 0.2578125 0.47179140625000004
vt 0.378205078125 0.5685828125
vt 0.3828125 0.5772601562499999
vt 0.375109765625 0.5772601562499999
vt 0.262419921875 0.4474890625
vt 0.265515234375 0.45616640625000004
vt 0.2578125 0.45616640625000004
vt 0.090544921875 0.7287390625
vt 0.093640234375 0.7374164062499999
vt 0.0859375 0.7374164062499999
vt 0.300080078125 0.4513953125
vt 0.3046875 0.46007265625000004
vt 0.296984765625 0.46007265625000004
vt 0.378205078125 0.6015625
vt 0.375109765625 0.5928851562499999
vt 0.3828125 0.5928851562499999
vt 0.262419921875 0.48046875
vt 0.2578125 0.47179140625000004
vt 0.265515234375 0.47179140625000004
vt 0.090544921875 0.76171875
vt 0.0859375 0.7530414062499999
vt 0.093640234375 0.7530414062499999
vt 0.300080078125 0.484375
vt 0.296984765625 0.47569765625000004
vt 0.3046875 0.47569765625000004
vn 1 0 0
vn -1 0 0
vn 0 1 0
vn 0 -1 0
vn 0 0 1
vn 0 0 -1
vn 0.7952034847483465 0.606342657120614 0
vn -0.7952034847483465 0.606342657120614 0
vn 0 0.52999894000318 0.8479983040050881
vn 0 0.52999894000318 -0.8479983040050881
vn 0.7952034847483465 -0.606342657120614 0
vn -0.7952034847483465 -0.606342657120614 0
vn 0 -0.52999894000318 0.8479983040050881
vn 0 -0.52999894000318 -0.8479983040050881
vn 0.6339279548854204 0 -0.7733921049602126
vn 0.6339279548854204 0 0.7733921049602126
vn -0.6339279548854204 0 -0.7733921049602126
vn -0.6339279548854204 0 0.7733921049602126
vn 0.5707481559913781 -0.4351954689434256 0.6963127503094809
vn -0.5707481559913781 -0.4351954689434256 0.6963127503094809
vn 0.5707481559913781 -0.4351954689434256 -0.6963127503094809
vn -0.5707481559913781 -0.4351954689434256 -0.6963127503094809
vn 0.5707481559913781 0.4351954689434256 0.6963127503094809
vn -0.5707481559913781 0.4351954689434256 0.6963127503094809
vn 0.5707481559913781 0.4351954689434256 -0.6963127503094809
vn -0.5707481559913781 0.4351954689434256 -0.6963127503094809
usemtl m_c04ff3ff-6f68-a1d6-5ef2-ffd6ff0a0417
f 566/2089/533 564/2090/533 563/2091/533 565/2092/533
f 559/2093/534 560/2094/534 562/2095/534 561/2096/534
f 551/2097/535 552/2098/535 554/2099/535 553/2100/535
f 558/2101/536 556/2102/536 555/2103/536 557/2104/536
f 571/2105/537 572/2106/537 574/2107/537 573/2108/537
f 570/2109/538 568/2110/538 567/2111/538 569/2112/538
f 552/2113/539 551/2114/539 564/2115/539 566/2116/539
f 560/2117/540 553/2118/540 554/2119/540 562/2120/540
f 572/2121/541 551/2122/541 553/2123/541 574/2124/541
f 554/2125/542 552/2126/542 568/2127/542 570/2128/542
f 563/2129/543 555/2130/543 556/2131/543 565/2132/543
f 558/2133/544 557/2134/544 559/2135/544 561/2136/544
f 557/2137/545 555/2138/545 571/2139/545 573/2140/545
f 567/2141/546 556/2142/546 558/2143/546 569/2144/546
f 565/2145/547 567/2146/547 568/2147/547 566/2148/547
f 572/2149/548 571/2150/548 563/2151/548 564/2152/548
f 570/2153/549 569/2154/549 561/2155/549 562/2156/549
f 559/2157/550 573/2158/550 574/2159/550 560/2160/550
f 555/2161/551 563/2162/551 571/2163/551
f 557/2164/552 573/2165/552 559/2166/552
f 556/2167/553 567/2168/553 565/2169/553
f 558/2170/554 561/2171/554 569/2172/554
f 551/2173/555 572/2174/555 564/2175/555
f 553/2176/556 560/2177/556 574/2178/556
f 552/2179/557 566/2180/557 568/2181/557
f 554/2182/558 570/2183/558 562/2184/558
o pyramid
v 0.35607787137382907 1.8355973490458726 0
v 1.3709568667224796 1.2448970233306131 0.43125
v 1.3709568667224796 1.2448970233306131 -0.43125
v -0.7459568667224796 1.4301029766693867 0.43125
v -0.7459568667224796 1.4301029766693867 -0.43125
vt 0.1328125 0.88671875
vt 0.1328125 0.94140625
vt 0 0.94140625
vt 0 0.88671875
vt 0.152433515625 0.73727390625
vt 0.203035234375 0.7186904296875001
vt 0.203035234375 0.796875
vt 0.15234375 0.8024820312500001
vt 0.28515625 0.8024820312500001
vt 0.21875 0.84375
vt 0.1640625 0.8649820312500001
vt 0.296875 0.8649820312500001
vt 0.23046875 0.90625
vt 0.207121015625 0.73727390625
vt 0.257722734375 0.7186904296875001
vt 0.257722734375 0.796875
vn -0.08715574274765818 -0.9961946980917455 0
vn 0.5030368960973042 0.8642649369058021 0
vn 0.05692375555320191 0.6506415032426992 0.7572485195177341
vn 0.05692375555320191 0.6506415032426992 -0.7572485195177341
vn -0.3453166040127046 0.9384862508279667 0
usemtl m_c04ff3ff-6f68-a1d6-5ef2-ffd6ff0a0417
f 577/2185/559 576/2186/559 578/2187/559 579/2188/559
f 576/2189/560 577/2190/560 575/2191/560
f 578/2192/561 576/2193/561 575/2194/561
f 577/2195/562 579/2196/562 575/2197/562
f 579/2198/563 578/2199/563 575/2200/563
o beveled_cuboid
v 1.130561425761042 1.6397091255296 0.09375
v 1.130561425761042 1.6397091255296 -0.09375
v 0.40633261628660716 1.8680575920281575 0.09375
v 0.40633261628660716 1.8680575920281575 -0.09375
v 1.0065202834655294 1.2463008833459563 0.09375
v 1.0065202834655294 1.2463008833459563 -0.09375
v 0.2822914739910945 1.4746493498445137 0.09375
v 0.2822914739910945 1.4746493498445137 -0.09375
v 0.1925969579859002 1.6110594881401843 0.09375
v 0.25461752913365654 1.807763609232006 0.09375
v 0.1925969579859002 1.6110594881401843 -0.09375
v 0.25461752913365654 1.807763609232006 -0.09375
v 1.1582353706184798 1.3065948661421076 0.09375
v 1.2202559417662364 1.5032989872339295 0.09375
v 1.1582353706184798 1.3065948661421076 -0.09375
v 1.2202559417662364 1.5032989872339295 -0.09375
v 1.0375305690394074 1.3446529438918673 -0.125
v 1.0995511401871638 1.5413570649836892 -0.125
v 0.3133017595649727 1.5730014103904246 -0.125
v 0.375322330712729 1.7697055314822463 -0.125
v 1.0375305690394074 1.3446529438918673 0.125
v 1.0995511401871638 1.5413570649836892 0.125
v 0.3133017595649727 1.5730014103904246 0.125
v 0.375322330712729 1.7697055314822463 0.125
vt 0.26953125 0.984375
vt 0.2578125 0.984375
vt 0.2578125 0.97265625
vt 0.26953125 0.97265625
vt 0.26953125 0.92578125
vt 0.26953125 0.9375
vt 0.2578125 0.9375
vt 0.2578125 0.92578125
vt 0.52734375 0.66796875
vt 0.52734375 0.6796875
vt 0.48046875 0.6796875
vt 0.48046875 0.66796875
vt 0.5 0.921875
vt 0.546875 0.921875
vt 0.546875 0.93359375
vt 0.5 0.93359375
vt 0.516650390625 0.644437109375
vt 0.516650390625 0.6573277343749999
vt 0.469189453125 0.6573277343749999
vt 0.469189453125 0.644437109375
vt 0.528369140625 0.7042027343749999
vt 0.480908203125 0.7042027343749999
vt 0.480908203125 0.691312109375
vt 0.528369140625 0.691312109375
vt 0.0625 0.6796875
vt 0.05078125 0.6796875
vt 0.05078125 0.66796875
vt 0.0625 0.66796875
vt 0.20703125 0.640625
vt 0.20703125 0.65234375
vt 0.1953125 0.65234375
vt 0.1953125 0.640625
vt 0.516650390625 0.6573277343749999
vt 0.516650390625 0.6640625
vt 0.469189453125 0.6640625
vt 0.469189453125 0.6573277343749999
vt 0.528369140625 0.7109375
vt 0.480908203125 0.7109375
vt 0.480908203125 0.7042027343749999
vt 0.528369140625 0.7042027343749999
vt 0.35546875 0.6484375
vt 0.35546875 0.63671875
vt 0.3671875 0.63671875
vt 0.3671875 0.6484375
vt 0.3359375 0.6015625
vt 0.34765625 0.6015625
vt 0.34765625 0.61328125
vt 0.3359375 0.61328125
vt 0.469189453125 0.63770234375
vt 0.516650390625 0.63770234375
vt 0.516650390625 0.644437109375
vt 0.469189453125 0.644437109375
vt 0.480908203125 0.691312109375
vt 0.480908203125 0.68457734375
vt 0.528369140625 0.68457734375
vt 0.528369140625 0.691312109375
vt 0.47276015625 0.691312109375
vt 0.480908203125 0.691312109375
vt 0.480908203125 0.7042027343749999
vt 0.47276015625 0.7042027343749999
vt 0.516650390625 0.6573277343749999
vt 0.516650390625 0.644437109375
vt 0.5247984375 0.644437109375
vt 0.5247984375 0.6573277343749999
vt 0.528369140625 0.7042027343749999
vt 0.528369140625 0.691312109375
vt 0.5365171875 0.691312109375
vt 0.5365171875 0.7042027343749999
vt 0.46104140625 0.644437109375
vt 0.469189453125 0.644437109375
vt 0.469189453125 0.6573277343749999
vt 0.46104140625 0.6573277343749999
vt 0.51711875 0.63771875
vt 0.5247984375 0.644437109375
vt 0.516650390625 0.644437109375
vt 0.46872109375 0.63771875
vt 0.469189453125 0.644437109375
vt 0.46104140625 0.644437109375
vt 0.480908203125 0.6845774609374999
vt 0.480908203125 0.691312109375
vt 0.4727798828125 0.69074546875
vt 0.528369140625 0.68457734375
vt 0.5364974609375 0.6907453515624999
vt 0.528369140625 0.6913119921875
vt 0.51711875 0.66404609375
vt 0.516650390625 0.6573277343749999
vt 0.5247984375 0.6573277343749999
vt 0.46872109375 0.66404609375
vt 0.46104140625 0.6573277343749999
vt 0.469189453125 0.6573277343749999
vt 0.480908203125 0.7109375
vt 0.4727798828125 0.7047694921875001
vt 0.480908203125 0.7042028515625001
vt 0.528369140625 0.7109375
vt 0.528369140625 0.7042028515625001
vt 0.5364974609375 0.7047694921875001
vn 0.9537169507482269 -0.30070579950427306 0
vn -0.9537169507482269 0.30070579950427306 0
vn 0.30070579950427306 0.9537169507482269 0
vn -0.30070579950427306 -0.9537169507482269 0
vn 0 0 1
vn 0 0 -1
vn 0.8355548569762412 0.5494070266964313 0
vn -0.3693195447289211 0.9293024663053588 0
vn 0.08720690566068742 0.2765849687236153 0.9570244044334735
vn 0.08720690566068742 0.2765849687236153 -0.9570244044334735
vn 0.36931954472892126 -0.9293024663053587 0
vn -0.8355548569762412 -0.5494070266964312 0
vn -0.0872069056606874 -0.2765849687236152 0.9570244044334736
vn -0.0872069056606874 -0.2765849687236152 -0.9570244044334736
vn 0.22861971570390216 -0.07208351947529786 -0.9708434435126609
vn 0.22861971570390216 -0.07208351947529786 0.9708434435126609
vn -0.22861971570390216 0.07208351947529786 -0.9708434435126609
vn -0.22861971570390216 0.07208351947529786 0.9708434435126609
vn 0.13445569266300667 -0.33832492372490075 0.9313742065877986
vn -0.3041948595900623 -0.20001893585841088 0.9313742065877986
vn 0.13445569266300667 -0.33832492372490075 -0.9313742065877986
vn -0.3041948595900623 -0.20001893585841088 -0.9313742065877986
vn 0.3041948595900623 0.20001893585841102 0.9313742065877985
vn -0.13445569266300658 0.33832492372490086 0.9313742065877985
vn 0.3041948595900623 0.20001893585841102 -0.9313742065877985
vn -0.13445569266300658 0.33832492372490086 -0.9313742065877985
usemtl m_c04ff3ff-6f68-a1d6-5ef2-ffd6ff0a0417
f 595/2201/564 593/2202/564 592/2203/564 594/2204/564
f 588/2205/565 589/2206/565 591/2207/565 590/2208/565
f 580/2209/566 581/2210/566 583/2211/566 582/2212/566
f 587/2213/567 585/2214/567 584/2215/567 586/2216/567
f 600/2217/568 601/2218/568 603/2219/568 602/2220/568
f 599/2221/569 597/2222/569 596/2223/569 598/2224/569
f 581/2225/570 580/2226/570 593/2227/570 595/2228/570
f 589/2229/571 582/2230/571 583/2231/571 591/2232/571
f 601/2233/572 580/2234/572 582/2235/572 603/2236/572
f 583/2237/573 581/2238/573 597/2239/573 599/2240/573
f 592/2241/574 584/2242/574 585/2243/574 594/2244/574
f 587/2245/575 586/2246/575 588/2247/575 590/2248/575
f 586/2249/576 584/2250/576 600/2251/576 602/2252/576
f 596/2253/577 585/2254/577 587/2255/577 598/2256/577
f 594/2257/578 596/2258/578 597/2259/578 595/2260/578
f 601/2261/579 600/2262/579 592/2263/579 593/2264/579
f 599/2265/580 598/2266/580 590/2267/580 591/2268/580
f 588/2269/581 602/2270/581 603/2271/581 589/2272/581
f 584/2273/582 592/2274/582 600/2275/582
f 586/2276/583 602/2277/583 588/2278/583
f 585/2279/584 596/2280/584 594/2281/584
f 587/2282/585 590/2283/585 598/2284/585
f 580/2285/586 601/2286/586 593/2287/586
f 582/2288/587 589/2289/587 603/2290/587
f 581/2291/588 595/2292/588 597/2293/588
f 583/2294/589 599/2295/589 591/2296/589
o cuboid
v 1.4812500000000002 -0.006249999999999922 0.45
v 1.4812500000000002 -0.006249999999999922 0.22500000000000003
v 1.40625 -0.00624999999999995 0.45
v 1.40625 -0.00624999999999995 0.22500000000000003
v 1.4812500000000002 0.14375000000000007 0.45
v 1.4812500000000002 0.14375000000000007 0.22500000000000003
v 1.40625 0.14375000000000004 0.45
v 1.40625 0.14375000000000004 0.22500000000000003
vt 0.046875 0.8671875
vt 0.03125 0.8671875
vt 0.03125 0.86328125
vt 0.046875 0.86328125
vt 0.12890625 0.86328125
vt 0.12890625 0.8671875
vt 0.11328125 0.8671875
vt 0.11328125 0.86328125
vt 0.1640625 0.58984375
vt 0.171875 0.58984375
vt 0.171875 0.60546875
vt 0.1640625 0.60546875
vt 0.421875 0.76171875
vt 0.421875 0.77734375
vt 0.4140625 0.77734375
vt 0.4140625 0.76171875
vt 0.24609375 0.79296875
vt 0.24609375 0.796875
vt 0.23828125 0.796875
vt 0.23828125 0.79296875
vt 0.21484375 0.76171875
vt 0.20703125 0.76171875
vt 0.20703125 0.7578125
vt 0.21484375 0.7578125
vn 2.220446049250313e-16 -1 0
vn -2.220446049250313e-16 1 0
vn 1 2.220446049250313e-16 0
vn -1 -2.220446049250313e-16 0
vn 0 0 1
vn 0 0 -1
usemtl m_c04ff3ff-6f68-a1d6-5ef2-ffd6ff0a0417
f 605/2297/590 604/2298/590 606/2299/590 607/2300/590
f 610/2301/591 608/2302/591 609/2303/591 611/2304/591
f 608/2305/592 604/2306/592 605/2307/592 609/2308/592
f 607/2309/593 606/2310/593 610/2311/593 611/2312/593
f 606/2313/594 604/2314/594 608/2315/594 610/2316/594
f 609/2317/595 605/2318/595 607/2319/595 611/2320/595
o cuboid
v 1.4812500000000002 0.14375000000000007 0.32499999999999996
v 1.4812500000000002 0.14375000000000007 -0.0875
v 1.40625 0.14375000000000004 0.32499999999999996
v 1.40625 0.14375000000000004 -0.0875
v 1.4812500000000002 0.24375000000000008 0.32499999999999996
v 1.4812500000000002 0.24375000000000008 -0.0875
v 1.40625 0.24375000000000005 0.32499999999999996
v 1.40625 0.24375000000000005 -0.0875
vt 0.34375 0.5546875
vt 0.31640625 0.5546875
vt 0.31640625 0.55078125
vt 0.34375 0.55078125
vt 0.55859375 0.65234375
vt 0.55859375 0.65625
vt 0.53125 0.65625
vt 0.53125 0.65234375
vt 0 0.65234375
vt 0.0078125 0.65234375
vt 0.0078125 0.6796875
vt 0 0.6796875
vt 0.33203125 0.5859375
vt 0.33203125 0.61328125
vt 0.32421875 0.61328125
vt 0.32421875 0.5859375
vt 0.25390625 0.98046875
vt 0.25390625 0.984375
vt 0.24609375 0.984375
vt 0.24609375 0.98046875
vt 0.25390625 0.9375
vt 0.24609375 0.9375
vt 0.24609375 0.93359375
vt 0.25390625 0.93359375
vn 2.220446049250313e-16 -1 0
vn -2.220446049250313e-16 1 0
vn 1 2.220446049250313e-16 0
vn -1 -2.220446049250313e-16 0
vn 0 0 1
vn 0 0 -1
usemtl m_c04ff3ff-6f68-a1d6-5ef2-ffd6ff0a0417
f 613/2321/596 612/2322/596 614/2323/596 615/2324/596
f 618/2325/597 616/2326/597 617/2327/597 619/2328/597
f 616/2329/598 612/2330/598 613/2331/598 617/2332/598
f 615/2333/599 614/2334/599 618/2335/599 619/2336/599
f 614/2337/600 612/2338/600 616/2339/600 618/2340/600
f 617/2341/601 613/2342/601 615/2343/601 619/2344/601
o cuboid
v 1.4937500000000001 0.15625000000000008 -0.125
v 1.4937500000000001 0.15625000000000008 -0.2
v 1.39375 0.15625000000000006 -0.125
v 1.39375 0.15625000000000006 -0.2
v 1.4937500000000001 0.24375000000000008 -0.125
v 1.4937500000000001 0.24375000000000008 -0.2
v 1.39375 0.24375000000000005 -0.125
v 1.39375 0.24375000000000005 -0.2
vt 0.00390625 0.8828125
vt 0 0.8828125
vt 0 0.875
vt 0.00390625 0.875
vt 0.08203125 0.8671875
vt 0.08203125 0.875
vt 0.078125 0.875
vt 0.078125 0.8671875
vt 0.13671875 0.98046875
vt 0.140625 0.98046875
vt 0.140625 0.984375
vt 0.13671875 0.984375
vt 0.140625 0.93359375
vt 0.140625 0.9375
vt 0.13671875 0.9375
vt 0.13671875 0.93359375
vt 0.0625 0.84375
vt 0.0625 0.8515625
vt 0.05859375 0.8515625
vt 0.05859375 0.84375
vt 0.14453125 0.8515625
vt 0.140625 0.8515625
vt 0.140625 0.84375
vt 0.14453125 0.84375
vn 2.220446049250313e-16 -1 0
vn -2.220446049250313e-16 1 0
vn 1 2.220446049250313e-16 0
vn -1 -2.220446049250313e-16 0
vn 0 0 1
vn 0 0 -1
usemtl m_c04ff3ff-6f68-a1d6-5ef2-ffd6ff0a0417
f 621/2345/602 620/2346/602 622/2347/602 623/2348/602
f 626/2349/603 624/2350/603 625/2351/603 627/2352/603
f 624/2353/604 620/2354/604 621/2355/604 625/2356/604
f 623/2357/605 622/2358/605 626/2359/605 627/2360/605
f 622/2361/606 620/2362/606 624/2363/606 626/2364/606
f 625/2365/607 621/2366/607 623/2367/607 627/2368/607
o beveled_cuboid
v 0.3125 1.1875 0.3609375
v 0.3125 1.1875 -0.3609375
v -0.4375 1.1875 0.3609375
v -0.4375 1.1875 -0.3609375
v 0.3125 0.4375 0.3609375
v 0.3125 0.4375 -0.3609375
v -0.4375 0.4375 0.3609375
v -0.4375 0.4375 -0.3609375
v -0.5625 0.625 0.3609375
v -0.5625 1 0.3609375
v -0.5625 0.625 -0.3609375
v -0.5625 1 -0.3609375
v 0.4375 0.625 0.3609375
v 0.4375 1 0.3609375
v 0.4375 0.625 -0.3609375
v 0.4375 1 -0.3609375
v 0.3125 0.625 -0.48125
v 0.3125 1 -0.48125
v -0.4375 0.625 -0.48125
v -0.4375 1 -0.48125
v 0.3125 0.625 0.48125
v 0.3125 1 0.48125
v -0.4375 0.625 0.48125
v -0.4375 1 0.48125
vt 0.4865478515625 0.755447265625
vt 0.4414306640625 0.755447265625
vt 0.4414306640625 0.732009765625
vt 0.4865478515625 0.732009765625
vt 0.2599853515625 0.517166015625
vt 0.2599853515625 0.540603515625
vt 0.2148681640625 0.540603515625
vt 0.2148681640625 0.517166015625
vt 0.3125 0.5078125
vt 0.3125 0.5546875
vt 0.265625 0.5546875
vt 0.265625 0.5078125
vt 0.44921875 0.79296875
vt 0.49609375 0.79296875
vt 0.49609375 0.83984375
vt 0.44921875 0.83984375
vt 0.484375 0.568107421875
vt 0.484375 0.591544921875
vt 0.4375 0.591544921875
vt 0.4375 0.568107421875
vt 0.1015625 0.544669921875
vt 0.0546875 0.544669921875
vt 0.0546875 0.521232421875
vt 0.1015625 0.521232421875
vt 0.4865478515625 0.76953125
vt 0.4414306640625 0.76953125
vt 0.4414306640625 0.755447265625
vt 0.4865478515625 0.755447265625
vt 0.2599853515625 0.540603515625
vt 0.2599853515625 0.5546875
vt 0.2148681640625 0.5546875
vt 0.2148681640625 0.540603515625
vt 0.484375 0.591544921875
vt 0.484375 0.60546875
vt 0.4375 0.60546875
vt 0.4375 0.591544921875
vt 0.1015625 0.55859375
vt 0.0546875 0.55859375
vt 0.0546875 0.544669921875
vt 0.1015625 0.544669921875
vt 0.4414306640625 0.732009765625
vt 0.4414306640625 0.717925390625
vt 0.4865478515625 0.717925390625
vt 0.4865478515625 0.732009765625
vt 0.2148681640625 0.503081640625
vt 0.2599853515625 0.503081640625
vt 0.2599853515625 0.517166015625
vt 0.2148681640625 0.517166015625
vt 0.4375 0.5541835937499999
vt 0.484375 0.5541835937499999
vt 0.484375 0.568107421875
vt 0.4375 0.568107421875
vt 0.0546875 0.521232421875
vt 0.0546875 0.5073085937499999
vt 0.1015625 0.5073085937499999
vt 0.1015625 0.521232421875
vt 0.34765625 0.46755820312499996
vt 0.358499609375 0.46755820312499996
vt 0.358499609375 0.49099570312499996
vt 0.34765625 0.49099570312499996
vt 0.21108046875 0.48318320312499996
vt 0.21108046875 0.45974570312499996
vt 0.221923828125 0.45974570312499996
vt 0.221923828125 0.48318320312499996
vt 0.22670546875 0.48318320312499996
vt 0.22670546875 0.45974570312499996
vt 0.237548828125 0.45974570312499996
vt 0.237548828125 0.48318320312499996
vt 0.2421875 0.45974570312499996
vt 0.253030859375 0.45974570312499996
vt 0.253030859375 0.48318320312499996
vt 0.2421875 0.48318320312499996
vt 0.216294921875 0.44683515625000003
vt 0.221923828125 0.45974570312499996
vt 0.21108046875 0.45974570312499996
vt 0.24781640625 0.44683515625000003
vt 0.253030859375 0.45974570312499996
vt 0.2421875 0.45974570312499996
vt 0.35328515625 0.45464765625000003
vt 0.358499609375 0.46755820312499996
vt 0.34765625 0.46755820312499996
vt 0.231919921875 0.44683515625000003
vt 0.237548828125 0.45974570312499996
vt 0.22670546875 0.45974570312499996
vt 0.216294921875 0.49609375
vt 0.21108046875 0.48318320312499996
vt 0.221923828125 0.48318320312499996
vt 0.24781640625 0.49609375
vt 0.2421875 0.48318320312499996
vt 0.253030859375 0.48318320312499996
vt 0.35328515625 0.50390625
vt 0.34765625 0.49099570312499996
vt 0.358499609375 0.49099570312499996
vt 0.231919921875 0.49609375
vt 0.22670546875 0.48318320312499996
vt 0.237548828125 0.48318320312499996
vn 1 0 0
vn -1 0 0
vn 0 1 0
vn 0 -1 0
vn 0 0 1
vn 0 0 -1
vn 0.8320502943378437 0.5547001962252291 0
vn -0.8320502943378437 0.5547001962252291 0
vn 0 0.5400484416668064 0.8416339350651529
vn 0 0.5400484416668064 -0.8416339350651529
vn 0.8320502943378437 -0.5547001962252291 0
vn -0.8320502943378437 -0.5547001962252291 0
vn 0 -0.5400484416668064 0.8416339350651529
vn 0 -0.5400484416668064 -0.8416339350651529
vn 0.6934685963587518 0 -0.7204868533597423
vn 0.6934685963587518 0 0.7204868533597423
vn -0.6934685963587518 0 -0.7204868533597423
vn -0.6934685963587518 0 0.7204868533597423
vn 0.6294558339517607 -0.41963722263450715 0.6539800872226086
vn -0.6294558339517607 -0.41963722263450715 0.6539800872226086
vn 0.6294558339517607 -0.41963722263450715 -0.6539800872226086
vn -0.6294558339517607 -0.41963722263450715 -0.6539800872226086
vn 0.6294558339517607 0.41963722263450715 0.6539800872226086
vn -0.6294558339517607 0.41963722263450715 0.6539800872226086
vn 0.6294558339517607 0.41963722263450715 -0.6539800872226086
vn -0.6294558339517607 0.41963722263450715 -0.6539800872226086
usemtl m_c04ff3ff-6f68-a1d6-5ef2-ffd6ff0a0417
f 643/2369/608 641/2370/608 640/2371/608 642/2372/608
f 636/2373/609 637/2374/609 639/2375/609 638/2376/609
f 628/2377/610 629/2378/610 631/2379/610 630/2380/610
f 635/2381/611 633/2382/611 632/2383/611 634/2384/611
f 648/2385/612 649/2386/612 651/2387/612 650/2388/612
f 647/2389/613 645/2390/613 644/2391/613 646/2392/613
f 629/2393/614 628/2394/614 641/2395/614 643/2396/614
f 637/2397/615 630/2398/615 631/2399/615 639/2400/615
f 649/2401/616 628/2402/616 630/2403/616 651/2404/616
f 631/2405/617 629/2406/617 645/2407/617 647/2408/617
f 640/2409/618 632/2410/618 633/2411/618 642/2412/618
f 635/2413/619 634/2414/619 636/2415/619 638/2416/619
f 634/2417/620 632/2418/620 648/2419/620 650/2420/620
f 644/2421/621 633/2422/621 635/2423/621 646/2424/621
f 642/2425/622 644/2426/622 645/2427/622 643/2428/622
f 649/2429/623 648/2430/623 640/2431/623 641/2432/623
f 647/2433/624 646/2434/624 638/2435/624 639/2436/624
f 636/2437/625 650/2438/625 651/2439/625 637/2440/625
f 632/2441/626 640/2442/626 648/2443/626
f 634/2444/627 650/2445/627 636/2446/627
f 633/2447/628 644/2448/628 642/2449/628
f 635/2450/629 638/2451/629 646/2452/629
f 628/2453/630 649/2454/630 641/2455/630
f 630/2456/631 637/2457/631 651/2458/631
f 629/2459/632 643/2460/632 645/2461/632
f 631/2462/633 647/2463/633 639/2464/633